Unnamed: 0_level_0_Rk,Unnamed: 1_level_0_Player,Unnamed: 2_level_0_Nation,Unnamed: 3_level_0_Pos,Unnamed: 4_level_0_Squad,Unnamed: 5_level_0_Age,Unnamed: 6_level_0_Born,Playing Time_MP,Playing Time_Starts,Playing Time_Min,Playing Time_90s,Performance_Gls,Performance_Ast,Performance_G+A,Performance_G-PK,Performance_PK,Performance_PKatt,Performance_CrdY,Performance_CrdR,Per 90 Minutes_Gls,Per 90 Minutes_Ast,Per 90 Minutes_G+A,Per 90 Minutes_G-PK,Per 90 Minutes_G+A-PK,Unnamed: 24_level_0_Matches,league_tag,season_tag,Standard_Sh,Standard_SoT,Standard_SoT%,Standard_Sh/90,Standard_SoT/90,Standard_G/Sh,Standard_G/SoT,Performance_GA,Performance_GA90,Performance_SoTA,Performance_Saves,Performance_Save%,Performance_CS,Performance_CS%,Penalty Kicks_Save%
1,James Abankwah,ie IRL,DF,Watford,21,2004,31,30,2596,28.8,1,0,1,1,0,0,5,1,0.03,0.00,0.03,0.03,0.03,Matches,Championship,2025-26,11,1,9.1,0.38,0.03,0.09,1.00,,,,,,,,
2,Ebou Adams,gm GAM,MF,Derby County,29,1996,23,16,1506,16.7,1,0,1,1,0,0,7,0,0.06,0.00,0.06,0.06,0.06,Matches,Championship,2025-26,9,1,11.1,0.54,0.06,0.11,1.00,,,,,,,,
3,Ebou Adams,gm GAM,MF,Portsmouth,29,1996,16,14,1234,13.7,2,1,3,2,0,0,3,0,0.15,0.07,0.22,0.15,0.22,Matches,Championship,2025-26,27,6,22.2,1.97,0.44,0.07,0.33,,,,,,,,
4,Kealey Adamson,au AUS,DF,QPR,22,2003,7,1,223,2.5,0,0,0,0,0,0,1,0,0.00,0.00,0.00,0.00,0.00,Matches,Championship,2025-26,4,0,0.0,1.61,0.00,0.00,,,,,,,,,
5,Tayo Adaramola,ie IRL,"MF,DF",Sheffield Weds,21,2003,16,15,1328,14.8,0,1,1,0,0,0,2,0,0.00,0.07,0.07,0.00,0.07,Matches,Championship,2025-26,5,3,60.0,0.34,0.20,0.00,0.00,,,,,,,,
6,Dapo Afolayan,eng ENG,MF,Blackburn,27,1997,8,1,164,1.8,0,0,0,0,0,0,0,0,0.00,0.00,0.00,0.00,0.00,Matches,Championship,2025-26,1,0,0.0,0.55,0.00,0.00,,,,,,,,,
7,Sydney Agina,ke KEN,DF,Stoke City,17,2007,5,3,255,2.8,0,0,0,0,0,0,1,0,0.00,0.00,0.00,0.00,0.00,Matches,Championship,2025-26,0,0,,0.00,0.00,,,,,,,,,,
8,Patrick Agyemang,us USA,"FW,MF",Derby County,24,2000,37,33,2740,30.4,10,3,13,10,0,0,6,0,0.33,0.10,0.43,0.33,0.43,Matches,Championship,2025-26,85,31,36.5,2.79,1.02,0.12,0.32,,,,,,,,
9,Ali Ahmed,ca CAN,MF,Norwich City,24,2000,19,16,1304,14.5,4,3,7,4,0,0,1,0,0.28,0.21,0.48,0.28,0.48,Matches,Championship,2025-26,23,8,34.8,1.59,0.55,0.17,0.50,,,,,,,,
10,Semi Ajayi,ng NGA,DF,Hull City,31,1993,22,18,1656,18.4,1,1,2,1,0,0,2,0,0.05,0.05,0.11,0.05,0.11,Matches,Championship,2025-26,12,5,41.7,0.65,0.27,0.08,0.20,,,,,,,,
11,Babajide Akintola,ng NGA,MF,Hull City,29,1996,20,5,510,5.7,1,2,3,1,0,0,4,0,0.18,0.35,0.53,0.18,0.53,Matches,Championship,2025-26,10,4,40.0,1.76,0.71,0.10,0.25,,,,,,,,
12,Chuba Akpom,eng ENG,"MF,FW",Ipswich Town,29,1995,29,7,900,10.0,2,0,2,2,0,0,1,0,0.20,0.00,0.20,0.20,0.20,Matches,Championship,2025-26,22,8,36.4,2.20,0.80,0.09,0.25,,,,,,,,
13,Yisa Alao,,MF,Sheffield Weds,,,2,1,63,0.7,0,0,0,0,0,0,0,0,0.00,0.00,0.00,0.00,0.00,Matches,Championship,2025-26,0,0,,0.00,0.00,,,,,,,,,,
14,Ryan Alebiosu,ng NGA,"MF,DF",Blackburn,23,2001,39,37,3195,35.5,1,5,6,1,0,0,4,0,0.03,0.14,0.17,0.03,0.17,Matches,Championship,2025-26,23,5,21.7,0.65,0.14,0.04,0.20,,,,,,,,
15,Isak Alemayehu,se SWE,MF,QPR,18,2006,1,0,11,0.1,0,0,0,0,0,0,0,0,0.00,0.00,0.00,0.00,0.00,Matches,Championship,2025-26,0,0,,0.00,0.00,,,,,,,,,,
16,Ajibola Alese,eng ENG,DF,Portsmouth,24,2001,1,0,5,0.1,0,0,0,0,0,0,1,0,0.00,0.00,0.00,0.00,0.00,Matches,Championship,2025-26,0,0,,0.00,0.00,,,,,,,,,,
17,Cruz Allen,wls WAL,MF,Derby County,18,2007,3,0,7,0.1,0,0,0,0,0,0,0,0,0.00,0.00,0.00,0.00,0.00,Matches,Championship,2025-26,0,0,,0.00,0.00,,,,,,,,,,
18,Jamie Allen,eng ENG,MF,Coventry City,30,1995,23,4,586,6.5,1,2,3,1,0,0,0,0,0.15,0.31,0.46,0.15,0.46,Matches,Championship,2025-26,6,2,33.3,0.92,0.31,0.17,0.50,,,,,,,,
19,Max Alleyne,eng ENG,DF,Watford,20,2005,16,14,1264,14.0,0,0,0,0,0,0,2,0,0.00,0.00,0.00,0.00,0.00,Matches,Championship,2025-26,5,0,0.0,0.36,0.00,0.00,,,,,,,,,
20,Millenic Alli,ie IRL,MF,Portsmouth,25,2000,21,19,1558,17.3,1,2,3,1,0,0,1,0,0.06,0.12,0.17,0.06,0.17,Matches,Championship,2025-26,35,9,25.7,2.02,0.52,0.03,0.11,,,,,,,,
21,Ryan Allsop,eng ENG,GK,Birmingham City,33,1992,11,11,990,11.0,0,0,0,0,0,0,2,0,0.00,0.00,0.00,0.00,0.00,Matches,Championship,2025-26,0,0,,0.00,0.00,,,15,1.36,34,19,55.9,2,18.2,0.0
22,Olabade Aluko,,DF,Leicester City,,,8,1,169,1.9,0,0,0,0,0,0,2,1,0.00,0.00,0.00,0.00,0.00,Matches,Championship,2025-26,2,0,0.0,1.07,0.00,0.00,,,,,,,,,
23,Papa Amadou Diallo,sn SEN,MF,Norwich City,21,2004,9,6,535,5.9,0,2,2,0,0,0,1,0,0.00,0.34,0.34,0.00,0.34,Matches,Championship,2025-26,8,2,25.0,1.35,0.34,0.00,0.00,,,,,,,,
24,Harry Amass,eng ENG,MF,Norwich City,18,2007,1,0,16,0.2,0,0,0,0,0,0,0,0,0.00,0.00,0.00,0.00,0.00,Matches,Championship,2025-26,0,0,,0.00,0.00,,,,,,,,,,
25,Harry Amass,eng ENG,MF,Sheffield Weds,18,2007,21,21,1865,20.7,1,1,2,1,0,0,3,0,0.05,0.05,0.10,0.05,0.10,Matches,Championship,2025-26,14,3,21.4,0.68,0.14,0.07,0.33,,,,,,,,
26,Jaydon Amauri Banel,nl NED,MF,Derby County,20,2004,14,5,560,6.2,3,0,3,3,0,0,1,0,0.48,0.00,0.48,0.48,0.48,Matches,Championship,2025-26,18,6,33.3,2.89,0.96,0.17,0.50,,,,,,,,
27,Karoy Anderson,jm JAM,MF,Charlton Athletic,20,2004,10,6,527,5.9,0,1,1,0,0,0,2,0,0.00,0.17,0.17,0.00,0.17,Matches,Championship,2025-26,2,0,0.0,0.34,0.00,0.00,,,,,,,,,
28,Keshi Anderson,eng ENG,MF,Portsmouth,30,1995,7,3,248,2.8,1,0,1,1,0,0,1,0,0.36,0.00,0.36,0.36,0.36,Matches,Championship,2025-26,2,1,50.0,0.73,0.36,0.50,1.00,,,,,,,,
29,Keshi Anderson,eng ENG,MF,Birmingham City,30,1995,19,7,726,8.1,1,0,1,1,0,0,2,0,0.12,0.00,0.12,0.12,0.12,Matches,Championship,2025-26,11,4,36.4,1.36,0.50,0.09,0.25,,,,,,,,
30,Kai Andrews,wls WAL,MF,Coventry City,18,2006,7,0,60,0.7,0,0,0,0,0,0,0,0,0.00,0.00,0.00,0.00,0.00,Matches,Championship,2025-26,0,0,,0.00,0.00,,,,,,,,,,
31,Ryan Andrews,eng ENG,"DF,MF",Watford,20,2004,3,0,31,0.3,0,0,0,0,0,0,1,0,0.00,0.00,0.00,0.00,0.00,Matches,Championship,2025-26,0,0,,0.00,0.00,,,,,,,,,,
32,Rob Apter,sct SCO,MF,Charlton Athletic,22,2003,13,8,589,6.5,1,0,1,1,0,0,1,0,0.15,0.00,0.15,0.15,0.15,Matches,Championship,2025-26,12,5,41.7,1.83,0.76,0.08,0.20,,,,,,,,
33,Oliver Arblaster,eng ENG,MF,Sheffield United,21,2004,21,9,898,10.0,0,1,1,0,0,0,2,0,0.00,0.10,0.10,0.00,0.10,Matches,Championship,2025-26,8,1,12.5,0.80,0.10,0.00,0.00,,,,,,,,
34,Cameron Archer,eng ENG,"FW,MF",Southampton,24,2001,30,11,1004,11.2,4,3,7,4,0,0,2,0,0.36,0.27,0.63,0.36,0.63,Matches,Championship,2025-26,30,12,40.0,2.69,1.08,0.13,0.33,,,,,,,,
35,Joe Aribo,ng NGA,"FW,MF",Southampton,29,1996,7,0,118,1.3,0,0,0,0,0,0,1,0,0.00,0.00,0.00,0.00,0.00,Matches,Championship,2025-26,0,0,,0.00,0.00,,,,,,,,,,
36,Joe Aribo,ng NGA,MF,Leicester City,29,1996,6,1,132,1.5,0,0,0,0,0,0,1,0,0.00,0.00,0.00,0.00,0.00,Matches,Championship,2025-26,2,1,50.0,1.36,0.68,0.00,0.00,,,,,,,,
37,Adam Armstrong,eng ENG,"FW,MF",Southampton,28,1997,29,24,2036,22.6,11,4,15,10,1,3,4,0,0.49,0.18,0.66,0.44,0.62,Matches,Championship,2025-26,87,37,42.5,3.85,1.64,0.11,0.27,,,,,,,,
38,Harrison Armstrong,eng ENG,MF,Preston,18,2007,17,13,1127,12.5,1,1,2,1,0,0,3,0,0.08,0.08,0.16,0.08,0.16,Matches,Championship,2025-26,9,2,22.2,0.72,0.16,0.11,0.50,,,,,,,,
39,Sinclair Armstrong,ie IRL,FW,Bristol City,22,2003,41,11,1610,17.9,4,0,4,4,0,0,7,0,0.22,0.00,0.22,0.22,0.22,Matches,Championship,2025-26,45,21,46.7,2.52,1.17,0.09,0.19,,,,,,,,
40,Harry Ashfield,eng ENG,MF,Wrexham,19,2006,1,0,4,0.0,0,0,0,0,0,0,0,0,0.00,0.00,0.00,0.00,0.00,Matches,Championship,2025-26,0,0,,0.00,0.00,,,,,,,,,,
41,Tom Atcheson,nir NIR,DF,Blackburn,18,2006,14,11,1088,12.1,0,0,0,0,0,0,2,0,0.00,0.00,0.00,0.00,0.00,Matches,Championship,2025-26,11,2,18.2,0.91,0.17,0.00,0.00,,,,,,,,
42,Robert Atkinson,eng ENG,DF,Bristol City,27,1998,25,23,1845,20.5,3,1,4,3,0,0,1,0,0.15,0.05,0.20,0.15,0.20,Matches,Championship,2025-26,8,5,62.5,0.39,0.24,0.38,0.60,,,,,,,,
43,Jordan Ayew,gh GHA,"FW,MF",Leicester City,33,1991,42,24,2259,25.1,6,3,9,4,2,3,5,0,0.24,0.12,0.36,0.16,0.28,Matches,Championship,2025-26,48,19,39.6,1.91,0.76,0.08,0.21,,,,,,,,
44,Luke Ayling,eng ENG,DF,Middlesbrough,33,1991,43,38,3492,38.8,1,5,6,1,0,0,8,0,0.03,0.13,0.15,0.03,0.15,Matches,Championship,2025-26,34,8,23.5,0.88,0.21,0.03,0.13,,,,,,,,
45,Finn Azaz,ie IRL,MF,Southampton,24,2000,41,36,2964,32.9,10,7,17,10,0,0,5,0,0.30,0.21,0.52,0.30,0.52,Matches,Championship,2025-26,91,29,31.9,2.76,0.88,0.11,0.34,,,,,,,,
46,Finn Azaz,ie IRL,MF,Middlesbrough,24,2000,2,1,93,1.0,1,1,2,1,0,0,0,0,0.97,0.97,1.94,0.97,1.94,Matches,Championship,2025-26,3,1,33.3,2.90,0.97,0.33,1.00,,,,,,,,
47,Femi Azeez,ng NGA,MF,Millwall,24,2001,35,33,2791,31.0,11,7,18,11,0,0,5,1,0.35,0.23,0.58,0.35,0.58,Matches,Championship,2025-26,90,29,32.2,2.90,0.94,0.12,0.38,,,,,,,,
48,Ivan Azón,es ESP,FW,Ipswich Town,22,2002,38,20,1793,19.9,5,4,9,5,0,0,2,0,0.25,0.20,0.45,0.25,0.45,Matches,Championship,2025-26,77,26,33.8,3.87,1.31,0.06,0.19,,,,,,,,
49,Kwadwo Baah,eng ENG,"MF,FW",Watford,22,2003,27,6,835,9.3,1,1,2,1,0,0,4,0,0.11,0.11,0.22,0.11,0.22,Matches,Championship,2025-26,22,7,31.8,2.37,0.75,0.05,0.14,,,,,,,,
50,Lewis Baker,eng ENG,MF,Stoke City,30,1995,17,14,1256,14.0,4,1,5,4,0,0,3,0,0.29,0.07,0.36,0.29,0.36,Matches,Championship,2025-26,16,5,31.3,1.15,0.36,0.25,0.80,,,,,,,,
51,Thierno Ballo,at AUT,MF,Millwall,23,2002,31,23,1820,20.2,1,5,6,1,0,0,6,0,0.05,0.25,0.30,0.05,0.30,Matches,Championship,2025-26,35,12,34.3,1.73,0.59,0.03,0.08,,,,,,,,
52,Patrick Bamford,eng ENG,FW,Sheffield United,31,1993,28,22,1817,20.2,12,1,13,12,0,0,3,1,0.59,0.05,0.64,0.59,0.64,Matches,Championship,2025-26,59,34,57.6,2.92,1.68,0.20,0.35,,,,,,,,
53,Alex Bangura,sl SLE,DF,Middlesbrough,26,1999,13,8,547,6.1,1,1,2,1,0,0,0,0,0.16,0.16,0.33,0.16,0.33,Matches,Championship,2025-26,5,3,60.0,0.82,0.49,0.20,0.33,,,,,,,,
54,Raees Bangura-Williams,,MF,Millwall,,,14,5,456,5.1,1,1,2,1,0,0,2,0,0.20,0.20,0.39,0.20,0.39,Matches,Championship,2025-26,11,4,36.4,2.17,0.79,0.09,0.25,,,,,,,,
55,Tamer Bani Odeh,jo JOR,FW,West Brom,21,2003,4,0,58,0.6,0,0,0,0,0,0,1,0,0.00,0.00,0.00,0.00,0.00,Matches,Championship,2025-26,0,0,,0.00,0.00,,,,,,,,,,
56,Barry Bannan,sct SCO,MF,Sheffield Weds,35,1989,28,28,2450,27.2,3,3,6,3,0,0,7,1,0.11,0.11,0.22,0.11,0.22,Matches,Championship,2025-26,29,11,37.9,1.07,0.40,0.10,0.27,,,,,,,,
57,Barry Bannan,sct SCO,MF,Millwall,35,1989,14,6,534,5.9,0,1,1,0,0,0,1,0,0.00,0.17,0.17,0.00,0.17,Matches,Championship,2025-26,7,2,28.6,1.18,0.34,0.00,0.00,,,,,,,,
58,Moussa Baradji,fr FRA,MF,Blackburn,24,2000,32,18,1749,19.4,2,0,2,2,0,0,4,0,0.10,0.00,0.10,0.10,0.10,Matches,Championship,2025-26,37,11,29.7,1.90,0.57,0.05,0.18,,,,,,,,
59,Ryan Barnett,eng ENG,MF,Wrexham,25,1999,12,4,419,4.7,0,0,0,0,0,0,0,0,0.00,0.00,0.00,0.00,0.00,Matches,Championship,2025-26,0,0,,0.00,0.00,,,,,,,,,,
60,Louie Barry,eng ENG,"MF,FW",Sheffield United,22,2003,9,6,445,4.9,0,0,0,0,0,0,1,0,0.00,0.00,0.00,0.00,0.00,Matches,Championship,2025-26,6,2,33.3,1.21,0.40,0.00,0.00,,,,,,,,
61,Danny Batth,eng ENG,DF,Derby County,34,1990,10,7,602,6.7,0,0,0,0,0,0,1,0,0.00,0.00,0.00,0.00,0.00,Matches,Championship,2025-26,1,0,0.0,0.15,0.00,0.00,,,,,,,,,
62,Nathan Baxter,eng ENG,GK,Watford,26,1998,7,6,585,6.5,0,0,0,0,0,0,0,0,0.00,0.00,0.00,0.00,0.00,Matches,Championship,2025-26,0,0,,0.00,0.00,,,9,1.38,20,11,55.0,0,0.0,
63,Gavin Bazunu,ie IRL,GK,Stoke City,23,2002,6,6,540,6.0,0,0,0,0,0,0,0,0,0.00,0.00,0.00,0.00,0.00,Matches,Championship,2025-26,0,0,,0.00,0.00,,,8,1.33,19,11,57.9,2,33.3,
64,Gavin Bazunu,ie IRL,GK,Southampton,23,2002,19,19,1710,19.0,0,0,0,0,0,0,1,0,0.00,0.00,0.00,0.00,0.00,Matches,Championship,2025-26,0,0,,0.00,0.00,,,28,1.47,72,44,61.1,3,15.8,0.0
65,James Beadle,eng ENG,GK,Birmingham City,21,2004,35,35,3150,35.0,0,0,0,0,0,0,4,0,0.00,0.00,0.00,0.00,0.00,Matches,Championship,2025-26,1,0,0.0,0.03,0.00,0.00,,41,1.17,129,88,68.2,8,22.9,50.0
66,Asmir Begović,ba BIH,GK,Leicester City,38,1987,11,10,945,10.5,0,0,0,0,0,0,2,0,0.00,0.00,0.00,0.00,0.00,Matches,Championship,2025-26,0,0,,0.00,0.00,,,21,2.00,47,26,55.3,0,0.0,
67,Amari'i Bell,jm JAM,"DF,MF",Charlton Athletic,31,1994,34,32,2699,30.0,0,0,0,0,0,0,4,0,0.00,0.00,0.00,0.00,0.00,Matches,Championship,2025-26,3,0,0.0,0.10,0.00,0.00,,,,,,,,,
68,Sam Bell,eng ENG,MF,Bristol City,23,2002,13,3,364,4.0,4,1,5,4,0,0,0,0,0.99,0.25,1.24,0.99,1.24,Matches,Championship,2025-26,8,7,87.5,1.98,1.73,0.50,0.57,,,,,,,,
69,Bachir Belloumi,dz ALG,MF,Hull City,23,2002,22,10,936,10.4,2,3,5,2,0,0,1,0,0.19,0.29,0.48,0.19,0.48,Matches,Championship,2025-26,37,14,37.8,3.56,1.35,0.05,0.14,,,,,,,,
70,Anis Ben Slimane,tn TUN,MF,Norwich City,24,2001,22,15,1225,13.6,5,2,7,5,0,0,4,0,0.37,0.15,0.51,0.37,0.51,Matches,Championship,2025-26,25,18,72.0,1.84,1.32,0.20,0.28,,,,,,,,
71,Steven Benda,de GER,GK,Millwall,26,1998,9,9,810,9.0,0,0,0,0,0,0,0,0,0.00,0.00,0.00,0.00,0.00,Matches,Championship,2025-26,0,0,,0.00,0.00,,,12,1.33,28,16,57.1,3,33.3,
72,Daniel Bennie,au AUS,"FW,MF",QPR,19,2006,17,5,647,7.2,1,1,2,1,0,0,2,0,0.14,0.14,0.28,0.14,0.28,Matches,Championship,2025-26,20,8,40.0,2.78,1.11,0.05,0.13,,,,,,,,
73,Victor Bernth Kristiansen,dk DEN,DF,Leicester City,22,2002,5,2,167,1.9,0,0,0,0,0,0,0,0,0.00,0.00,0.00,0.00,0.00,Matches,Championship,2025-26,0,0,,0.00,0.00,,,,,,,,,,
74,Luke Berry,eng ENG,MF,Charlton Athletic,33,1992,16,6,486,5.4,1,0,1,1,0,0,1,0,0.19,0.00,0.19,0.19,0.19,Matches,Championship,2025-26,12,3,25.0,2.22,0.56,0.08,0.33,,,,,,,,
75,Florian Bianchini,fr FRA,MF,Portsmouth,24,2001,10,6,512,5.7,0,1,1,0,0,0,0,0,0.00,0.18,0.18,0.00,0.18,Matches,Championship,2025-26,14,5,35.7,2.46,0.88,0.00,0.00,,,,,,,,
76,Jake Bidwell,eng ENG,DF,Coventry City,32,1993,11,3,431,4.8,0,1,1,0,0,0,1,0,0.00,0.21,0.21,0.00,0.21,Matches,Championship,2025-26,3,1,33.3,0.63,0.21,0.00,0.00,,,,,,,,
77,Krystian Bielik,pl POL,"DF,MF",West Brom,27,1998,17,11,942,10.5,0,1,1,0,0,0,2,0,0.00,0.10,0.10,0.00,0.10,Matches,Championship,2025-26,6,4,66.7,0.57,0.38,0.00,0.00,,,,,,,,
78,Tyler Bindon,nz NZL,DF,Sheffield United,20,2005,25,22,2029,22.5,1,0,1,1,0,0,1,0,0.04,0.00,0.04,0.04,0.04,Matches,Championship,2025-26,14,3,21.4,0.62,0.13,0.07,0.33,,,,,,,,
79,Max Bird,eng ENG,MF,Bristol City,24,2000,15,4,565,6.3,2,1,3,2,0,0,1,0,0.32,0.16,0.48,0.32,0.48,Matches,Championship,2025-26,12,5,41.7,1.91,0.80,0.17,0.40,,,,,,,,
80,Colby Bishop,eng ENG,FW,Portsmouth,28,1996,42,37,3397,37.7,3,1,4,2,1,2,4,0,0.08,0.03,0.11,0.05,0.08,Matches,Championship,2025-26,57,17,29.8,1.51,0.45,0.04,0.12,,,,,,,,
81,Corey Blackett-Taylor,eng ENG,MF,Derby County,27,1997,9,2,273,3.0,0,1,1,0,0,0,0,0,0.00,0.33,0.33,0.00,0.33,Matches,Championship,2025-26,8,2,25.0,2.64,0.66,0.00,0.00,,,,,,,,
82,Harvey Blair,eng ENG,MF,Portsmouth,21,2003,15,4,485,5.4,0,1,1,0,0,0,0,0,0.00,0.19,0.19,0.00,0.19,Matches,Championship,2025-26,4,1,25.0,0.74,0.19,0.00,0.00,,,,,,,,
83,Eric Bocat,fr FRA,"DF,MF",Stoke City,26,1999,29,21,1816,20.2,0,1,1,0,0,0,0,0,0.00,0.05,0.05,0.00,0.05,Matches,Championship,2025-26,21,5,23.8,1.04,0.25,0.00,0.00,,,,,,,,
84,Marc Bola,eng ENG,"DF,MF",Watford,27,1997,37,31,2899,32.2,2,3,5,2,0,0,2,0,0.06,0.09,0.16,0.06,0.16,Matches,Championship,2025-26,35,8,22.9,1.09,0.25,0.06,0.25,,,,,,,,
85,Neto Borges,br BRA,"DF,MF",Middlesbrough,28,1996,3,0,11,0.1,0,0,0,0,0,0,0,0,0.00,0.00,0.00,0.00,0.00,Matches,Championship,2025-26,0,0,,0.00,0.00,,,,,,,,,,
86,Neto Borges,br BRA,"MF,DF",Bristol City,28,1996,38,30,2726,30.3,0,3,3,0,0,0,7,0,0.00,0.10,0.10,0.00,0.10,Matches,Championship,2025-26,23,3,13.0,0.76,0.10,0.00,0.00,,,,,,,,
87,Raphael Borges Rodrigues,au AUS,MF,Coventry City,21,2003,2,0,36,0.4,0,1,1,0,0,0,0,0,0.00,2.50,2.50,0.00,2.50,Matches,Championship,2025-26,0,0,,0.00,0.00,,,,,,,,,,
88,Ollie Bostock,wls WAL,MF,West Brom,18,2007,7,2,205,2.3,1,0,1,1,0,0,0,0,0.44,0.00,0.44,0.44,0.44,Matches,Championship,2025-26,7,1,14.3,3.07,0.44,0.14,1.00,,,,,,,,
89,Edoardo Bove,it ITA,"MF,FW",Watford,23,2002,11,2,275,3.1,1,0,1,1,0,0,2,0,0.33,0.00,0.33,0.33,0.33,Matches,Championship,2025-26,3,1,33.3,0.98,0.33,0.33,1.00,,,,,,,,
90,Ibane Bowat,sct SCO,DF,Portsmouth,22,2002,17,8,802,8.9,2,0,2,2,0,0,1,0,0.22,0.00,0.22,0.22,0.22,Matches,Championship,2025-26,8,3,37.5,0.90,0.34,0.25,0.67,,,,,,,,
91,Róbert Boženík,sk SVK,FW,Stoke City,25,1999,22,9,829,9.2,1,0,1,1,0,0,2,0,0.11,0.00,0.11,0.11,0.11,Matches,Championship,2025-26,25,8,32.0,2.71,0.87,0.04,0.13,,,,,,,,
92,Tom Bradshaw,wls WAL,FW,Oxford United,33,1992,5,0,69,0.8,0,0,0,0,0,0,0,0,0.00,0.00,0.00,0.00,0.00,Matches,Championship,2025-26,1,0,0.0,1.30,0.00,0.00,,,,,,,,,
93,Robbie Brady,ie IRL,"DF,FW",Preston,33,1992,5,0,95,1.1,0,0,0,0,0,0,0,0,0.00,0.00,0.00,0.00,0.00,Matches,Championship,2025-26,2,1,50.0,1.89,0.95,0.00,0.00,,,,,,,,
94,Cameron Bragg,eng ENG,MF,Southampton,20,2005,16,7,688,7.6,0,0,0,0,0,0,4,0,0.00,0.00,0.00,0.00,0.00,Matches,Championship,2025-26,2,1,50.0,0.26,0.13,0.00,0.00,,,,,,,,
95,Cameron Brannagan,eng ENG,MF,Oxford United,29,1996,37,36,3085,34.3,6,3,9,4,2,2,8,0,0.18,0.09,0.26,0.12,0.20,Matches,Championship,2025-26,67,19,28.4,1.95,0.55,0.06,0.21,,,,,,,,
96,Brau,es ESP,DF,Coventry City,23,2001,9,1,203,2.3,0,0,0,0,0,0,0,0,0.00,0.00,0.00,0.00,0.00,Matches,Championship,2025-26,2,0,0.0,0.89,0.00,0.00,,,,,,,,,
97,James Bree,eng ENG,"MF,DF",Charlton Athletic,27,1997,21,19,1671,18.6,2,3,5,2,0,0,7,0,0.11,0.16,0.27,0.11,0.27,Matches,Championship,2025-26,13,4,30.8,0.70,0.22,0.15,0.50,,,,,,,,
98,James Bree,eng ENG,DF,Southampton,27,1997,18,17,1444,16.0,2,2,4,2,0,0,1,0,0.12,0.12,0.25,0.12,0.25,Matches,Championship,2025-26,15,7,46.7,0.93,0.44,0.13,0.29,,,,,,,,
99,Ben Brereton,cl CHI,MF,Derby County,26,1999,40,39,3044,33.8,7,3,10,6,1,1,8,0,0.21,0.09,0.30,0.18,0.27,Matches,Championship,2025-26,59,23,39.0,1.74,0.68,0.10,0.26,,,,,,,,
100,Rhian Brewster,eng ENG,"MF,FW",Derby County,25,2000,29,19,1460,16.2,7,2,9,6,1,1,1,0,0.43,0.12,0.55,0.37,0.49,Matches,Championship,2025-26,33,11,33.3,2.03,0.68,0.18,0.55,,,,,,,,
101,Callum Brittain,eng ENG,"DF,MF",Middlesbrough,27,1998,41,41,3615,40.2,0,4,4,0,0,0,7,0,0.00,0.10,0.10,0.00,0.10,Matches,Championship,2025-26,39,10,25.6,0.97,0.25,0.00,0.00,,,,,,,,
102,Nathan Broadhead,wls WAL,"FW,MF",Ipswich Town,27,1998,1,0,23,0.3,0,0,0,0,0,0,0,0,0.00,0.00,0.00,0.00,0.00,Matches,Championship,2025-26,0,0,,0.00,0.00,,,,,,,,,,
103,Nathan Broadhead,wls WAL,"MF,FW",Wrexham,27,1998,37,20,1903,21.1,7,4,11,7,0,0,0,0,0.33,0.19,0.52,0.33,0.52,Matches,Championship,2025-26,49,12,24.5,2.32,0.57,0.14,0.58,,,,,,,,
104,Andre Brooks,jm JAM,MF,Sheffield United,21,2003,39,28,2432,27.0,6,2,8,6,0,0,7,0,0.22,0.07,0.30,0.22,0.30,Matches,Championship,2025-26,56,17,30.4,2.07,0.63,0.11,0.35,,,,,,,,
105,Ciaron Brown,nir NIR,DF,Oxford United,27,1998,37,37,3320,36.9,3,1,4,3,0,0,6,0,0.08,0.03,0.11,0.08,0.11,Matches,Championship,2025-26,30,8,26.7,0.81,0.22,0.10,0.38,,,,,,,,
106,Dajaune Brown,jm JAM,FW,Derby County,19,2005,1,0,2,0.0,0,0,0,0,0,0,0,0,0.00,0.00,0.00,0.00,0.00,Matches,Championship,2025-26,0,0,,0.00,0.00,,,,,,,,,,
107,George Brown,,FW,Sheffield Weds,,,7,3,310,3.4,2,0,2,2,0,0,0,0,0.58,0.00,0.58,0.58,0.58,Matches,Championship,2025-26,7,3,42.9,2.03,0.87,0.29,0.67,,,,,,,,
108,Jacob Brown,sct SCO,"FW,MF",Portsmouth,27,1998,15,5,493,5.5,1,1,2,1,0,0,2,0,0.18,0.18,0.37,0.18,0.37,Matches,Championship,2025-26,12,6,50.0,2.19,1.10,0.08,0.17,,,,,,,,
109,Alan Browne,ie IRL,"MF,DF",Middlesbrough,30,1995,38,26,2471,27.5,4,3,7,4,0,0,2,0,0.15,0.11,0.25,0.15,0.25,Matches,Championship,2025-26,37,11,29.7,1.35,0.40,0.11,0.36,,,,,,,,
110,Lewis Brunt,eng ENG,DF,Wrexham,24,2000,9,6,552,6.1,0,0,0,0,0,0,1,0,0.00,0.00,0.00,0.00,0.00,Matches,Championship,2025-26,2,0,0.0,0.33,0.00,0.00,,,,,,,,,
111,Joe Bryan,eng ENG,DF,Millwall,31,1993,19,6,738,8.2,0,0,0,0,0,0,5,1,0.00,0.00,0.00,0.00,0.00,Matches,Championship,2025-26,2,0,0.0,0.24,0.00,0.00,,,,,,,,,
112,Solomon Brynn,eng ENG,GK,Middlesbrough,24,2000,46,46,4140,46.0,0,1,1,0,0,0,1,0,0.00,0.02,0.02,0.00,0.02,Matches,Championship,2025-26,0,0,,0.00,0.00,,,47,1.02,150,101,68.7,13,28.3,12.5
113,Cameron Burgess,au AUS,DF,Swansea City,29,1995,46,46,4140,46.0,0,0,0,0,0,0,7,0,0.00,0.00,0.00,0.00,0.00,Matches,Championship,2025-26,24,4,16.7,0.52,0.09,0.00,0.00,,,,,,,,
114,Delano Burgzorg,sr SUR,"MF,FW",Middlesbrough,26,1998,25,11,1083,12.0,2,2,4,2,0,0,1,0,0.17,0.17,0.33,0.17,0.33,Matches,Championship,2025-26,26,8,30.8,2.16,0.66,0.08,0.25,,,,,,,,
115,Delano Burgzorg,sr SUR,"FW,MF",Bristol City,26,1998,15,4,547,6.1,1,1,2,1,0,0,4,0,0.16,0.16,0.33,0.16,0.33,Matches,Championship,2025-26,10,3,30.0,1.65,0.49,0.10,0.33,,,,,,,,
116,Reece Burke,eng ENG,DF,Charlton Athletic,28,1996,17,12,942,10.5,1,0,1,1,0,0,1,0,0.10,0.00,0.10,0.10,0.10,Matches,Championship,2025-26,6,2,33.3,0.57,0.19,0.17,0.50,,,,,,,,
117,Wes Burns,wls WAL,MF,Ipswich Town,30,1994,18,9,795,8.8,2,1,3,2,0,0,3,0,0.23,0.11,0.34,0.23,0.34,Matches,Championship,2025-26,10,3,30.0,1.13,0.34,0.20,0.67,,,,,,,,
118,Rumarn Burrell,jm JAM,FW,QPR,24,2000,30,22,2000,22.2,10,3,13,10,0,0,4,0,0.45,0.14,0.59,0.45,0.59,Matches,Championship,2025-26,35,21,60.0,1.58,0.95,0.29,0.48,,,,,,,,
119,Harrison Burrows,eng ENG,DF,Sheffield United,23,2002,44,30,2966,33.0,5,4,9,5,0,1,3,0,0.15,0.12,0.27,0.15,0.27,Matches,Championship,2025-26,38,11,28.9,1.15,0.33,0.13,0.45,,,,,,,,
120,Josef Bursik,eng ENG,GK,Portsmouth,25,2000,10,10,813,9.0,0,0,0,0,0,0,1,0,0.00,0.00,0.00,0.00,0.00,Matches,Championship,2025-26,1,0,0.0,0.11,0.00,0.00,,15,1.66,39,24,61.5,2,20.0,100.0
121,Gustavo Caballero,py PAR,MF,Portsmouth,23,2001,12,9,759,8.4,1,0,1,1,0,0,1,0,0.12,0.00,0.12,0.12,0.12,Matches,Championship,2025-26,15,4,26.7,1.78,0.47,0.07,0.25,,,,,,,,
122,Ben Cabango,wls WAL,DF,Swansea City,25,2000,45,45,4034,44.8,1,0,1,1,0,0,8,0,0.02,0.00,0.02,0.02,0.02,Matches,Championship,2025-26,23,5,21.7,0.51,0.11,0.04,0.20,,,,,,,,
123,Liberato Cacace,nz NZL,MF,Wrexham,24,2000,12,8,721,8.0,0,0,0,0,0,0,0,0,0.00,0.00,0.00,0.00,0.00,Matches,Championship,2025-26,7,1,14.3,0.87,0.12,0.00,0.00,,,,,,,,
124,Bailey-Tye Cadamarteri,jm JAM,FW,Sheffield Weds,20,2005,29,23,2103,23.4,2,0,2,2,0,0,2,0,0.09,0.00,0.09,0.09,0.09,Matches,Championship,2025-26,44,14,31.8,1.88,0.60,0.05,0.14,,,,,,,,
125,Bailey-Tye Cadamarteri,jm JAM,FW,Wrexham,20,2005,3,0,29,0.3,0,0,0,0,0,0,0,0,0.00,0.00,0.00,0.00,0.00,Matches,Championship,2025-26,2,0,0.0,6.21,0.00,0.00,,,,,,,,,
126,Jens Cajuste,se SWE,MF,Ipswich Town,25,1999,30,13,1194,13.3,1,3,4,1,0,0,1,0,0.08,0.23,0.30,0.08,0.30,Matches,Championship,2025-26,17,5,29.4,1.28,0.38,0.06,0.20,,,,,,,,
127,George Campbell,us USA,DF,West Brom,24,2001,39,33,3081,34.2,4,2,6,4,0,0,7,0,0.12,0.06,0.18,0.12,0.18,Matches,Championship,2025-26,26,10,38.5,0.76,0.29,0.15,0.40,,,,,,,,
128,Tyreece Campbell,jm JAM,"FW,MF",Charlton Athletic,21,2003,45,31,2921,32.5,3,3,6,3,0,0,3,0,0.09,0.09,0.18,0.09,0.18,Matches,Championship,2025-26,63,14,22.2,1.94,0.43,0.05,0.21,,,,,,,,
129,Tyrese Campbell,eng ENG,FW,Sheffield United,25,1999,34,21,1883,20.9,6,2,8,6,0,0,3,0,0.29,0.10,0.38,0.29,0.38,Matches,Championship,2025-26,44,13,29.5,2.10,0.62,0.14,0.46,,,,,,,,
130,Tom Cannon,ie IRL,"FW,MF",Sheffield United,22,2002,36,19,1726,19.2,6,2,8,6,0,0,2,0,0.31,0.10,0.42,0.31,0.42,Matches,Championship,2025-26,43,16,37.2,2.24,0.83,0.14,0.38,,,,,,,,
131,Todd Cantwell,eng ENG,MF,Blackburn,27,1998,28,22,2068,23.0,5,3,8,4,1,1,10,0,0.22,0.13,0.35,0.17,0.30,Matches,Championship,2025-26,46,14,30.4,2.00,0.61,0.09,0.29,,,,,,,,
132,Sonny Carey,eng ENG,"MF,FW",Charlton Athletic,24,2001,46,40,3385,37.6,8,2,10,8,0,0,4,0,0.21,0.05,0.27,0.21,0.27,Matches,Championship,2025-26,93,28,30.1,2.47,0.74,0.09,0.29,,,,,,,,
133,Julián Carranza,ar ARG,FW,Leicester City,25,2000,9,3,318,3.5,0,0,0,0,0,0,1,0,0.00,0.00,0.00,0.00,0.00,Matches,Championship,2025-26,7,3,42.9,1.98,0.85,0.00,0.00,,,,,,,,
134,Hayden Carter,eng ENG,DF,Blackburn,25,1999,10,10,787,8.7,2,0,2,2,0,0,4,0,0.23,0.00,0.23,0.23,0.23,Matches,Championship,2025-26,5,3,60.0,0.57,0.34,0.40,0.67,,,,,,,,
135,Kaelan Casey,eng ENG,DF,Swansea City,20,2004,8,3,292,3.2,0,1,1,0,0,0,0,0,0.00,0.31,0.31,0.00,0.31,Matches,Championship,2025-26,3,1,33.3,0.92,0.31,0.00,0.00,,,,,,,,
136,Eiran Cashin,ie IRL,DF,Birmingham City,23,2001,11,3,420,4.7,0,0,0,0,0,0,0,0,0.00,0.00,0.00,0.00,0.00,Matches,Championship,2025-26,7,1,14.3,1.50,0.21,0.00,0.00,,,,,,,,
137,Eiran Cashin,ie IRL,DF,Blackburn,23,2001,18,17,1543,17.1,1,1,2,1,0,0,7,0,0.06,0.06,0.12,0.06,0.12,Matches,Championship,2025-26,15,2,13.3,0.87,0.12,0.07,0.50,,,,,,,,
138,Leo Castledine,eng ENG,FW,Middlesbrough,19,2005,9,1,279,3.1,1,0,1,1,0,0,0,0,0.32,0.00,0.32,0.32,0.32,Matches,Championship,2025-26,18,7,38.9,5.81,2.26,0.06,0.14,,,,,,,,
139,Žan Celar,si SVN,FW,QPR,26,1999,2,1,76,0.8,0,0,0,0,0,0,0,0,0.00,0.00,0.00,0.00,0.00,Matches,Championship,2025-26,0,0,,0.00,0.00,,,,,,,,,,
140,Ilias Chair,ma MAR,MF,QPR,27,1997,15,10,945,10.5,1,2,3,1,0,0,1,0,0.10,0.19,0.29,0.10,0.29,Matches,Championship,2025-26,32,11,34.4,3.05,1.05,0.03,0.09,,,,,,,,
141,Giorgi Chakvetadze,ge GEO,"MF,FW",Watford,25,1999,29,22,1791,19.9,0,3,3,0,0,0,6,0,0.00,0.15,0.15,0.00,0.15,Matches,Championship,2025-26,21,6,28.6,1.06,0.30,0.00,0.00,,,,,,,,
142,Nathaniel Chalobah,eng ENG,MF,Sheffield Weds,30,1994,13,7,582,6.5,2,1,3,2,0,0,2,0,0.31,0.15,0.46,0.31,0.46,Matches,Championship,2025-26,7,3,42.9,1.08,0.46,0.29,0.67,,,,,,,,
143,Luke Chambers,eng ENG,MF,Charlton Athletic,21,2004,18,16,1229,13.7,0,1,1,0,0,0,4,0,0.00,0.07,0.07,0.00,0.07,Matches,Championship,2025-26,7,4,57.1,0.51,0.29,0.00,0.00,,,,,,,,
144,Archie Chaplin,eng ENG,DF,Middlesbrough,19,2005,1,0,2,0.0,0,0,0,0,0,0,0,0,0.00,0.00,0.00,0.00,0.00,Matches,Championship,2025-26,0,0,,0.00,0.00,,,,,,,,,,
145,Conor Chaplin,eng ENG,MF,Portsmouth,28,1997,36,26,2229,24.8,2,3,5,2,0,0,2,0,0.08,0.12,0.20,0.08,0.20,Matches,Championship,2025-26,53,11,20.8,2.14,0.44,0.04,0.18,,,,,,,,
146,Conor Chaplin,eng ENG,MF,Ipswich Town,28,1997,4,1,135,1.5,0,0,0,0,0,0,1,0,0.00,0.00,0.00,0.00,0.00,Matches,Championship,2025-26,5,0,0.0,3.33,0.00,0.00,,,,,,,,,
147,Pierce Charles,nir NIR,GK,Sheffield Weds,20,2005,19,19,1710,19.0,0,1,1,0,0,0,1,0,0.00,0.05,0.05,0.00,0.05,Matches,Championship,2025-26,0,0,,0.00,0.00,,,37,1.95,119,82,68.9,2,10.5,0.0
148,Shea Charles,nir NIR,MF,Southampton,21,2003,31,21,2071,23.0,3,2,5,3,0,0,6,0,0.13,0.09,0.22,0.13,0.22,Matches,Championship,2025-26,35,15,42.9,1.52,0.65,0.09,0.20,,,,,,,,
149,Tahith Chong,cw CUW,MF,Sheffield United,25,1999,21,7,678,7.5,0,1,1,0,0,0,2,0,0.00,0.13,0.13,0.00,0.13,Matches,Championship,2025-26,8,3,37.5,1.06,0.40,0.00,0.00,,,,,,,,
150,Hamza Choudhury,bd BAN,"DF,MF",Leicester City,27,1997,30,17,1494,16.6,0,0,0,0,0,0,7,0,0.00,0.00,0.00,0.00,0.00,Matches,Championship,2025-26,11,0,0.0,0.66,0.00,0.00,,,,,,,,,
151,Benjamin Chrisene,eng ENG,DF,Norwich City,21,2004,21,15,1293,14.4,1,1,2,1,0,0,3,0,0.07,0.07,0.14,0.07,0.14,Matches,Championship,2025-26,7,2,28.6,0.49,0.14,0.14,0.50,,,,,,,,
152,Lamine Cissé,fr FRA,"FW,MF",Stoke City,22,2003,34,19,1687,18.7,3,3,6,3,0,0,4,0,0.16,0.16,0.32,0.16,0.32,Matches,Championship,2025-26,37,15,40.5,1.97,0.80,0.08,0.20,,,,,,,,
153,Bobby Clark,eng ENG,MF,Derby County,20,2005,42,33,2932,32.6,3,3,6,3,0,0,8,0,0.09,0.09,0.18,0.09,0.18,Matches,Championship,2025-26,46,7,15.2,1.41,0.21,0.07,0.43,,,,,,,,
154,Harry Clarke,eng ENG,MF,Charlton Athletic,24,2001,19,17,1519,16.9,0,2,2,0,0,0,8,0,0.00,0.12,0.12,0.00,0.12,Matches,Championship,2025-26,13,1,7.7,0.77,0.06,0.00,0.00,,,,,,,,
155,Jack Clarke,eng ENG,MF,Ipswich Town,24,2000,46,23,2387,26.5,16,1,17,10,6,6,4,0,0.60,0.04,0.64,0.38,0.41,Matches,Championship,2025-26,58,24,41.4,2.19,0.90,0.17,0.42,,,,,,,,
156,Matthew Clarke,eng ENG,DF,Derby County,28,1996,45,45,4044,44.9,3,4,7,3,0,0,10,1,0.07,0.09,0.16,0.07,0.16,Matches,Championship,2025-26,27,4,14.8,0.60,0.09,0.11,0.75,,,,,,,,
157,Jake Clarke-Salter,eng ENG,DF,QPR,27,1997,14,10,749,8.3,0,0,0,0,0,0,1,0,0.00,0.00,0.00,0.00,0.00,Matches,Championship,2025-26,0,0,,0.00,0.00,,,,,,,,,,
158,Max Cleworth,wls WAL,DF,Wrexham,22,2002,41,40,3594,39.9,3,4,7,3,0,0,6,0,0.08,0.10,0.18,0.08,0.18,Matches,Championship,2025-26,28,6,21.4,0.70,0.15,0.11,0.50,,,,,,,,
159,Conor Coady,eng ENG,DF,Wrexham,32,1993,5,5,441,4.9,0,0,0,0,0,0,0,0,0.00,0.00,0.00,0.00,0.00,Matches,Championship,2025-26,2,0,0.0,0.41,0.00,0.00,,,,,,,,,
160,Conor Coady,eng ENG,MF,Charlton Athletic,32,1993,12,11,847,9.4,1,1,2,1,0,0,1,0,0.11,0.11,0.21,0.11,0.21,Matches,Championship,2025-26,5,3,60.0,0.53,0.32,0.20,0.33,,,,,,,,
161,Josh Coburn,eng ENG,FW,Millwall,22,2002,26,22,1766,19.6,9,0,9,9,0,0,2,0,0.46,0.00,0.46,0.46,0.46,Matches,Championship,2025-26,40,17,42.5,2.04,0.87,0.23,0.53,,,,,,,,
162,Alex Cochrane,eng ENG,DF,Birmingham City,25,2000,21,18,1534,17.0,1,4,5,1,0,0,3,0,0.06,0.23,0.29,0.06,0.29,Matches,Championship,2025-26,9,4,44.4,0.53,0.23,0.11,0.25,,,,,,,,
163,Toby Collyer,eng ENG,MF,Hull City,21,2004,5,1,106,1.2,0,0,0,0,0,0,2,0,0.00,0.00,0.00,0.00,0.00,Matches,Championship,2025-26,0,0,,0.00,0.00,,,,,,,,,,
164,Toby Collyer,eng ENG,MF,West Brom,21,2004,12,3,258,2.9,0,1,1,0,0,0,0,0,0.00,0.35,0.35,0.00,0.35,Matches,Championship,2025-26,2,0,0.0,0.70,0.00,0.00,,,,,,,,,
165,Tommy Conway,sct SCO,"FW,MF",Middlesbrough,22,2002,46,43,3573,39.7,13,5,18,9,4,4,6,0,0.33,0.13,0.45,0.23,0.35,Matches,Championship,2025-26,82,30,36.6,2.07,0.76,0.11,0.30,,,,,,,,
166,Steve Cook,eng ENG,DF,QPR,34,1991,30,23,2151,23.9,1,0,1,1,0,0,2,0,0.04,0.00,0.04,0.04,0.04,Matches,Championship,2025-26,19,2,10.5,0.79,0.08,0.05,0.50,,,,,,,,
167,Jake Cooper,eng ENG,DF,Millwall,30,1995,45,45,4050,45.0,4,1,5,4,0,0,10,0,0.09,0.02,0.11,0.09,0.11,Matches,Championship,2025-26,36,14,38.9,0.80,0.31,0.11,0.29,,,,,,,,
168,Liam Cooper,sct SCO,DF,Sheffield Weds,33,1991,14,10,909,10.1,1,0,1,1,0,0,3,0,0.10,0.00,0.10,0.10,0.10,Matches,Championship,2025-26,3,1,33.3,0.30,0.10,0.33,1.00,,,,,,,,
169,Michael Cooper,eng ENG,GK,Sheffield United,25,1999,34,34,3015,33.5,0,0,0,0,0,0,0,0,0.00,0.00,0.00,0.00,0.00,Matches,Championship,2025-26,0,0,,0.00,0.00,,,45,1.34,138,93,67.4,8,23.5,0.0
170,Murphy Cooper,eng ENG,GK,Sheffield Weds,23,2001,8,8,720,8.0,0,0,0,0,0,0,0,0,0.00,0.00,0.00,0.00,0.00,Matches,Championship,2025-26,0,0,,0.00,0.00,,,14,1.75,45,31,68.9,0,0.0,
171,Oliver Cooper,wls WAL,MF,Swansea City,25,1999,1,0,25,0.3,0,0,0,0,0,0,0,0,0.00,0.00,0.00,0.00,0.00,Matches,Championship,2025-26,0,0,,0.00,0.00,,,,,,,,,,
172,José Córdoba,pa PAN,DF,Norwich City,24,2001,28,24,2252,25.0,1,1,2,1,0,0,5,0,0.04,0.04,0.08,0.04,0.08,Matches,Championship,2025-26,9,2,22.2,0.36,0.08,0.11,0.50,,,,,,,,
173,David Cornell,wls WAL,GK,Preston,34,1991,8,7,675,7.5,0,1,1,0,0,0,1,0,0.00,0.13,0.13,0.00,0.13,Matches,Championship,2025-26,0,0,,0.00,0.00,,,12,1.60,34,22,64.7,1,14.3,0.0
174,Harry Cornick,eng ENG,"FW,MF",Bristol City,30,1995,1,0,7,0.1,0,0,0,0,0,0,0,0,0.00,0.00,0.00,0.00,0.00,Matches,Championship,2025-26,0,0,,0.00,0.00,,,,,,,,,,
175,Conor Coventry,ie IRL,MF,Charlton Athletic,25,2000,40,33,2910,32.3,0,1,1,0,0,0,7,0,0.00,0.03,0.03,0.00,0.03,Matches,Championship,2025-26,11,1,9.1,0.34,0.03,0.00,0.00,,,,,,,,
176,Lewie Coyle,eng ENG,"DF,MF",Hull City,29,1995,39,37,3184,35.4,0,4,4,0,0,0,12,0,0.00,0.11,0.11,0.00,0.11,Matches,Championship,2025-26,10,2,20.0,0.28,0.06,0.00,0.00,,,,,,,,
177,Tristan Crama,fr FRA,DF,Millwall,23,2001,46,46,4105,45.6,3,6,9,3,0,0,9,0,0.07,0.13,0.20,0.07,0.20,Matches,Championship,2025-26,42,10,23.8,0.92,0.22,0.07,0.30,,,,,,,,
178,Aaron Cresswell,eng ENG,DF,Stoke City,35,1989,25,22,2001,22.2,0,3,3,0,0,0,2,0,0.00,0.13,0.13,0.00,0.13,Matches,Championship,2025-26,13,3,23.1,0.58,0.13,0.00,0.00,,,,,,,,
179,Ante Crnac,hr CRO,"MF,FW",Norwich City,21,2003,11,8,758,8.4,0,0,0,0,0,0,2,0,0.00,0.00,0.00,0.00,0.00,Matches,Championship,2025-26,16,2,12.5,1.90,0.24,0.00,0.00,,,,,,,,
180,Max Crocombe,nz NZL,GK,Millwall,31,1993,23,23,2070,23.0,0,0,0,0,0,0,0,0,0.00,0.00,0.00,0.00,0.00,Matches,Championship,2025-26,0,0,,0.00,0.00,,,25,1.09,103,78,75.7,9,39.1,0.0
181,Matt Crooks,eng ENG,MF,Hull City,31,1994,31,28,2502,27.8,4,4,8,4,0,0,13,0,0.14,0.14,0.29,0.14,0.29,Matches,Championship,2025-26,27,8,29.6,0.97,0.29,0.15,0.50,,,,,,,,
182,Liam Cullen,wls WAL,"MF,FW",Swansea City,26,1999,40,17,1737,19.3,5,0,5,5,0,0,5,0,0.26,0.00,0.26,0.26,0.26,Matches,Championship,2025-26,41,17,41.5,2.12,0.88,0.12,0.29,,,,,,,,
183,Jamie Cumming,eng ENG,GK,Oxford United,25,1999,46,46,4140,46.0,0,0,0,0,0,0,1,0,0.00,0.00,0.00,0.00,0.00,Matches,Championship,2025-26,0,0,,0.00,0.00,,,59,1.28,193,133,69.4,8,17.4,0.0
184,Luke Cundle,eng ENG,MF,Millwall,23,2002,28,10,1072,11.9,4,0,4,4,0,0,1,0,0.34,0.00,0.34,0.34,0.34,Matches,Championship,2025-26,15,9,60.0,1.26,0.76,0.27,0.44,,,,,,,,
185,Jack Currie,eng ENG,DF,Oxford United,22,2002,30,25,2179,24.2,0,1,1,0,0,0,5,0,0.00,0.04,0.04,0.00,0.04,Matches,Championship,2025-26,5,1,20.0,0.21,0.04,0.00,0.00,,,,,,,,
186,Patson Daka,zm ZAM,FW,Leicester City,26,1998,41,21,2088,23.2,5,4,9,5,0,1,2,0,0.22,0.17,0.39,0.22,0.39,Matches,Championship,2025-26,54,20,37.0,2.33,0.86,0.09,0.25,,,,,,,,
187,Harry Darling,eng ENG,DF,Norwich City,25,1999,35,34,3016,33.5,1,0,1,1,0,0,7,0,0.03,0.00,0.03,0.03,0.03,Matches,Championship,2025-26,24,5,20.8,0.72,0.15,0.04,0.20,,,,,,,,
188,Jay Dasilva,wls WAL,DF,Coventry City,27,1998,42,41,3544,39.4,0,3,3,0,0,0,6,1,0.00,0.08,0.08,0.00,0.08,Matches,Championship,2025-26,15,1,6.7,0.38,0.03,0.00,0.00,,,,,,,,
189,Adam Davies,wls WAL,GK,Sheffield United,33,1992,13,12,1125,12.5,0,0,0,0,0,0,1,0,0.00,0.00,0.00,0.00,0.00,Matches,Championship,2025-26,0,0,,0.00,0.00,,,21,1.68,56,35,62.5,2,16.7,0.0
190,Ben Davies,eng ENG,DF,Oxford United,29,1995,10,7,647,7.2,0,0,0,0,0,0,0,0,0.00,0.00,0.00,0.00,0.00,Matches,Championship,2025-26,3,0,0.0,0.42,0.00,0.00,,,,,,,,,
191,Tom Davies,eng ENG,MF,Sheffield United,27,1998,10,3,344,3.8,0,0,0,0,0,0,0,0,0.00,0.00,0.00,0.00,0.00,Matches,Championship,2025-26,5,1,20.0,1.31,0.26,0.00,0.00,,,,,,,,
192,Leif Davis,eng ENG,DF,Ipswich Town,25,1999,37,35,3164,35.2,2,4,6,2,0,0,5,0,0.06,0.11,0.17,0.06,0.17,Matches,Championship,2025-26,23,6,26.1,0.65,0.17,0.09,0.33,,,,,,,,
193,Bobby De Cordova-Reid,jm JAM,MF,Leicester City,32,1993,36,23,1791,19.9,5,3,8,5,0,1,3,1,0.25,0.15,0.40,0.25,0.40,Matches,Championship,2025-26,32,13,40.6,1.61,0.65,0.16,0.38,,,,,,,,
194,Brian De Keersmaecker,be BEL,MF,Oxford United,25,2000,26,25,2246,25.0,1,5,6,1,0,0,3,0,0.04,0.20,0.24,0.04,0.24,Matches,Championship,2025-26,40,11,27.5,1.60,0.44,0.03,0.09,,,,,,,,
195,Dion De Neve,be BEL,MF,Blackburn,24,2001,27,9,983,10.9,0,1,1,0,0,0,0,0,0.00,0.09,0.09,0.00,0.09,Matches,Championship,2025-26,8,3,37.5,0.73,0.27,0.00,0.00,,,,,,,,
196,Tom Dele-Bashiru,ng NGA,MF,Watford,25,1999,1,0,5,0.1,0,0,0,0,0,0,0,0,0.00,0.00,0.00,0.00,0.00,Matches,Championship,2025-26,1,0,0.0,18.00,0.00,0.00,,,,,,,,,
197,Karamoko Dembélé,eng ENG,MF,QPR,22,2003,28,17,1525,16.9,1,0,1,1,0,0,3,0,0.06,0.00,0.06,0.06,0.06,Matches,Championship,2025-26,41,9,22.0,2.42,0.53,0.02,0.11,,,,,,,,
198,Siriki Dembélé,ci CIV,MF,Oxford United,28,1996,19,4,657,7.3,0,0,0,0,0,0,2,0,0.00,0.00,0.00,0.00,0.00,Matches,Championship,2025-26,7,0,0.0,0.96,0.00,0.00,,,,,,,,,
199,Enis Destan,tr TUR,FW,Hull City,23,2002,18,4,443,4.9,2,0,2,2,0,0,4,0,0.41,0.00,0.41,0.41,0.41,Matches,Championship,2025-26,9,3,33.3,1.83,0.61,0.22,0.67,,,,,,,,
200,Alfie Devine,eng ENG,MF,Preston,20,2004,45,36,3112,34.6,8,6,14,8,0,0,4,0,0.23,0.17,0.40,0.23,0.40,Matches,Championship,2025-26,84,22,26.2,2.43,0.64,0.10,0.36,,,,,,,,
201,Terry Devlin,nir NIR,"DF,MF",Portsmouth,21,2003,38,29,2564,28.5,5,1,6,5,0,0,3,1,0.18,0.04,0.21,0.18,0.21,Matches,Championship,2025-26,31,12,38.7,1.09,0.42,0.16,0.42,,,,,,,,
202,Madiodio Dia,sn SEN,DF,Portsmouth,21,2004,7,5,390,4.3,0,0,0,0,0,0,2,0,0.00,0.00,0.00,0.00,0.00,Matches,Championship,2025-26,3,0,0.0,0.69,0.00,0.00,,,,,,,,,
203,Ousmane Diakité,ml MLI,MF,West Brom,25,2000,36,26,2402,26.7,1,0,1,1,0,0,7,0,0.04,0.00,0.04,0.04,0.04,Matches,Championship,2025-26,29,6,20.7,1.09,0.22,0.03,0.17,,,,,,,,
204,Tyler Dibling,eng ENG,MF,Southampton,19,2006,1,0,8,0.1,0,0,0,0,0,0,0,0,0.00,0.00,0.00,0.00,0.00,Matches,Championship,2025-26,0,0,,0.00,0.00,,,,,,,,,,
205,Robert Dickie,eng ENG,DF,Bristol City,29,1996,33,30,2725,30.3,1,1,2,1,0,0,5,0,0.03,0.03,0.07,0.03,0.07,Matches,Championship,2025-26,19,3,15.8,0.63,0.10,0.05,0.33,,,,,,,,
206,Seny Dieng,sn SEN,GK,Sheffield Weds,30,1994,3,3,270,3.0,0,0,0,0,0,0,0,0,0.00,0.00,0.00,0.00,0.00,Matches,Championship,2025-26,0,0,,0.00,0.00,,,7,2.33,16,9,56.3,0,0.0,
207,Daryl Dike,us USA,FW,West Brom,25,2000,24,6,727,8.1,2,1,3,2,0,0,2,0,0.25,0.12,0.37,0.25,0.37,Matches,Championship,2025-26,23,7,30.4,2.85,0.87,0.09,0.29,,,,,,,,
208,Nathan Dlamini,,FW,Blackburn,,,4,0,28,0.3,0,0,0,0,0,0,0,0,0.00,0.00,0.00,0.00,0.00,Matches,Championship,2025-26,0,0,,0.00,0.00,,,,,,,,,,
209,Lewis Dobbin,eng ENG,FW,Preston,22,2003,39,33,2597,28.9,10,8,18,10,0,0,2,0,0.35,0.28,0.62,0.35,0.62,Matches,Championship,2025-26,74,23,31.1,2.56,0.80,0.14,0.43,,,,,,,,
210,George Dobson,eng ENG,MF,Wrexham,27,1997,40,31,2919,32.4,2,2,4,2,0,0,8,0,0.06,0.06,0.12,0.06,0.12,Matches,Championship,2025-26,19,4,21.1,0.59,0.12,0.11,0.50,,,,,,,,
211,Greg Docherty,sct SCO,MF,Charlton Athletic,28,1996,39,32,2944,32.7,1,3,4,1,0,1,7,0,0.03,0.09,0.12,0.03,0.12,Matches,Championship,2025-26,33,11,33.3,1.01,0.34,0.03,0.09,,,,,,,,
212,Aodhan Doherty,nir NIR,MF,Blackburn,19,2006,3,1,85,0.9,0,0,0,0,0,0,0,0,0.00,0.00,0.00,0.00,0.00,Matches,Championship,2025-26,0,0,,0.00,0.00,,,,,,,,,,
213,Jamie Donley,nir NIR,MF,Oxford United,20,2005,13,10,822,9.1,1,1,2,1,0,0,0,0,0.11,0.11,0.22,0.11,0.22,Matches,Championship,2025-26,13,2,15.4,1.42,0.22,0.08,0.50,,,,,,,,
214,Jamie Donley,nir NIR,MF,Stoke City,20,2005,4,0,81,0.9,0,1,1,0,0,0,0,0,0.00,1.11,1.11,0.00,1.11,Matches,Championship,2025-26,2,1,50.0,2.22,1.11,0.00,0.00,,,,,,,,
215,Alfie Doughty,eng ENG,"DF,MF",Millwall,25,1999,25,16,1401,15.6,0,5,5,0,0,0,4,0,0.00,0.32,0.32,0.00,0.32,Matches,Championship,2025-26,10,2,20.0,0.64,0.13,0.00,0.00,,,,,,,,
216,Mamadou Doumbia,ml MLI,"FW,MF",Watford,19,2006,33,17,1681,18.7,4,1,5,4,0,0,5,0,0.21,0.05,0.27,0.21,0.27,Matches,Championship,2025-26,44,13,29.5,2.36,0.70,0.09,0.31,,,,,,,,
217,Kieran Dowell,eng ENG,MF,Hull City,27,1997,13,1,259,2.9,1,0,1,1,0,0,2,0,0.35,0.00,0.35,0.35,0.35,Matches,Championship,2025-26,3,1,33.3,1.04,0.35,0.33,1.00,,,,,,,,
218,Flynn Downes,eng ENG,MF,Southampton,26,1999,36,32,2621,29.1,3,0,3,3,0,0,12,0,0.10,0.00,0.10,0.10,0.10,Matches,Championship,2025-26,13,4,30.8,0.45,0.14,0.23,0.75,,,,,,,,
219,Damion Downs,us USA,FW,Southampton,21,2004,11,1,283,3.1,0,1,1,0,0,0,1,0,0.00,0.32,0.32,0.00,0.32,Matches,Championship,2025-26,8,0,0.0,2.54,0.00,0.00,,,,,,,,,
220,Callum Doyle,eng ENG,DF,Wrexham,21,2003,34,32,2874,31.9,2,2,4,2,0,0,6,1,0.06,0.06,0.13,0.06,0.13,Matches,Championship,2025-26,26,8,30.8,0.81,0.25,0.08,0.25,,,,,,,,
221,Tommy Doyle,eng ENG,MF,Birmingham City,23,2001,38,19,1908,21.2,0,3,3,0,0,0,1,1,0.00,0.14,0.14,0.00,0.14,Matches,Championship,2025-26,25,6,24.0,1.18,0.28,0.00,0.00,,,,,,,,
222,Andre Dozzell,eng ENG,MF,Portsmouth,26,1999,37,36,3152,35.0,2,1,3,2,0,0,8,0,0.06,0.03,0.09,0.06,0.09,Matches,Championship,2025-26,16,4,25.0,0.46,0.11,0.13,0.50,,,,,,,,
223,Cody Drameh,eng ENG,"DF,MF",Hull City,23,2001,22,16,1434,15.9,0,1,1,0,0,0,1,0,0.00,0.06,0.06,0.00,0.06,Matches,Championship,2025-26,11,3,27.3,0.69,0.19,0.00,0.00,,,,,,,,
224,Marvin Ducksch,de GER,"FW,MF",Birmingham City,31,1994,33,25,1956,21.7,10,1,11,10,0,0,2,0,0.46,0.05,0.51,0.46,0.51,Matches,Championship,2025-26,55,27,49.1,2.53,1.24,0.18,0.37,,,,,,,,
225,Shane Duffy,ie IRL,DF,Norwich City,33,1992,4,3,260,2.9,0,0,0,0,0,0,2,0,0.00,0.00,0.00,0.00,0.00,Matches,Championship,2025-26,2,2,100.0,0.69,0.69,0.00,0.00,,,,,,,,
226,Jimmy Dunne,ie IRL,DF,QPR,27,1997,39,39,3481,38.7,3,3,6,3,0,0,6,0,0.08,0.08,0.16,0.08,0.16,Matches,Championship,2025-26,28,8,28.6,0.72,0.21,0.11,0.38,,,,,,,,
227,Pierre Dwomoh,be BEL,MF,Watford,21,2004,1,0,1,0.0,0,0,0,0,0,0,0,0,0.00,0.00,0.00,0.00,0.00,Matches,Championship,2025-26,0,0,,0.00,0.00,,,,,,,,,,
228,Lyndon Dykes,sct SCO,"MF,FW",Birmingham City,29,1995,21,2,438,4.9,2,0,2,2,0,0,1,0,0.41,0.00,0.41,0.41,0.41,Matches,Championship,2025-26,10,2,20.0,2.05,0.41,0.20,1.00,,,,,,,,
229,Lyndon Dykes,sct SCO,FW,Charlton Athletic,29,1995,20,16,1512,16.8,3,3,6,3,0,0,3,0,0.18,0.18,0.36,0.18,0.36,Matches,Championship,2025-26,31,11,35.5,1.85,0.65,0.10,0.27,,,,,,,,
230,Owen Eames,,MF,Derby County,,,4,0,43,0.5,0,0,0,0,0,0,0,0,0.00,0.00,0.00,0.00,0.00,Matches,Championship,2025-26,2,1,50.0,4.19,2.09,0.00,0.00,,,,,,,,
231,George Earthy,eng ENG,MF,Bristol City,20,2004,10,2,278,3.1,0,0,0,0,0,0,1,0,0.00,0.00,0.00,0.00,0.00,Matches,Championship,2025-26,4,1,25.0,1.29,0.32,0.00,0.00,,,,,,,,
232,Josh Eccles,eng ENG,MF,Coventry City,25,2000,34,19,1509,16.8,4,1,5,4,0,0,6,0,0.24,0.06,0.30,0.24,0.30,Matches,Championship,2025-26,39,18,46.2,2.33,1.07,0.10,0.22,,,,,,,,
233,George Edmundson,eng ENG,DF,Middlesbrough,27,1997,7,3,218,2.4,0,0,0,0,0,0,1,0,0.00,0.00,0.00,0.00,0.00,Matches,Championship,2025-26,0,0,,0.00,0.00,,,,,,,,,,
234,Samuel Edozie,eng ENG,MF,Southampton,22,2003,12,2,303,3.4,0,2,2,0,0,0,0,0,0.00,0.59,0.59,0.00,0.59,Matches,Championship,2025-26,6,1,16.7,1.78,0.30,0.00,0.00,,,,,,,,
235,Joshua Edwards,eng ENG,"DF,MF",Charlton Athletic,25,2000,7,7,549,6.1,0,0,0,0,0,0,1,0,0.00,0.00,0.00,0.00,0.00,Matches,Championship,2025-26,3,0,0.0,0.49,0.00,0.00,,,,,,,,,
236,Ronnie Edwards,eng ENG,DF,Southampton,22,2003,11,8,666,7.4,0,0,0,0,0,0,0,0,0.00,0.00,0.00,0.00,0.00,Matches,Championship,2025-26,3,1,33.3,0.41,0.14,0.00,0.00,,,,,,,,
237,Ronnie Edwards,eng ENG,DF,QPR,22,2003,17,17,1530,17.0,1,1,2,1,0,0,2,0,0.06,0.06,0.12,0.06,0.12,Matches,Championship,2025-26,5,1,20.0,0.29,0.06,0.20,1.00,,,,,,,,
238,John Egan,ie IRL,DF,Hull City,32,1992,42,39,3416,38.0,3,0,3,3,0,0,8,0,0.08,0.00,0.08,0.08,0.08,Matches,Championship,2025-26,19,8,42.1,0.50,0.21,0.16,0.38,,,,,,,,
239,Sindre Egeli,no NOR,MF,Ipswich Town,19,2006,28,18,1474,16.4,4,1,5,4,0,0,2,0,0.24,0.06,0.31,0.24,0.31,Matches,Championship,2025-26,44,12,27.3,2.69,0.73,0.09,0.33,,,,,,,,
240,Noah Eile,se SWE,DF,Bristol City,23,2002,15,14,1261,14.0,1,0,1,1,0,0,3,0,0.07,0.00,0.07,0.07,0.07,Matches,Championship,2025-26,2,1,50.0,0.14,0.07,0.50,1.00,,,,,,,,
241,Pierre Ekwah Elimby,fr FRA,MF,Watford,23,2002,7,3,274,3.0,0,0,0,0,0,0,2,0,0.00,0.00,0.00,0.00,0.00,Matches,Championship,2025-26,4,3,75.0,1.31,0.99,0.00,0.00,,,,,,,,
242,Callum Elder,au AUS,"MF,DF",Derby County,30,1995,28,26,2189,24.3,1,5,6,1,0,0,8,0,0.04,0.21,0.25,0.04,0.25,Matches,Championship,2025-26,7,3,42.9,0.29,0.12,0.14,0.33,,,,,,,,
243,Aidomo Emakhu,ie IRL,MF,Oxford United,21,2003,11,5,528,5.9,0,0,0,0,0,0,1,0,0.00,0.00,0.00,0.00,0.00,Matches,Championship,2025-26,5,2,40.0,0.85,0.34,0.00,0.00,,,,,,,,
244,Aidomo Emakhu,ie IRL,MF,Millwall,21,2003,27,12,1163,12.9,2,1,3,2,0,0,0,0,0.15,0.08,0.23,0.15,0.23,Matches,Championship,2025-26,31,9,29.0,2.40,0.70,0.06,0.22,,,,,,,,
245,Joe Emery,,DF,Sheffield Weds,,,3,0,60,0.7,0,0,0,0,0,0,0,0,0.00,0.00,0.00,0.00,0.00,Matches,Championship,2025-26,1,0,0.0,1.50,0.00,0.00,,,,,,,,,
246,Yunus Emre Konak,tr TUR,MF,Oxford United,19,2006,16,12,890,9.9,0,0,0,0,0,0,2,0,0.00,0.00,0.00,0.00,0.00,Matches,Championship,2025-26,7,1,14.3,0.71,0.10,0.00,0.00,,,,,,,,
247,Esquerdinha,br BRA,DF,QPR,19,2006,16,7,606,6.7,0,1,1,0,0,0,0,0,0.00,0.15,0.15,0.00,0.15,Matches,Championship,2025-26,9,1,11.1,1.34,0.15,0.00,0.00,,,,,,,,
248,Romain Esse,eng ENG,MF,Coventry City,20,2005,17,8,758,8.4,2,1,3,2,0,0,2,0,0.24,0.12,0.36,0.24,0.36,Matches,Championship,2025-26,26,9,34.6,3.09,1.07,0.08,0.22,,,,,,,,
249,Milan van Ewijk,nl NED,DF,Coventry City,24,2000,44,43,3777,42.0,0,8,8,0,0,0,8,0,0.00,0.19,0.19,0.00,0.19,Matches,Championship,2025-26,23,1,4.3,0.55,0.02,0.00,0.00,,,,,,,,
250,Wout Faes,be BEL,DF,Leicester City,27,1998,15,9,858,9.5,1,1,2,1,0,0,1,0,0.10,0.10,0.21,0.10,0.21,Matches,Championship,2025-26,7,3,42.9,0.73,0.31,0.14,0.33,,,,,,,,
251,Akin Famewo,eng ENG,DF,Hull City,26,1998,15,7,689,7.7,1,0,1,1,0,0,1,0,0.13,0.00,0.13,0.13,0.13,Matches,Championship,2025-26,2,2,100.0,0.26,0.26,0.50,0.50,,,,,,,,
252,Jacob Farrell,au AUS,DF,Portsmouth,22,2002,1,0,8,0.1,0,0,0,0,0,0,0,0,0.00,0.00,0.00,0.00,0.00,Matches,Championship,2025-26,0,0,,0.00,0.00,,,,,,,,,,
253,Abdul Fatawu Issahaku,gh GHA,MF,Leicester City,21,2004,44,43,3706,41.2,9,7,16,9,0,0,7,0,0.22,0.17,0.39,0.22,0.39,Matches,Championship,2025-26,112,28,25.0,2.72,0.68,0.08,0.32,,,,,,,,
254,Favour Fawunmi,eng ENG,MF,Stoke City,19,2006,2,0,36,0.4,0,0,0,0,0,0,1,0,0.00,0.00,0.00,0.00,0.00,Matches,Championship,2025-26,1,0,0.0,2.50,0.00,0.00,,,,,,,,,
255,Tom Fellows,eng ENG,MF,Southampton,22,2003,37,25,2188,24.3,0,6,6,0,0,0,2,0,0.00,0.25,0.25,0.00,0.25,Matches,Championship,2025-26,34,6,17.6,1.40,0.25,0.00,0.00,,,,,,,,
256,Tom Fellows,eng ENG,MF,West Brom,22,2003,3,3,230,2.6,0,0,0,0,0,0,0,0,0.00,0.00,0.00,0.00,0.00,Matches,Championship,2025-26,4,0,0.0,1.57,0.00,0.00,,,,,,,,,
257,Bruno Fernandes,pt POR,FW,Sheffield Weds,19,2006,4,0,15,0.2,0,0,0,0,0,0,0,0,0.00,0.00,0.00,0.00,0.00,Matches,Championship,2025-26,0,0,,0.00,0.00,,,,,,,,,,
258,Mateus Fernandes,pt POR,MF,Southampton,21,2004,3,2,189,2.1,0,1,1,0,0,0,0,0,0.00,0.48,0.48,0.00,0.48,Matches,Championship,2025-26,4,1,25.0,1.90,0.48,0.00,0.00,,,,,,,,
259,Jayden Fevrier,eng ENG,MF,Charlton Athletic,22,2003,11,4,492,5.5,2,0,2,2,0,0,0,0,0.37,0.00,0.37,0.37,0.37,Matches,Championship,2025-26,8,5,62.5,1.46,0.91,0.25,0.40,,,,,,,,
260,Sam Field,eng ENG,MF,Norwich City,27,1998,13,7,624,6.9,0,1,1,0,0,0,1,0,0.00,0.14,0.14,0.00,0.14,Matches,Championship,2025-26,5,1,20.0,0.72,0.14,0.00,0.00,,,,,,,,
261,Sam Field,eng ENG,"MF,DF",QPR,27,1998,18,9,857,9.5,0,1,1,0,0,0,0,0,0.00,0.11,0.11,0.00,0.11,Matches,Championship,2025-26,8,1,12.5,0.84,0.11,0.00,0.00,,,,,,,,
262,Andy Fisher,eng ENG,GK,Swansea City,27,1998,1,1,90,1.0,0,0,0,0,0,0,0,0,0.00,0.00,0.00,0.00,0.00,Matches,Championship,2025-26,0,0,,0.00,0.00,,,1,1.00,3,2,66.7,0,0.0,
263,Kellen Fisher,eng ENG,"DF,MF",Norwich City,21,2004,43,38,3454,38.4,0,0,0,0,0,0,11,0,0.00,0.00,0.00,0.00,0.00,Matches,Championship,2025-26,27,8,29.6,0.70,0.21,0.00,0.00,,,,,,,,
264,Adam Forshaw,eng ENG,MF,Blackburn,33,1991,22,14,1135,12.6,1,0,1,1,0,0,5,0,0.08,0.00,0.08,0.08,0.08,Matches,Championship,2025-26,10,3,30.0,0.79,0.24,0.10,0.33,,,,,,,,
265,Amankwah Forson,gh GHA,MF,Norwich City,22,2002,19,7,594,6.6,2,1,3,2,0,0,0,0,0.30,0.15,0.45,0.30,0.45,Matches,Championship,2025-26,20,4,20.0,3.03,0.61,0.10,0.50,,,,,,,,
266,Marcus Forss,fi FIN,"FW,MF",Middlesbrough,26,1999,1,0,2,0.0,0,0,0,0,0,0,0,0,0.00,0.00,0.00,0.00,0.00,Matches,Championship,2025-26,0,0,,0.00,0.00,,,,,,,,,,
267,Craig Forsyth,sct SCO,"DF,MF",Derby County,36,1989,19,12,1148,12.8,1,0,1,1,0,0,2,0,0.08,0.00,0.08,0.08,0.08,Matches,Championship,2025-26,3,1,33.3,0.24,0.08,0.33,1.00,,,,,,,,
268,Gonçalo Franco,pt POR,MF,Swansea City,24,2000,45,39,3247,36.1,3,4,7,3,0,0,8,0,0.08,0.11,0.19,0.08,0.19,Matches,Championship,2025-26,36,11,30.6,1.00,0.30,0.08,0.27,,,,,,,,
269,Ryan Fraser,sct SCO,MF,Southampton,31,1994,16,9,879,9.8,0,2,2,0,0,0,0,0,0.00,0.20,0.20,0.00,0.20,Matches,Championship,2025-26,4,3,75.0,0.41,0.31,0.00,0.00,,,,,,,,
270,Oscar Fraulo,dk DEN,MF,Derby County,21,2003,19,2,480,5.3,1,0,1,1,0,0,3,0,0.19,0.00,0.19,0.19,0.19,Matches,Championship,2025-26,4,2,50.0,0.75,0.37,0.25,0.50,,,,,,,,
271,Michael Frey,ch SUI,FW,QPR,31,1994,13,2,313,3.5,0,0,0,0,0,0,0,0,0.00,0.00,0.00,0.00,0.00,Matches,Championship,2025-26,5,1,20.0,1.44,0.29,0.00,0.00,,,,,,,,
272,Dael Fry,eng ENG,DF,Middlesbrough,27,1997,29,20,1833,20.4,3,0,3,3,0,0,1,0,0.15,0.00,0.15,0.15,0.15,Matches,Championship,2025-26,16,6,37.5,0.79,0.29,0.19,0.50,,,,,,,,
273,Mads Frøkjær-Jensen,dk DEN,"MF,FW",Preston,26,1999,18,2,514,5.7,2,0,2,2,0,0,0,0,0.35,0.00,0.35,0.35,0.35,Matches,Championship,2025-26,5,3,60.0,0.88,0.53,0.40,0.67,,,,,,,,
274,Leo Fuhr Hjelde,no NOR,DF,Sheffield United,21,2003,8,2,191,2.1,0,0,0,0,0,0,0,0,0.00,0.00,0.00,0.00,0.00,Matches,Championship,2025-26,0,0,,0.00,0.00,,,,,,,,,,
275,Kanya Fujimoto,jp JPN,MF,Birmingham City,26,1999,5,0,49,0.5,0,0,0,0,0,0,0,0,0.00,0.00,0.00,0.00,0.00,Matches,Championship,2025-26,0,0,,0.00,0.00,,,,,,,,,,
276,Ibrahim Fullah,eng ENG,"MF,FW",Charlton Athletic,18,2007,11,2,357,4.0,0,0,0,0,0,0,1,0,0.00,0.00,0.00,0.00,0.00,Matches,Championship,2025-26,9,4,44.4,2.27,1.01,0.00,0.00,,,,,,,,
277,Jay Fulton,sct SCO,MF,Swansea City,31,1994,31,13,1263,14.0,1,0,1,1,0,0,5,0,0.07,0.00,0.07,0.07,0.07,Matches,Championship,2025-26,9,2,22.2,0.64,0.14,0.11,0.50,,,,,,,,
278,Darnell Furlong,eng ENG,DF,Ipswich Town,29,1995,40,40,3521,39.1,1,3,4,1,0,0,11,0,0.03,0.08,0.10,0.03,0.10,Matches,Championship,2025-26,20,5,25.0,0.51,0.13,0.05,0.20,,,,,,,,
279,Darnell Furlong,eng ENG,DF,West Brom,29,1995,3,3,269,3.0,0,0,0,0,0,0,2,1,0.00,0.00,0.00,0.00,0.00,Matches,Championship,2025-26,3,0,0.0,1.00,0.00,0.00,,,,,,,,,
280,Kyogo Furuhashi,jp JPN,FW,Birmingham City,30,1995,28,8,1019,11.3,1,0,1,1,0,0,1,0,0.09,0.00,0.09,0.09,0.09,Matches,Championship,2025-26,32,8,25.0,2.83,0.71,0.03,0.13,,,,,,,,
281,Sean Fusire,zw ZIM,MF,Sheffield Weds,20,2005,35,23,2252,25.0,1,1,2,1,0,0,6,0,0.04,0.04,0.08,0.04,0.08,Matches,Championship,2025-26,22,3,13.6,0.88,0.12,0.05,0.33,,,,,,,,
282,Ethan Galbraith,nir NIR,"MF,DF",Swansea City,24,2001,39,36,3100,34.4,3,1,4,3,0,0,6,0,0.09,0.03,0.12,0.09,0.12,Matches,Championship,2025-26,57,13,22.8,1.65,0.38,0.05,0.23,,,,,,,,
283,Sam Gallagher,eng ENG,"FW,MF",Stoke City,29,1995,19,4,657,7.3,2,0,2,2,0,0,0,0,0.27,0.00,0.27,0.27,0.27,Matches,Championship,2025-26,10,4,40.0,1.37,0.55,0.20,0.50,,,,,,,,
284,Taylor Gardner-Hickman,eng ENG,"DF,MF",Birmingham City,23,2001,1,0,2,0.0,0,0,0,0,0,0,0,0,0.00,0.00,0.00,0.00,0.00,Matches,Championship,2025-26,0,0,,0.00,0.00,,,,,,,,,,
285,Taylor Gardner-Hickman,eng ENG,MF,Blackburn,23,2001,30,23,1978,22.0,0,0,0,0,0,0,9,0,0.00,0.00,0.00,0.00,0.00,Matches,Championship,2025-26,33,3,9.1,1.50,0.14,0.00,0.00,,,,,,,,
286,Joe Gelhardt,eng ENG,MF,Hull City,23,2002,39,35,2804,31.2,14,4,18,13,1,2,5,0,0.45,0.13,0.58,0.42,0.55,Matches,Championship,2025-26,80,37,46.3,2.57,1.19,0.16,0.35,,,,,,,,
287,Liam Gibbs,eng ENG,"MF,DF",Norwich City,22,2002,20,13,1191,13.2,1,0,1,1,0,0,2,0,0.08,0.00,0.08,0.08,0.08,Matches,Championship,2025-26,17,6,35.3,1.28,0.45,0.06,0.17,,,,,,,,
288,Ben Gibson,eng ENG,DF,Stoke City,32,1993,13,7,727,8.1,1,0,1,1,0,0,1,0,0.12,0.00,0.12,0.12,0.12,Matches,Championship,2025-26,6,1,16.7,0.74,0.12,0.17,1.00,,,,,,,,
289,Lewis Gibson,eng ENG,DF,Preston,25,2000,27,25,2191,24.3,1,0,1,1,0,0,3,0,0.04,0.00,0.04,0.04,0.04,Matches,Championship,2025-26,11,5,45.5,0.45,0.21,0.09,0.20,,,,,,,,
290,Alexander Gilbert,ie IRL,MF,Middlesbrough,23,2001,21,9,871,9.7,1,1,2,1,0,0,5,0,0.10,0.10,0.21,0.10,0.21,Matches,Championship,2025-26,18,6,33.3,1.86,0.62,0.06,0.17,,,,,,,,
291,Alfie Gilchrist,eng ENG,DF,West Brom,21,2003,13,8,660,7.3,0,0,0,0,0,0,0,1,0.00,0.00,0.00,0.00,0.00,Matches,Championship,2025-26,3,0,0.0,0.41,0.00,0.00,,,,,,,,,
292,Ryan Giles,eng ENG,"DF,MF",Hull City,25,2000,32,30,2481,27.6,0,8,8,0,0,0,7,0,0.00,0.29,0.29,0.00,0.29,Matches,Championship,2025-26,11,2,18.2,0.40,0.07,0.00,0.00,,,,,,,,
293,Macaulay Gillesphey,eng ENG,DF,Charlton Athletic,29,1995,35,22,2065,22.9,2,0,2,2,0,0,4,0,0.09,0.00,0.09,0.09,0.09,Matches,Championship,2025-26,11,6,54.5,0.48,0.26,0.18,0.33,,,,,,,,
294,Matthew Godden,eng ENG,"MF,FW",Charlton Athletic,34,1991,11,2,303,3.4,2,0,2,2,0,0,1,0,0.59,0.00,0.59,0.59,0.59,Matches,Championship,2025-26,15,5,33.3,4.46,1.49,0.13,0.40,,,,,,,,
295,Ben Godfrey,eng ENG,DF,Sheffield United,27,1998,4,4,315,3.5,0,0,0,0,0,0,0,0,0.00,0.00,0.00,0.00,0.00,Matches,Championship,2025-26,1,0,0.0,0.29,0.00,0.00,,,,,,,,,
296,Saba Goglichidze,ge GEO,DF,Watford,21,2004,12,11,916,10.2,0,0,0,0,0,0,2,0,0.00,0.00,0.00,0.00,0.00,Matches,Championship,2025-26,6,1,16.7,0.59,0.10,0.00,0.00,,,,,,,,
297,Tyler Goodrham,eng ENG,MF,Oxford United,21,2003,13,9,680,7.6,1,1,2,1,0,0,2,0,0.13,0.13,0.26,0.13,0.26,Matches,Championship,2025-26,16,4,25.0,2.12,0.53,0.06,0.25,,,,,,,,
298,Kenzo Goudmijn,nl NED,MF,Derby County,23,2001,3,1,95,1.1,0,0,0,0,0,0,0,0,0.00,0.00,0.00,0.00,0.00,Matches,Championship,2025-26,2,0,0.0,1.89,0.00,0.00,,,,,,,,,
299,Keenan Gough,eng ENG,DF,Charlton Athletic,19,2006,3,2,150,1.7,0,0,0,0,0,0,0,0,0.00,0.00,0.00,0.00,0.00,Matches,Championship,2025-26,0,0,,0.00,0.00,,,,,,,,,,
300,William Grainger,wls WAL,MF,Sheffield Weds,16,2008,6,1,108,1.2,1,0,1,1,0,0,0,0,0.83,0.00,0.83,0.83,0.83,Matches,Championship,2025-26,5,2,40.0,4.17,1.67,0.20,0.50,,,,,,,,
301,Karlan Grant,eng ENG,MF,West Brom,27,1997,27,17,1622,18.0,4,0,4,4,0,0,3,0,0.22,0.00,0.22,0.22,0.22,Matches,Championship,2025-26,41,14,34.1,2.27,0.78,0.10,0.29,,,,,,,,
302,Demarai Gray,jm JAM,MF,Birmingham City,29,1996,37,27,2285,25.4,5,5,10,5,0,0,5,0,0.20,0.20,0.39,0.20,0.39,Matches,Championship,2025-26,67,20,29.9,2.64,0.79,0.07,0.25,,,,,,,,
303,Kevon Gray,,DF,Leicester City,,,1,0,3,0.0,0,0,0,0,0,0,0,0,0.00,0.00,0.00,0.00,0.00,Matches,Championship,2025-26,0,0,,0.00,0.00,,,,,,,,,,
304,Jacob Greaves,eng ENG,DF,Ipswich Town,24,2000,24,23,2048,22.8,1,2,3,1,0,0,5,0,0.04,0.09,0.13,0.04,0.13,Matches,Championship,2025-26,14,7,50.0,0.62,0.31,0.07,0.14,,,,,,,,
305,Jack Grieves,eng ENG,FW,Watford,20,2004,3,0,76,0.8,0,0,0,0,0,0,0,0,0.00,0.00,0.00,0.00,0.00,Matches,Championship,2025-26,0,0,,0.00,0.00,,,,,,,,,,
306,Joshua Griffiths,eng ENG,GK,West Brom,23,2001,24,23,2095,23.3,0,0,0,0,0,0,0,0,0.00,0.00,0.00,0.00,0.00,Matches,Championship,2025-26,0,0,,0.00,0.00,,,34,1.46,85,50,60.0,6,26.1,100.0
307,Matt Grimes,eng ENG,MF,Coventry City,30,1995,46,46,4123,45.8,2,2,4,1,1,1,5,0,0.04,0.04,0.09,0.02,0.07,Matches,Championship,2025-26,32,6,18.8,0.70,0.13,0.03,0.17,,,,,,,,
308,Daniel Grimshaw,eng ENG,GK,Norwich City,27,1998,1,1,90,1.0,0,1,1,0,0,0,0,0,0.00,1.00,1.00,0.00,1.00,Matches,Championship,2025-26,0,0,,0.00,0.00,,,0,0.00,1,1,100.0,1,100.0,
309,Makhtar Gueye,sn SEN,FW,Blackburn,27,1997,16,0,202,2.2,0,0,0,0,0,0,1,0,0.00,0.00,0.00,0.00,0.00,Matches,Championship,2025-26,7,2,28.6,3.12,0.89,0.00,0.00,,,,,,,,
310,Andri Guðjohnsen,is ISL,FW,Blackburn,23,2002,25,18,1549,17.2,7,0,7,7,0,0,1,0,0.41,0.00,0.41,0.41,0.41,Matches,Championship,2025-26,29,13,44.8,1.68,0.76,0.24,0.54,,,,,,,,
311,Darko Gyabi,eng ENG,MF,Hull City,21,2004,20,6,699,7.8,2,0,2,2,0,0,0,0,0.26,0.00,0.26,0.26,0.26,Matches,Championship,2025-26,10,3,30.0,1.29,0.39,0.20,0.67,,,,,,,,
312,Hayden Hackney,eng ENG,MF,Middlesbrough,23,2002,38,38,3305,36.7,5,7,12,5,0,0,4,0,0.14,0.19,0.33,0.14,0.33,Matches,Championship,2025-26,98,24,24.5,2.67,0.65,0.05,0.21,,,,,,,,
313,Amir Hadžiahmetović,ba BIH,MF,Hull City,28,1997,37,26,2119,23.5,0,2,2,0,0,0,1,0,0.00,0.08,0.08,0.00,0.08,Matches,Championship,2025-26,12,0,0.0,0.51,0.00,0.00,,,,,,,,,
314,Ali Al Hamadi,iq IRQ,FW,Ipswich Town,23,2002,1,0,12,0.1,0,0,0,0,0,0,0,0,0.00,0.00,0.00,0.00,0.00,Matches,Championship,2025-26,0,0,,0.00,0.00,,,,,,,,,,
315,Ben Hamer,eng ENG,GK,QPR,37,1987,7,7,558,6.2,0,0,0,0,0,0,0,0,0.00,0.00,0.00,0.00,0.00,Matches,Championship,2025-26,0,0,,0.00,0.00,,,6,0.97,17,11,64.7,3,42.9,
316,Gustavo Hamer,nl NED,MF,Sheffield United,28,1997,37,27,2500,27.8,5,12,17,3,2,2,11,0,0.18,0.43,0.61,0.11,0.54,Matches,Championship,2025-26,71,22,31.0,2.56,0.79,0.04,0.14,,,,,,,,
317,Micah Hamilton,eng ENG,MF,Middlesbrough,21,2003,4,1,51,0.6,0,0,0,0,0,0,0,0,0.00,0.00,0.00,0.00,0.00,Matches,Championship,2025-26,1,0,0.0,1.76,0.00,0.00,,,,,,,,,
318,Sontje Hansen,cw CUW,MF,Middlesbrough,23,2002,17,4,497,5.5,1,0,1,1,0,0,1,0,0.18,0.00,0.18,0.18,0.18,Matches,Championship,2025-26,15,5,33.3,2.72,0.91,0.07,0.20,,,,,,,,
319,Ryan Hardie,sct SCO,FW,Wrexham,28,1997,6,2,181,2.0,0,0,0,0,0,0,0,0,0.00,0.00,0.00,0.00,0.00,Matches,Championship,2025-26,8,3,37.5,3.98,1.49,0.00,0.00,,,,,,,,
320,Wes Harding,jm JAM,DF,Millwall,28,1996,8,2,203,2.3,0,0,0,0,0,0,0,0,0.00,0.00,0.00,0.00,0.00,Matches,Championship,2025-26,0,0,,0.00,0.00,,,,,,,,,,
321,Luke Harris,wls WAL,MF,Oxford United,20,2005,16,7,625,6.9,1,0,1,1,0,0,2,0,0.14,0.00,0.14,0.14,0.14,Matches,Championship,2025-26,7,2,28.6,1.01,0.29,0.14,0.50,,,,,,,,
322,Mark Harris,wls WAL,FW,Oxford United,26,1998,37,10,1034,11.5,3,0,3,3,0,0,3,0,0.26,0.00,0.26,0.26,0.26,Matches,Championship,2025-26,20,7,35.0,1.74,0.61,0.15,0.43,,,,,,,,
323,Taylor Harwood-Bellis,eng ENG,DF,Southampton,23,2002,41,41,3690,41.0,7,1,8,7,0,0,9,0,0.17,0.02,0.20,0.17,0.20,Matches,Championship,2025-26,41,17,41.5,1.00,0.41,0.17,0.41,,,,,,,,
324,Isaac Hayden,jm JAM,MF,QPR,30,1995,29,15,1491,16.6,0,2,2,0,0,0,6,0,0.00,0.12,0.12,0.00,0.12,Matches,Championship,2025-26,14,4,28.6,0.85,0.24,0.00,0.00,,,,,,,,
325,Ryan Hedges,wls WAL,MF,Blackburn,30,1995,24,18,1572,17.5,1,2,3,1,0,0,3,0,0.06,0.11,0.17,0.06,0.17,Matches,Championship,2025-26,19,3,15.8,1.09,0.17,0.05,0.33,,,,,,,,
326,Aune Heggebø,no NOR,FW,West Brom,24,2001,46,37,3153,35.0,9,4,13,9,0,0,2,0,0.26,0.11,0.37,0.26,0.37,Matches,Championship,2025-26,71,28,39.4,2.03,0.80,0.13,0.32,,,,,,,,
327,Torbjørn Heggem,no NOR,DF,West Brom,26,1999,1,1,90,1.0,0,0,0,0,0,0,0,0,0.00,0.00,0.00,0.00,0.00,Matches,Championship,2025-26,0,0,,0.00,0.00,,,,,,,,,,
328,Michał Helik,pl POL,DF,Oxford United,29,1995,43,42,3739,41.5,1,4,5,1,0,0,5,0,0.02,0.10,0.12,0.02,0.12,Matches,Championship,2025-26,30,8,26.7,0.72,0.19,0.03,0.13,,,,,,,,
329,Axel Henriksson,se SWE,"MF,FW",Blackburn,23,2002,18,9,753,8.4,0,0,0,0,0,0,2,0,0.00,0.00,0.00,0.00,0.00,Matches,Championship,2025-26,10,4,40.0,1.20,0.48,0.00,0.00,,,,,,,,
330,Onel Hernández,cu CUB,MF,Charlton Athletic,32,1993,6,2,225,2.5,0,0,0,0,0,0,1,0,0.00,0.00,0.00,0.00,0.00,Matches,Championship,2025-26,2,0,0.0,0.80,0.00,0.00,,,,,,,,,
331,Jaden Heskey,eng ENG,MF,Sheffield Weds,19,2005,20,19,1713,19.0,0,0,0,0,0,0,5,0,0.00,0.00,0.00,0.00,0.00,Matches,Championship,2025-26,4,1,25.0,0.21,0.05,0.00,0.00,,,,,,,,
332,Yu Hirakawa,jp JPN,MF,Hull City,24,2001,7,2,272,3.0,0,1,1,0,0,0,0,0,0.00,0.33,0.33,0.00,0.33,Matches,Championship,2025-26,2,1,50.0,0.66,0.33,0.00,0.00,,,,,,,,
333,Yu Hirakawa,jp JPN,MF,Bristol City,24,2001,24,3,524,5.8,1,2,3,1,0,0,2,0,0.17,0.34,0.52,0.17,0.52,Matches,Championship,2025-26,8,2,25.0,1.37,0.34,0.13,0.50,,,,,,,,
334,George Hirst,sct SCO,FW,Ipswich Town,26,1999,42,25,2106,23.4,11,3,14,10,1,2,5,0,0.47,0.13,0.60,0.43,0.56,Matches,Championship,2025-26,67,29,43.3,2.86,1.24,0.15,0.34,,,,,,,,
335,Ki-Jana Hoever,nl NED,DF,Sheffield United,23,2002,15,5,551,6.1,0,0,0,0,0,0,2,0,0.00,0.00,0.00,0.00,0.00,Matches,Championship,2025-26,4,1,25.0,0.65,0.16,0.00,0.00,,,,,,,,
336,Tomi Horvat,si SVN,MF,Bristol City,26,1999,15,11,853,9.5,1,4,5,0,1,1,1,0,0.11,0.42,0.53,0.00,0.42,Matches,Championship,2025-26,24,8,33.3,2.53,0.84,0.00,0.00,,,,,,,,
337,Ethan Horvath,us USA,GK,Sheffield Weds,30,1995,14,14,1259,14.0,0,0,0,0,0,0,1,1,0.00,0.00,0.00,0.00,0.00,Matches,Championship,2025-26,0,0,,0.00,0.00,,,28,2.00,78,50,64.1,2,14.3,0.0
338,Andrew Hughes,wls WAL,DF,Preston,33,1992,38,37,3293,36.6,1,0,1,1,0,0,10,0,0.03,0.00,0.03,0.03,0.03,Matches,Championship,2025-26,27,5,18.5,0.74,0.14,0.04,0.20,,,,,,,,
339,Charlie Hughes,eng ENG,DF,Hull City,21,2003,38,36,3189,35.4,1,1,2,1,0,0,6,1,0.03,0.03,0.06,0.03,0.06,Matches,Championship,2025-26,16,5,31.3,0.45,0.14,0.06,0.20,,,,,,,,
340,Cameron Humphreys,eng ENG,MF,Ipswich Town,21,2003,3,0,12,0.1,0,0,0,0,0,0,0,0,0.00,0.00,0.00,0.00,0.00,Matches,Championship,2025-26,0,0,,0.00,0.00,,,,,,,,,,
341,Dominic Hyam,sct SCO,DF,Wrexham,29,1995,40,40,3588,39.9,0,0,0,0,0,0,4,0,0.00,0.00,0.00,0.00,0.00,Matches,Championship,2025-26,13,2,15.4,0.33,0.05,0.00,0.00,,,,,,,,
342,Dominic Hyam,sct SCO,DF,Blackburn,29,1995,4,4,360,4.0,0,0,0,0,0,0,0,0,0.00,0.00,0.00,0.00,0.00,Matches,Championship,2025-26,1,0,0.0,0.25,0.00,0.00,,,,,,,,,
343,Cruz Ibeh,,FW,Middlesbrough,,,1,0,1,0.0,0,0,0,0,0,0,0,0,0.00,0.00,0.00,0.00,0.00,Matches,Championship,2025-26,0,0,,0.00,0.00,,,,,,,,,,
344,Adam Idah,ie IRL,FW,Swansea City,24,2001,25,6,844,9.4,6,2,8,5,1,1,1,0,0.64,0.21,0.85,0.53,0.75,Matches,Championship,2025-26,22,11,50.0,2.35,1.17,0.23,0.45,,,,,,,,
345,Samuel Iling-Junior,eng ENG,"MF,DF",West Brom,21,2003,24,14,1289,14.3,1,0,1,1,0,0,1,0,0.07,0.00,0.07,0.07,0.07,Matches,Championship,2025-26,30,6,20.0,2.09,0.42,0.03,0.17,,,,,,,,
346,Danny Imray,eng ENG,DF,West Brom,22,2003,16,13,1119,12.4,1,2,3,1,0,0,3,0,0.08,0.16,0.24,0.08,0.24,Matches,Championship,2025-26,9,4,44.4,0.72,0.32,0.11,0.25,,,,,,,,
347,Tom Ince,eng ENG,MF,Watford,33,1992,27,10,1019,11.3,4,0,4,4,0,1,0,0,0.35,0.00,0.35,0.35,0.35,Matches,Championship,2025-26,36,15,41.7,3.18,1.32,0.11,0.27,,,,,,,,
348,Svante Ingelsson,se SWE,MF,Sheffield Weds,27,1998,40,39,3344,37.2,1,0,1,1,0,0,4,0,0.03,0.00,0.03,0.03,0.03,Matches,Championship,2025-26,28,8,28.6,0.75,0.22,0.04,0.13,,,,,,,,
349,Danny Ings,eng ENG,FW,Sheffield United,33,1992,23,5,619,6.9,2,0,2,2,0,0,1,0,0.29,0.00,0.29,0.29,0.29,Matches,Championship,2025-26,19,5,26.3,2.76,0.73,0.11,0.40,,,,,,,,
350,Zeidane Inoussa,se SWE,"MF,FW",Swansea City,23,2002,25,12,1086,12.1,0,2,2,0,0,0,4,0,0.00,0.17,0.17,0.00,0.17,Matches,Championship,2025-26,17,6,35.3,1.41,0.50,0.00,0.00,,,,,,,,
351,Dominic Iorfa,eng ENG,DF,Sheffield Weds,30,1995,34,32,2657,29.5,1,0,1,1,0,0,6,0,0.03,0.00,0.03,0.03,0.03,Matches,Championship,2025-26,15,3,20.0,0.51,0.10,0.07,0.33,,,,,,,,
352,Nestory Irankunda,au AUS,"MF,FW",Watford,19,2006,40,22,2031,22.6,4,4,8,4,0,0,12,1,0.18,0.18,0.35,0.18,0.35,Matches,Championship,2025-26,68,25,36.8,3.01,1.11,0.06,0.16,,,,,,,,
353,Mihailo Ivanović,rs SRB,FW,Millwall,20,2004,44,31,2987,33.2,9,3,12,9,0,1,2,0,0.27,0.09,0.36,0.27,0.36,Matches,Championship,2025-26,78,33,42.3,2.35,0.99,0.12,0.27,,,,,,,,
354,Daniel Iversen,dk DEN,GK,Preston,28,1997,36,36,3195,35.5,0,1,1,0,0,0,3,0,0.00,0.03,0.03,0.00,0.03,Matches,Championship,2025-26,0,0,,0.00,0.00,,,42,1.18,142,99,70.4,8,22.2,33.3
355,Tomoki Iwata,jp JPN,"DF,MF",Birmingham City,28,1997,45,42,3811,42.3,3,1,4,3,0,0,8,0,0.07,0.02,0.09,0.07,0.09,Matches,Championship,2025-26,51,12,23.5,1.20,0.28,0.06,0.25,,,,,,,,
356,Kayden Jackson,eng ENG,"MF,FW",Derby County,31,1994,19,2,383,4.3,0,0,0,0,0,0,2,0,0.00,0.00,0.00,0.00,0.00,Matches,Championship,2025-26,5,4,80.0,1.17,0.94,0.00,0.00,,,,,,,,
357,Matty Jacob,eng ENG,DF,Hull City,24,2001,5,1,176,2.0,0,0,0,0,0,0,0,0,0.00,0.00,0.00,0.00,0.00,Matches,Championship,2025-26,0,0,,0.00,0.00,,,,,,,,,,
358,Jordan James,wls WAL,MF,Leicester City,21,2004,34,27,2118,23.5,11,4,15,10,1,1,6,0,0.47,0.17,0.64,0.42,0.59,Matches,Championship,2025-26,44,20,45.5,1.87,0.85,0.23,0.50,,,,,,,,
359,Matty James,eng ENG,MF,Wrexham,34,1991,37,24,2235,24.8,1,2,3,1,0,0,4,0,0.04,0.08,0.12,0.04,0.12,Matches,Championship,2025-26,11,2,18.2,0.44,0.08,0.09,0.50,,,,,,,,
360,Caspar Jander,de GER,MF,Southampton,22,2003,36,32,2728,30.3,2,1,3,2,0,0,6,0,0.07,0.03,0.10,0.07,0.10,Matches,Championship,2025-26,23,6,26.1,0.76,0.20,0.09,0.33,,,,,,,,
361,Daniel Jebbison,ca CAN,FW,Preston,21,2003,38,22,2012,22.4,6,2,8,6,0,0,2,0,0.27,0.09,0.36,0.27,0.36,Matches,Championship,2025-26,41,13,31.7,1.83,0.58,0.15,0.46,,,,,,,,
362,Elias Jelert,dk DEN,"DF,MF",Southampton,22,2003,8,3,325,3.6,0,1,1,0,0,0,0,0,0.00,0.28,0.28,0.00,0.28,Matches,Championship,2025-26,0,0,,0.00,0.00,,,,,,,,,,
363,Eom Ji-sung,kr KOR,"MF,FW",Swansea City,23,2002,44,31,2442,27.1,2,2,4,2,0,0,3,0,0.07,0.07,0.15,0.07,0.15,Matches,Championship,2025-26,54,14,25.9,1.99,0.52,0.04,0.14,,,,,,,,
364,Jamaldeen Jimoh,eng ENG,MF,West Brom,18,2006,10,4,352,3.9,0,1,1,0,0,0,0,0,0.00,0.26,0.26,0.00,0.26,Matches,Championship,2025-26,5,1,20.0,1.28,0.26,0.00,0.00,,,,,,,,
365,Jeon Jinwoo,kr KOR,MF,Oxford United,25,1999,7,2,226,2.5,0,0,0,0,0,0,0,0,0.00,0.00,0.00,0.00,0.00,Matches,Championship,2025-26,4,1,25.0,1.59,0.40,0.00,0.00,,,,,,,,
366,Viktor Johansson,se SWE,GK,Stoke City,26,1998,25,25,2250,25.0,0,1,1,0,0,0,2,0,0.00,0.04,0.04,0.00,0.04,Matches,Championship,2025-26,0,0,,0.00,0.00,,,25,1.00,98,73,74.5,8,32.0,0.0
367,Ben Johnson,eng ENG,"DF,MF",Ipswich Town,25,2000,17,9,847,9.4,1,1,2,1,0,0,1,0,0.11,0.11,0.21,0.11,0.21,Matches,Championship,2025-26,5,2,40.0,0.53,0.21,0.20,0.50,,,,,,,,
368,Reece Johnson,eng ENG,"MF,DF",Sheffield Weds,19,2006,12,4,459,5.1,0,0,0,0,0,0,1,0,0.00,0.00,0.00,0.00,0.00,Matches,Championship,2025-26,2,0,0.0,0.39,0.00,0.00,,,,,,,,,
369,Max Johnston,sct SCO,"DF,MF",Derby County,21,2003,15,11,962,10.7,0,1,1,0,0,0,1,0,0.00,0.09,0.09,0.00,0.09,Matches,Championship,2025-26,11,2,18.2,1.03,0.19,0.00,0.00,,,,,,,,
370,Michael Johnston,ie IRL,MF,West Brom,26,1999,34,27,2305,25.6,2,9,11,2,0,0,3,0,0.08,0.35,0.43,0.08,0.43,Matches,Championship,2025-26,64,16,25.0,2.50,0.62,0.03,0.13,,,,,,,,
371,Alfie Jones,ca CAN,DF,Middlesbrough,27,1997,22,22,1882,20.9,1,1,2,1,0,0,3,1,0.05,0.05,0.10,0.05,0.10,Matches,Championship,2025-26,7,2,28.6,0.33,0.10,0.14,0.50,,,,,,,,
372,Lloyd Jones,eng ENG,DF,Charlton Athletic,29,1995,46,45,3944,43.8,1,1,2,1,0,0,9,0,0.02,0.02,0.05,0.02,0.05,Matches,Championship,2025-26,32,10,31.3,0.73,0.23,0.03,0.10,,,,,,,,
373,Kyle Joseph,sct SCO,"MF,FW",Hull City,23,2001,44,27,2302,25.6,8,5,13,8,0,0,7,0,0.31,0.20,0.51,0.31,0.51,Matches,Championship,2025-26,47,23,48.9,1.84,0.90,0.17,0.35,,,,,,,,
374,Bae Jun-ho,kr KOR,MF,Stoke City,21,2003,42,32,2923,32.5,2,3,5,2,0,0,1,0,0.06,0.09,0.15,0.06,0.15,Matches,Championship,2025-26,48,14,29.2,1.48,0.43,0.04,0.14,,,,,,,,
375,Matěj Jurásek,cz CZE,"MF,FW",Norwich City,21,2003,16,6,492,5.5,0,2,2,0,0,0,0,0,0.00,0.37,0.37,0.00,0.37,Matches,Championship,2025-26,10,3,30.0,1.83,0.55,0.00,0.00,,,,,,,,
376,James Justin,eng ENG,DF,Leicester City,27,1998,2,2,153,1.7,0,0,0,0,0,0,0,0,0.00,0.00,0.00,0.00,0.00,Matches,Championship,2025-26,3,0,0.0,1.76,0.00,0.00,,,,,,,,,
377,Mathias Jørgensen,dk DEN,"FW,MF",Blackburn,24,2000,20,11,1093,12.1,5,0,5,5,0,0,0,0,0.41,0.00,0.41,0.41,0.41,Matches,Championship,2025-26,13,7,53.8,1.07,0.58,0.38,0.71,,,,,,,,
378,Issa Kaboré,bf BFA,MF,Wrexham,24,2001,30,26,2262,25.1,0,8,8,0,0,0,3,0,0.00,0.32,0.32,0.00,0.32,Matches,Championship,2025-26,12,3,25.0,0.48,0.12,0.00,0.00,,,,,,,,
379,Mamadou Kaly Sene,sn SEN,"FW,MF",Middlesbrough,24,2001,28,5,720,8.0,2,0,2,2,0,0,2,0,0.25,0.00,0.25,0.25,0.25,Matches,Championship,2025-26,9,3,33.3,1.13,0.37,0.22,0.67,,,,,,,,
380,Abu Kamara,eng ENG,FW,Hull City,22,2003,2,1,103,1.1,0,0,0,0,0,0,0,0,0.00,0.00,0.00,0.00,0.00,Matches,Championship,2025-26,2,1,50.0,1.75,0.87,0.00,0.00,,,,,,,,
381,Thomas Kaminski,be BEL,GK,Charlton Athletic,32,1992,37,37,3330,37.0,0,0,0,0,0,0,3,0,0.00,0.00,0.00,0.00,0.00,Matches,Championship,2025-26,0,0,,0.00,0.00,,,49,1.32,153,104,68.0,11,29.7,25.0
382,Abdoulaye Kanté,fr FRA,MF,Middlesbrough,20,2005,4,1,85,0.9,0,0,0,0,0,0,0,0,0.00,0.00,0.00,0.00,0.00,Matches,Championship,2025-26,0,0,,0.00,0.00,,,,,,,,,,
383,Augustus Kargbo,sl SLE,MF,Blackburn,25,1999,10,3,446,5.0,1,1,2,1,0,0,0,0,0.20,0.20,0.40,0.20,0.40,Matches,Championship,2025-26,10,3,30.0,2.02,0.61,0.10,0.33,,,,,,,,
384,Edo Kayembe,cd COD,"MF,FW",Watford,27,1998,37,28,2496,27.7,4,1,5,3,1,1,4,0,0.14,0.04,0.18,0.11,0.14,Matches,Championship,2025-26,56,12,21.4,2.02,0.43,0.05,0.25,,,,,,,,
385,Will Keane,ie IRL,"FW,MF",Preston,32,1993,2,0,26,0.3,1,0,1,1,0,0,0,0,3.46,0.00,3.46,3.46,3.46,Matches,Championship,2025-26,1,1,100.0,3.46,3.46,1.00,1.00,,,,,,,,
386,Kévin Keben,cm CMR,DF,Watford,21,2004,29,22,2114,23.5,0,1,1,0,0,0,3,0,0.00,0.04,0.04,0.00,0.04,Matches,Championship,2025-26,7,1,14.3,0.30,0.04,0.00,0.00,,,,,,,,
387,Davis Keillor-Dunn,eng ENG,"FW,MF",Wrexham,27,1997,6,0,88,1.0,0,0,0,0,0,0,0,0,0.00,0.00,0.00,0.00,0.00,Matches,Championship,2025-26,3,0,0.0,3.07,0.00,0.00,,,,,,,,,
388,Daniel Kelly,sct SCO,MF,Millwall,19,2005,9,3,338,3.8,0,0,0,0,0,0,0,0,0.00,0.00,0.00,0.00,0.00,Matches,Championship,2025-26,4,2,50.0,1.07,0.53,0.00,0.00,,,,,,,,
389,Charlie Kelman,us USA,FW,Charlton Athletic,23,2001,33,19,1529,17.0,7,1,8,5,2,2,1,0,0.41,0.06,0.47,0.29,0.35,Matches,Championship,2025-26,28,19,67.9,1.65,1.12,0.18,0.26,,,,,,,,
390,Kaine Kesler-Hayden,eng ENG,"DF,MF",Coventry City,22,2002,22,5,595,6.6,2,1,3,2,0,0,1,0,0.30,0.15,0.45,0.30,0.45,Matches,Championship,2025-26,9,3,33.3,1.36,0.45,0.22,0.67,,,,,,,,
391,Josh Key,eng ENG,DF,Swansea City,25,1999,30,22,2037,22.6,2,1,3,2,0,0,3,0,0.09,0.04,0.13,0.09,0.13,Matches,Championship,2025-26,16,2,12.5,0.71,0.09,0.13,1.00,,,,,,,,
392,Bilal El Khannouss,ma MAR,MF,Leicester City,21,2004,2,2,135,1.5,0,2,2,0,0,0,0,0,0.00,1.33,1.33,0.00,1.33,Matches,Championship,2025-26,5,1,20.0,3.33,0.67,0.00,0.00,,,,,,,,
393,Ben Killip,eng ENG,GK,Portsmouth,29,1995,4,2,332,3.7,0,0,0,0,0,0,0,0,0.00,0.00,0.00,0.00,0.00,Matches,Championship,2025-26,0,0,,0.00,0.00,,,4,1.08,17,13,76.5,1,50.0,
394,Cédric Kipré,ci CIV,DF,Ipswich Town,28,1996,32,29,2591,28.8,3,2,5,3,0,0,10,0,0.10,0.07,0.17,0.10,0.17,Matches,Championship,2025-26,20,6,30.0,0.69,0.21,0.15,0.50,,,,,,,,
395,Makenzie Kirk,nir NIR,FW,Portsmouth,21,2004,14,4,459,5.1,1,0,1,1,0,0,1,0,0.20,0.00,0.20,0.20,0.20,Matches,Championship,2025-26,19,8,42.1,3.73,1.57,0.05,0.13,,,,,,,,
396,Liam Kitching,eng ENG,DF,Coventry City,25,1999,38,37,3338,37.1,2,0,2,2,0,0,7,0,0.05,0.00,0.05,0.05,0.05,Matches,Championship,2025-26,43,13,30.2,1.16,0.35,0.05,0.15,,,,,,,,
397,Luca Kjerrumgaard,dk DEN,FW,Watford,22,2003,43,35,2836,31.5,10,1,11,10,0,0,1,0,0.32,0.03,0.35,0.32,0.35,Matches,Championship,2025-26,69,35,50.7,2.19,1.11,0.14,0.29,,,,,,,,
398,Christoph Klarer,at AUT,DF,Birmingham City,25,2000,43,43,3869,43.0,3,0,3,3,0,0,9,1,0.07,0.00,0.07,0.07,0.07,Matches,Championship,2025-26,21,4,19.0,0.49,0.09,0.14,0.75,,,,,,,,
399,Harvey Knibbs,eng ENG,MF,Charlton Athletic,26,1999,26,7,674,7.5,3,0,3,3,0,0,4,0,0.40,0.00,0.40,0.40,0.40,Matches,Championship,2025-26,8,4,50.0,1.07,0.53,0.38,0.75,,,,,,,,
400,Jason Knight,ie IRL,"MF,DF",Bristol City,24,2001,34,30,2774,30.8,0,2,2,0,0,0,4,0,0.00,0.06,0.06,0.00,0.06,Matches,Championship,2025-26,21,4,19.0,0.68,0.13,0.00,0.00,,,,,,,,
401,Josh Knight,eng ENG,DF,Portsmouth,27,1997,14,10,974,10.8,0,0,0,0,0,0,0,0,0.00,0.00,0.00,0.00,0.00,Matches,Championship,2025-26,5,0,0.0,0.46,0.00,0.00,,,,,,,,,
402,Olaf Kobacki,pl POL,"MF,FW",Sheffield Weds,24,2001,13,4,480,5.3,0,0,0,0,0,0,0,0,0.00,0.00,0.00,0.00,0.00,Matches,Championship,2025-26,10,3,30.0,1.87,0.56,0.00,0.00,,,,,,,,
403,Rayan Kolli,dz ALG,"FW,MF",QPR,20,2005,23,10,1054,11.7,5,0,5,5,0,0,1,0,0.43,0.00,0.43,0.43,0.43,Matches,Championship,2025-26,30,10,33.3,2.56,0.85,0.17,0.50,,,,,,,,
404,Richard Kone,ci CIV,"FW,MF",QPR,22,2003,43,38,3320,36.9,10,2,12,9,1,1,7,0,0.27,0.05,0.33,0.24,0.30,Matches,Championship,2025-26,92,34,37.0,2.49,0.92,0.10,0.26,,,,,,,,
405,Márk Kosznovszky,hu HUN,MF,Portsmouth,23,2002,15,6,643,7.1,0,0,0,0,0,0,1,0,0.00,0.00,0.00,0.00,0.00,Matches,Championship,2025-26,5,0,0.0,0.70,0.00,0.00,,,,,,,,,
406,Lewis Koumas,wls WAL,"MF,FW",Birmingham City,19,2005,23,7,754,8.4,1,0,1,1,0,0,1,0,0.12,0.00,0.12,0.12,0.12,Matches,Championship,2025-26,11,2,18.2,1.31,0.24,0.09,0.50,,,,,,,,
407,Lewis Koumas,wls WAL,"MF,FW",Hull City,19,2005,17,4,627,7.0,3,0,3,3,0,0,0,0,0.43,0.00,0.43,0.43,0.43,Matches,Championship,2025-26,7,3,42.9,1.00,0.43,0.43,1.00,,,,,,,,
408,Vladan Kovačević,ba BIH,GK,Norwich City,27,1998,45,45,4050,45.0,0,0,0,0,0,0,6,0,0.00,0.00,0.00,0.00,0.00,Matches,Championship,2025-26,0,0,,0.00,0.00,,,56,1.24,172,116,67.4,8,17.8,40.0
409,Filip Krastev,bg BUL,MF,Oxford United,23,2001,16,10,854,9.5,1,1,2,1,0,0,1,0,0.11,0.11,0.21,0.11,0.21,Matches,Championship,2025-26,13,4,30.8,1.37,0.42,0.08,0.25,,,,,,,,
410,Mathias Kvistgaarden,dk DEN,"FW,MF",Norwich City,23,2002,36,12,1128,12.5,6,1,7,6,0,0,1,0,0.48,0.08,0.56,0.48,0.56,Matches,Championship,2025-26,35,18,51.4,2.79,1.44,0.17,0.33,,,,,,,,
411,Hector Kyprianou,cy CYP,MF,Watford,24,2001,25,22,1911,21.2,0,1,1,0,0,0,8,0,0.00,0.05,0.05,0.00,0.05,Matches,Championship,2025-26,6,2,33.3,0.28,0.09,0.00,0.00,,,,,,,,
412,Ethan Laird,eng ENG,"DF,MF",Birmingham City,24,2001,20,9,866,9.6,0,1,1,0,0,0,2,0,0.00,0.10,0.10,0.00,0.10,Matches,Championship,2025-26,14,2,14.3,1.45,0.21,0.00,0.00,,,,,,,,
413,Callum Lang,eng ENG,"MF,FW",Portsmouth,26,1998,8,7,575,6.4,2,0,2,2,0,0,1,0,0.31,0.00,0.31,0.31,0.31,Matches,Championship,2025-26,10,5,50.0,1.57,0.78,0.20,0.40,,,,,,,,
414,Callum Lang,eng ENG,MF,Preston,26,1998,5,3,244,2.7,0,2,2,0,0,0,2,0,0.00,0.74,0.74,0.00,0.74,Matches,Championship,2025-26,4,2,50.0,1.48,0.74,0.00,0.00,,,,,,,,
415,Sondre Langås,no NOR,DF,Derby County,24,2001,24,21,1968,21.9,3,1,4,3,0,0,4,0,0.14,0.05,0.18,0.14,0.18,Matches,Championship,2025-26,18,7,38.9,0.82,0.32,0.17,0.43,,,,,,,,
416,Macaulay Langstaff,eng ENG,MF,Millwall,28,1997,37,12,1375,15.3,4,1,5,4,0,0,2,0,0.26,0.07,0.33,0.26,0.33,Matches,Championship,2025-26,23,9,39.1,1.51,0.59,0.17,0.44,,,,,,,,
417,Will Lankshear,eng ENG,FW,Oxford United,20,2005,44,34,2864,31.8,11,2,13,11,0,0,3,1,0.35,0.06,0.41,0.35,0.41,Matches,Championship,2025-26,58,22,37.9,1.82,0.69,0.19,0.50,,,,,,,,
418,Joshua Laqeretabua,fj FIJ,DF,Charlton Athletic,19,2005,1,0,3,0.0,0,0,0,0,0,0,0,0,0.00,0.00,0.00,0.00,0.00,Matches,Championship,2025-26,0,0,,0.00,0.00,,,,,,,,,,
419,Cyle Larin,ca CAN,FW,Southampton,30,1995,16,9,854,9.5,8,1,9,8,0,0,2,0,0.84,0.11,0.95,0.84,0.95,Matches,Championship,2025-26,25,14,56.0,2.63,1.48,0.32,0.57,,,,,,,,
420,Jamaal Lascelles,eng ENG,DF,Leicester City,31,1993,9,7,591,6.6,0,0,0,0,0,0,0,0,0.00,0.00,0.00,0.00,0.00,Matches,Championship,2025-26,5,0,0.0,0.76,0.00,0.00,,,,,,,,,
421,Joël Latibeaudière,jm JAM,DF,Coventry City,25,2000,15,15,1273,14.1,0,1,1,0,0,0,1,1,0.00,0.07,0.07,0.00,0.07,Matches,Championship,2025-26,6,0,0.0,0.42,0.00,0.00,,,,,,,,,
422,Bosun Lawal,ie IRL,"DF,MF",Stoke City,22,2003,27,25,2105,23.4,1,0,1,1,0,0,7,1,0.04,0.00,0.04,0.04,0.04,Matches,Championship,2025-26,25,6,24.0,1.07,0.26,0.04,0.17,,,,,,,,
423,Jonathan Lawson,eng ENG,FW,Watford,19,2005,1,0,20,0.2,0,0,0,0,0,0,0,0,0.00,0.00,0.00,0.00,0.00,Matches,Championship,2025-26,0,0,,0.00,0.00,,,,,,,,,,
424,Luke Le Roux,za RSA,MF,Portsmouth,25,2000,14,7,665,7.4,0,0,0,0,0,0,4,0,0.00,0.00,0.00,0.00,0.00,Matches,Championship,2025-26,0,0,,0.00,0.00,,,,,,,,,,
425,Miles Leaburn,eng ENG,FW,Charlton Athletic,21,2003,38,20,2032,22.6,2,1,3,2,0,0,3,0,0.09,0.04,0.13,0.09,0.13,Matches,Championship,2025-26,40,10,25.0,1.77,0.44,0.05,0.20,,,,,,,,
426,Greg Leigh,jm JAM,"DF,MF",Oxford United,30,1994,16,10,892,9.9,1,0,1,1,0,0,0,0,0.10,0.00,0.10,0.10,0.10,Matches,Championship,2025-26,15,2,13.3,1.51,0.20,0.07,0.50,,,,,,,,
427,Darragh Lenihan,ie IRL,DF,Middlesbrough,31,1994,2,1,91,1.0,0,0,0,0,0,0,1,0,0.00,0.00,0.00,0.00,0.00,Matches,Championship,2025-26,0,0,,0.00,0.00,,,,,,,,,,
428,Marc Leonard,sct SCO,MF,Birmingham City,23,2001,15,5,690,7.7,0,0,0,0,0,0,1,0,0.00,0.00,0.00,0.00,0.00,Matches,Championship,2025-26,10,1,10.0,1.30,0.13,0.00,0.00,,,,,,,,
429,Ryan Leonard,eng ENG,DF,Millwall,33,1992,23,15,1427,15.9,1,2,3,1,0,0,4,0,0.06,0.13,0.19,0.06,0.19,Matches,Championship,2025-26,11,3,27.3,0.69,0.19,0.09,0.33,,,,,,,,
430,Jamal Lewis,nir NIR,MF,Preston,27,1998,14,6,598,6.6,0,1,1,0,0,0,1,0,0.00,0.15,0.15,0.00,0.15,Matches,Championship,2025-26,1,0,0.0,0.15,0.00,0.00,,,,,,,,,
431,Liam Lindsay,sct SCO,DF,Preston,29,1995,26,17,1587,17.6,2,0,2,2,0,0,5,1,0.11,0.00,0.11,0.11,0.11,Matches,Championship,2025-26,16,4,25.0,0.91,0.23,0.13,0.50,,,,,,,,
432,Matty Litherland,,MF,Blackburn,,,5,4,330,3.7,0,0,0,0,0,0,0,0,0.00,0.00,0.00,0.00,0.00,Matches,Championship,2025-26,6,4,66.7,1.64,1.09,0.00,0.00,,,,,,,,
433,Sam Long,eng ENG,DF,Oxford United,30,1995,40,34,3070,34.1,1,1,2,1,0,0,2,0,0.03,0.03,0.06,0.03,0.06,Matches,Championship,2025-26,16,2,12.5,0.47,0.06,0.06,0.50,,,,,,,,
434,Ryan Longman,eng ENG,MF,Wrexham,24,2000,33,23,2033,22.6,2,1,3,2,0,0,4,0,0.09,0.04,0.13,0.09,0.13,Matches,Championship,2025-26,22,8,36.4,0.97,0.35,0.09,0.25,,,,,,,,
435,Imran Louza,ma MAR,MF,Watford,26,1999,42,41,3574,39.7,7,9,16,6,1,2,11,1,0.18,0.23,0.40,0.15,0.38,Matches,Championship,2025-26,85,20,23.5,2.14,0.50,0.07,0.30,,,,,,,,
436,Zak Lovelace,eng ENG,FW,Millwall,19,2006,1,0,3,0.0,0,0,0,0,0,0,0,0,0.00,0.00,0.00,0.00,0.00,Matches,Championship,2025-26,0,0,,0.00,0.00,,,,,,,,,,
437,Jamal Lowe,jm JAM,"FW,MF",Sheffield Weds,31,1994,45,37,3216,35.7,4,3,7,4,0,0,4,0,0.11,0.08,0.20,0.11,0.20,Matches,Championship,2025-26,55,16,29.1,1.54,0.45,0.07,0.25,,,,,,,,
438,Max Lowe,eng ENG,DF,Sheffield Weds,28,1997,28,27,2399,26.7,0,1,1,0,0,0,4,0,0.00,0.04,0.04,0.00,0.04,Matches,Championship,2025-26,7,1,14.3,0.26,0.04,0.00,0.00,,,,,,,,
439,Milos Lukovic,rs SRB,FW,Preston,19,2005,1,1,45,0.5,0,0,0,0,0,0,0,0,0.00,0.00,0.00,0.00,0.00,Matches,Championship,2025-26,0,0,,0.00,0.00,,,,,,,,,,
440,Joe Lumley,eng ENG,GK,Sheffield Weds,30,1995,2,2,180,2.0,0,0,0,0,0,0,1,0,0.00,0.00,0.00,0.00,0.00,Matches,Championship,2025-26,0,0,,0.00,0.00,,,3,1.50,11,8,72.7,0,0.0,
441,John Lundstram,eng ENG,MF,Hull City,31,1994,29,16,1541,17.1,1,0,1,1,0,0,11,1,0.06,0.00,0.06,0.06,0.06,Matches,Championship,2025-26,13,3,23.1,0.76,0.18,0.08,0.33,,,,,,,,
442,Massimo Luongo,au AUS,MF,Millwall,32,1992,9,7,567,6.3,0,0,0,0,0,0,1,0,0.00,0.00,0.00,0.00,0.00,Matches,Championship,2025-26,6,0,0.0,0.95,0.00,0.00,,,,,,,,,
443,Othmane Maamma,ma MAR,MF,Watford,19,2005,25,21,1625,18.1,4,1,5,4,0,0,1,0,0.22,0.06,0.28,0.22,0.28,Matches,Championship,2025-26,44,17,38.6,2.44,0.94,0.09,0.24,,,,,,,,
444,Nicolas Madsen,dk DEN,MF,QPR,25,2000,38,33,2938,32.6,3,6,9,1,2,2,1,0,0.09,0.18,0.28,0.03,0.21,Matches,Championship,2025-26,40,16,40.0,1.23,0.49,0.03,0.06,,,,,,,,
445,Edmond-Paris Maghoma,eng ENG,MF,Norwich City,24,2001,14,8,828,9.2,1,3,4,1,0,0,1,0,0.11,0.33,0.43,0.11,0.43,Matches,Championship,2025-26,26,9,34.6,2.83,0.98,0.04,0.11,,,,,,,,
446,Lucien Mahovo,eng ENG,DF,Norwich City,20,2005,6,2,203,2.3,0,0,0,0,0,0,0,0,0.00,0.00,0.00,0.00,0.00,Matches,Championship,2025-26,1,0,0.0,0.44,0.00,0.00,,,,,,,,,
447,Josh Maja,ng NGA,FW,West Brom,26,1998,40,15,1543,17.1,4,1,5,3,1,1,1,0,0.23,0.06,0.29,0.17,0.23,Matches,Championship,2025-26,31,12,38.7,1.81,0.70,0.10,0.25,,,,,,,,
448,Jovon Makama,eng ENG,"MF,FW",Norwich City,21,2004,28,18,1607,17.9,10,0,10,10,0,0,3,0,0.56,0.00,0.56,0.56,0.56,Matches,Championship,2025-26,42,19,45.2,2.35,1.06,0.24,0.53,,,,,,,,
449,Christ Makosso,cg CGO,DF,Oxford United,21,2004,6,5,461,5.1,0,0,0,0,0,0,1,0,0.00,0.00,0.00,0.00,0.00,Matches,Championship,2025-26,3,0,0.0,0.59,0.00,0.00,,,,,,,,,
450,Adilson Malanda,fr FRA,DF,Middlesbrough,23,2001,21,20,1826,20.3,0,0,0,0,0,0,4,0,0.00,0.00,0.00,0.00,0.00,Matches,Championship,2025-26,10,3,30.0,0.49,0.15,0.00,0.00,,,,,,,,
451,Mackenzie Maltby,eng ENG,DF,Sheffield Weds,20,2004,2,0,46,0.5,0,0,0,0,0,0,0,0,0.00,0.00,0.00,0.00,0.00,Matches,Championship,2025-26,0,0,,0.00,0.00,,,,,,,,,,
452,Souleyman Mandey,at AUT,MF,West Brom,19,2006,1,0,3,0.0,0,0,0,0,0,0,0,0,0.00,0.00,0.00,0.00,0.00,Matches,Championship,2025-26,1,0,0.0,30.00,0.00,0.00,,,,,,,,,
453,Million Manhoef,nl NED,MF,Stoke City,23,2002,45,33,2905,32.3,7,4,11,7,0,0,4,0,0.22,0.12,0.34,0.22,0.34,Matches,Championship,2025-26,77,31,40.3,2.39,0.96,0.09,0.23,,,,,,,,
454,Ryan Manning,ie IRL,"DF,MF",Southampton,29,1996,43,35,3217,35.7,8,6,14,8,0,0,4,0,0.22,0.17,0.39,0.22,0.39,Matches,Championship,2025-26,51,14,27.5,1.43,0.39,0.16,0.57,,,,,,,,
455,William Mannion,eng ENG,GK,Charlton Athletic,27,1998,9,9,810,9.0,0,0,0,0,0,0,0,0,0.00,0.00,0.00,0.00,0.00,Matches,Championship,2025-26,0,0,,0.00,0.00,,,9,1.00,41,32,78.0,2,22.2,0.0
456,Benson Manuel,ao ANG,FW,Swansea City,28,1997,6,1,142,1.6,0,0,0,0,0,0,0,0,0.00,0.00,0.00,0.00,0.00,Matches,Championship,2025-26,5,0,0.0,3.17,0.00,0.00,,,,,,,,,
457,Emiliano Marcondes,dk DEN,MF,Norwich City,30,1995,16,7,651,7.2,1,2,3,1,0,0,0,0,0.14,0.28,0.41,0.14,0.41,Matches,Championship,2025-26,19,7,36.8,2.63,0.97,0.05,0.14,,,,,,,,
458,Jahnoah Markelo,sr SUR,FW,Coventry City,22,2003,5,0,47,0.5,0,0,0,0,0,0,0,0,0.00,0.00,0.00,0.00,0.00,Matches,Championship,2025-26,0,0,,0.00,0.00,,,,,,,,,,
459,Ephron Mason-Clark,jm JAM,MF,Coventry City,25,1999,42,36,2976,33.1,10,6,16,10,0,0,3,0,0.30,0.18,0.48,0.30,0.48,Matches,Championship,2025-26,74,32,43.2,2.24,0.97,0.14,0.31,,,,,,,,
460,Eliot Matazo,be BEL,MF,Hull City,23,2002,1,1,10,0.1,0,0,0,0,0,0,0,0,0.00,0.00,0.00,0.00,0.00,Matches,Championship,2025-26,0,0,,0.00,0.00,,,,,,,,,,
461,Alex Matos,eng ENG,MF,Sheffield United,20,2004,8,3,321,3.6,0,0,0,0,0,0,0,0,0.00,0.00,0.00,0.00,0.00,Matches,Championship,2025-26,0,0,,0.00,0.00,,,,,,,,,,
462,Kuryū Matsuki,jp JPN,MF,Southampton,22,2003,20,11,1025,11.4,4,1,5,4,0,0,1,0,0.35,0.09,0.44,0.35,0.44,Matches,Championship,2025-26,18,5,27.8,1.58,0.44,0.22,0.80,,,,,,,,
463,Hayden Matthews,au AUS,DF,Portsmouth,21,2004,13,9,779,8.7,0,0,0,0,0,0,2,0,0.00,0.00,0.00,0.00,0.00,Matches,Championship,2025-26,1,0,0.0,0.12,0.00,0.00,,,,,,,,,
464,Pelle Mattsson,dk DEN,MF,Norwich City,23,2001,33,30,2720,30.2,3,0,3,3,0,0,10,0,0.10,0.00,0.10,0.10,0.10,Matches,Championship,2025-26,33,8,24.2,1.09,0.26,0.09,0.38,,,,,,,,
465,Azor Matusiwa,nl NED,MF,Ipswich Town,27,1998,45,45,3847,42.7,1,3,4,1,0,0,9,0,0.02,0.07,0.09,0.02,0.09,Matches,Championship,2025-26,10,2,20.0,0.23,0.05,0.10,0.50,,,,,,,,
466,Stephy Mavididi,eng ENG,MF,Leicester City,27,1998,42,34,2662,29.6,3,1,4,3,0,0,4,0,0.10,0.03,0.14,0.10,0.14,Matches,Championship,2025-26,60,18,30.0,2.03,0.61,0.05,0.17,,,,,,,,
467,Noah Mawene,eng ENG,MF,Preston,20,2005,1,0,1,0.0,0,0,0,0,0,0,0,0,0.00,0.00,0.00,0.00,0.00,Matches,Championship,2025-26,0,0,,0.00,0.00,,,,,,,,,,
468,Fally Mayulu,fr FRA,FW,Bristol City,23,2002,10,1,139,1.5,0,0,0,0,0,0,0,0,0.00,0.00,0.00,0.00,0.00,Matches,Championship,2025-26,3,1,33.3,1.94,0.65,0.00,0.00,,,,,,,,
469,Derek Mazou-Sacko,fr FRA,MF,Millwall,20,2004,21,11,994,11.0,1,1,2,1,0,0,2,0,0.09,0.09,0.18,0.09,0.18,Matches,Championship,2025-26,10,2,20.0,0.91,0.18,0.10,0.50,,,,,,,,
470,Amadou Mbengue,sn SEN,DF,QPR,23,2002,41,36,3124,34.7,2,0,2,2,0,0,14,1,0.06,0.00,0.06,0.06,0.06,Matches,Championship,2025-26,24,6,25.0,0.69,0.17,0.08,0.33,,,,,,,,
471,Kasey McAteer,ie IRL,MF,Leicester City,23,2001,2,0,18,0.2,0,0,0,0,0,0,0,0,0.00,0.00,0.00,0.00,0.00,Matches,Championship,2025-26,1,0,0.0,5.00,0.00,0.00,,,,,,,,,
472,Kasey McAteer,ie IRL,MF,Ipswich Town,23,2001,28,14,1257,14.0,3,1,4,3,0,0,3,0,0.21,0.07,0.29,0.21,0.29,Matches,Championship,2025-26,29,13,44.8,2.08,0.93,0.10,0.23,,,,,,,,
473,Oliver McBurnie,sct SCO,FW,Hull City,29,1996,37,32,2907,32.3,17,7,24,14,3,3,8,0,0.53,0.22,0.74,0.43,0.65,Matches,Championship,2025-26,70,38,54.3,2.17,1.18,0.20,0.37,,,,,,,,
474,Sam McCallum,eng ENG,"DF,MF",Sheffield United,24,2000,20,15,1201,13.3,1,1,2,1,0,0,2,0,0.07,0.07,0.15,0.07,0.15,Matches,Championship,2025-26,18,8,44.4,1.35,0.60,0.06,0.13,,,,,,,,
475,Alistair McCann,nir NIR,MF,Preston,25,1999,26,20,1742,19.4,1,1,2,1,0,0,5,0,0.05,0.05,0.10,0.05,0.10,Matches,Championship,2025-26,14,5,35.7,0.72,0.26,0.07,0.20,,,,,,,,
476,Alex McCarthy,eng ENG,GK,Southampton,35,1989,7,7,630,7.0,0,0,0,0,0,0,0,0,0.00,0.00,0.00,0.00,0.00,Matches,Championship,2025-26,0,0,,0.00,0.00,,,10,1.43,25,15,60.0,1,14.3,
477,Cathal McCarthy,ie IRL,DF,Hull City,18,2006,6,1,232,2.6,0,0,0,0,0,0,1,0,0.00,0.00,0.00,0.00,0.00,Matches,Championship,2025-26,1,0,0.0,0.39,0.00,0.00,,,,,,,,,
478,James McClean,ie IRL,MF,Wrexham,36,1989,16,10,913,10.1,0,2,2,0,0,0,2,0,0.00,0.20,0.20,0.00,0.20,Matches,Championship,2025-26,11,3,27.3,1.08,0.30,0.00,0.00,,,,,,,,
479,Ruairi Mcconville,nir NIR,DF,Norwich City,20,2005,25,24,2170,24.1,0,1,1,0,0,0,2,0,0.00,0.04,0.04,0.00,0.04,Matches,Championship,2025-26,20,5,25.0,0.83,0.21,0.00,0.00,,,,,,,,
480,George McCormick,eng ENG,DF,Middlesbrough,20,2005,1,0,30,0.3,0,0,0,0,0,0,0,0,0.00,0.00,0.00,0.00,0.00,Matches,Championship,2025-26,1,0,0.0,3.00,0.00,0.00,,,,,,,,,
481,Ross McCrorie,sct SCO,"MF,DF",Bristol City,27,1998,39,34,2836,31.5,3,6,9,3,0,0,5,0,0.10,0.19,0.29,0.10,0.29,Matches,Championship,2025-26,44,15,34.1,1.40,0.48,0.07,0.20,,,,,,,,
482,Jamie McDonnell,nir NIR,MF,Oxford United,21,2004,11,6,530,5.9,0,0,0,0,0,0,1,0,0.00,0.00,0.00,0.00,0.00,Matches,Championship,2025-26,1,0,0.0,0.17,0.00,0.00,,,,,,,,,
483,Cole McGhee,eng ENG,DF,Sheffield Weds,19,2006,10,7,587,6.5,0,0,0,0,0,0,1,0,0.00,0.00,0.00,0.00,0.00,Matches,Championship,2025-26,3,2,66.7,0.46,0.31,0.00,0.00,,,,,,,,
484,Riley McGree,au AUS,MF,Middlesbrough,26,1998,25,18,1483,16.5,5,3,8,5,0,0,3,0,0.30,0.18,0.49,0.30,0.49,Matches,Championship,2025-26,45,12,26.7,2.73,0.73,0.11,0.42,,,,,,,,
485,Mark McGuinness,ie IRL,DF,Sheffield United,24,2001,25,21,1804,20.0,1,0,1,1,0,0,4,0,0.05,0.00,0.05,0.05,0.05,Matches,Championship,2025-26,23,9,39.1,1.15,0.45,0.04,0.11,,,,,,,,
486,Kenny McLean,sct SCO,MF,Norwich City,33,1992,42,41,3617,40.2,3,3,6,2,1,1,6,0,0.07,0.07,0.15,0.05,0.12,Matches,Championship,2025-26,34,13,38.2,0.85,0.32,0.06,0.15,,,,,,,,
487,Sean McLoughlin,ie IRL,DF,Blackburn,28,1996,44,44,3909,43.4,0,0,0,0,0,0,11,1,0.00,0.00,0.00,0.00,0.00,Matches,Championship,2025-26,27,3,11.1,0.62,0.07,0.00,0.00,,,,,,,,
488,Paddy McNair,nir NIR,DF,Hull City,30,1995,12,6,707,7.9,0,1,1,0,0,0,2,0,0.00,0.13,0.13,0.00,0.13,Matches,Championship,2025-26,3,2,66.7,0.38,0.25,0.00,0.00,,,,,,,,
489,Dan McNamara,ie IRL,DF,Millwall,26,1998,16,6,584,6.5,0,0,0,0,0,0,3,0,0.00,0.00,0.00,0.00,0.00,Matches,Championship,2025-26,5,2,40.0,0.77,0.31,0.00,0.00,,,,,,,,
490,Charlie McNeill,eng ENG,"MF,FW",Sheffield Weds,21,2003,40,23,2053,22.8,4,1,5,4,0,1,3,0,0.18,0.04,0.22,0.18,0.22,Matches,Championship,2025-26,38,11,28.9,1.67,0.48,0.11,0.36,,,,,,,,
491,Jakov Medić,hr CRO,DF,Norwich City,26,1998,16,13,1231,13.7,0,1,1,0,0,0,3,0,0.00,0.07,0.07,0.00,0.07,Matches,Championship,2025-26,2,0,0.0,0.15,0.00,0.00,,,,,,,,,
492,Ben Mee,eng ENG,DF,Sheffield United,35,1989,15,14,1253,13.9,0,1,1,0,0,0,2,0,0.00,0.07,0.07,0.00,0.07,Matches,Championship,2025-26,6,0,0.0,0.43,0.00,0.00,,,,,,,,,
493,Anis Mehmeti,al ALB,"MF,FW",Bristol City,24,2001,28,28,2338,26.0,8,6,14,8,0,0,6,0,0.31,0.23,0.54,0.31,0.54,Matches,Championship,2025-26,74,28,37.8,2.85,1.08,0.11,0.29,,,,,,,,
494,Anis Mehmeti,al ALB,MF,Ipswich Town,24,2001,18,11,1029,11.4,2,1,3,2,0,0,4,0,0.17,0.09,0.26,0.17,0.26,Matches,Championship,2025-26,26,7,26.9,2.27,0.61,0.08,0.29,,,,,,,,
495,Formose Mendy,sn SEN,"MF,DF",Watford,24,2001,6,2,181,2.0,0,0,0,0,0,0,1,0,0.00,0.00,0.00,0.00,0.00,Matches,Championship,2025-26,2,0,0.0,0.99,0.00,0.00,,,,,,,,,
496,Nampalys Mendy,sn SEN,MF,Watford,33,1992,25,17,1522,16.9,0,0,0,0,0,0,2,0,0.00,0.00,0.00,0.00,0.00,Matches,Championship,2025-26,5,1,20.0,0.30,0.06,0.00,0.00,,,,,,,,
497,Chris Mepham,wls WAL,DF,West Brom,27,1997,25,21,1936,21.5,1,0,1,1,0,0,6,0,0.05,0.00,0.05,0.05,0.05,Matches,Championship,2025-26,5,2,40.0,0.23,0.09,0.20,0.50,,,,,,,,
498,Stephen Mfuni,eng ENG,DF,Watford,17,2008,8,8,669,7.4,0,0,0,0,0,0,2,0,0.00,0.00,0.00,0.00,0.00,Matches,Championship,2025-26,6,0,0.0,0.81,0.00,0.00,,,,,,,,,
499,Liam Millar,ca CAN,MF,Hull City,25,1999,33,22,1836,20.4,3,5,8,3,0,0,3,0,0.15,0.25,0.39,0.15,0.39,Matches,Championship,2025-26,51,11,21.6,2.50,0.54,0.06,0.27,,,,,,,,
500,Lewis Miller,au AUS,DF,Blackburn,24,2000,29,23,2154,23.9,2,2,4,2,0,0,3,0,0.08,0.08,0.17,0.08,0.17,Matches,Championship,2025-26,19,3,15.8,0.79,0.13,0.11,0.67,,,,,,,,
501,Stanley Mills,eng ENG,MF,Oxford United,21,2003,43,29,2511,27.9,3,4,7,3,0,0,6,0,0.11,0.14,0.25,0.11,0.25,Matches,Championship,2025-26,59,20,33.9,2.11,0.72,0.05,0.15,,,,,,,,
502,Yang Minhyeok,kr KOR,MF,Portsmouth,19,2006,15,9,672,7.5,3,1,4,3,0,0,2,0,0.40,0.13,0.54,0.40,0.54,Matches,Championship,2025-26,12,5,41.7,1.61,0.67,0.25,0.60,,,,,,,,
503,Yang Minhyeok,kr KOR,MF,Coventry City,19,2006,3,0,32,0.4,0,0,0,0,0,0,0,0,0.00,0.00,0.00,0.00,0.00,Matches,Championship,2025-26,2,0,0.0,5.63,0.00,0.00,,,,,,,,,
504,Billy Mitchell,eng ENG,MF,Millwall,25,2000,29,24,2092,23.2,0,1,1,0,0,0,6,0,0.00,0.04,0.04,0.00,0.04,Matches,Championship,2025-26,9,1,11.1,0.39,0.04,0.00,0.00,,,,,,,,
505,Jayson Molumby,ie IRL,MF,West Brom,25,1999,38,31,2901,32.2,2,2,4,2,0,0,6,1,0.06,0.06,0.12,0.06,0.12,Matches,Championship,2025-26,31,11,35.5,0.96,0.34,0.06,0.18,,,,,,,,
506,Jeremy Monga,eng ENG,MF,Leicester City,16,2009,27,8,931,10.3,1,2,3,1,0,0,2,0,0.10,0.19,0.29,0.10,0.29,Matches,Championship,2025-26,7,2,28.6,0.68,0.19,0.14,0.50,,,,,,,,
507,Kristi Montgomery,sct SCO,MF,Blackburn,21,2004,21,7,804,8.9,0,0,0,0,0,0,0,0,0.00,0.00,0.00,0.00,0.00,Matches,Championship,2025-26,2,0,0.0,0.22,0.00,0.00,,,,,,,,,
508,Elliott Moore,eng ENG,DF,Oxford United,28,1997,2,2,155,1.7,0,0,0,0,0,0,0,0,0.00,0.00,0.00,0.00,0.00,Matches,Championship,2025-26,3,2,66.7,1.74,1.16,0.00,0.00,,,,,,,,
509,Kieffer Moore,wls WAL,FW,Wrexham,32,1992,39,30,2690,29.9,11,4,15,11,0,1,5,0,0.37,0.13,0.50,0.37,0.50,Matches,Championship,2025-26,77,28,36.4,2.58,0.94,0.14,0.39,,,,,,,,
510,Andrew Moran,ie IRL,MF,Preston,21,2003,11,7,569,6.3,1,1,2,1,0,0,3,0,0.16,0.16,0.32,0.16,0.32,Matches,Championship,2025-26,7,3,42.9,1.11,0.47,0.14,0.33,,,,,,,,
511,Kieran Morgan,eng ENG,"MF,DF",QPR,19,2006,29,16,1443,16.0,2,1,3,2,0,0,5,0,0.12,0.06,0.19,0.12,0.19,Matches,Championship,2025-26,12,2,16.7,0.75,0.12,0.17,1.00,,,,,,,,
512,Ryoya Morishita,jp JPN,MF,Blackburn,28,1997,37,33,2648,29.4,4,9,13,4,0,0,5,0,0.14,0.31,0.44,0.14,0.44,Matches,Championship,2025-26,48,13,27.1,1.63,0.44,0.08,0.31,,,,,,,,
513,Aidan Morris,us USA,MF,Middlesbrough,23,2001,40,37,3198,35.5,0,3,3,0,0,0,4,0,0.00,0.08,0.08,0.00,0.08,Matches,Championship,2025-26,57,13,22.8,1.60,0.37,0.00,0.00,,,,,,,,
514,Carlton Morris,eng ENG,"FW,MF",Derby County,29,1995,31,24,2121,23.6,12,2,14,9,3,3,5,0,0.51,0.08,0.59,0.38,0.47,Matches,Championship,2025-26,46,20,43.5,1.95,0.85,0.20,0.45,,,,,,,,
515,James Morris,eng ENG,DF,Watford,23,2001,2,0,5,0.1,0,0,0,0,0,0,1,0,0.00,0.00,0.00,0.00,0.00,Matches,Championship,2025-26,0,0,,0.00,0.00,,,,,,,,,,
516,Liam Morrison,sct SCO,DF,QPR,22,2003,12,12,1038,11.5,0,1,1,0,0,0,3,0,0.00,0.09,0.09,0.00,0.09,Matches,Championship,2025-26,7,0,0.0,0.61,0.00,0.00,,,,,,,,,
517,Sam Morsy,eg EGY,MF,Bristol City,33,1991,18,13,1169,13.0,1,0,1,1,0,0,6,0,0.08,0.00,0.08,0.08,0.08,Matches,Championship,2025-26,11,4,36.4,0.85,0.31,0.09,0.25,,,,,,,,
518,Devlan Moses,nir NIR,FW,Sheffield Weds,19,2005,8,0,37,0.4,0,0,0,0,0,0,1,0,0.00,0.00,0.00,0.00,0.00,Matches,Championship,2025-26,0,0,,0.00,0.00,,,,,,,,,,
519,Alex Mowatt,eng ENG,MF,West Brom,30,1995,39,32,2757,30.6,1,4,5,1,0,0,7,0,0.03,0.13,0.16,0.03,0.16,Matches,Championship,2025-26,35,7,20.0,1.14,0.23,0.03,0.14,,,,,,,,
520,Divin Mubama,eng ENG,FW,Stoke City,20,2004,26,20,1629,18.1,5,1,6,5,0,0,4,1,0.28,0.06,0.33,0.28,0.33,Matches,Championship,2025-26,36,15,41.7,1.99,0.83,0.14,0.33,,,,,,,,
521,Divine Mukasa,eng ENG,MF,Leicester City,17,2007,15,10,850,9.4,2,3,5,2,0,0,1,0,0.21,0.32,0.53,0.21,0.53,Matches,Championship,2025-26,26,7,26.9,2.75,0.74,0.08,0.29,,,,,,,,
522,Errol Mundle-Smith,eng ENG,FW,Norwich City,19,2006,13,0,234,2.6,0,0,0,0,0,0,0,0,0.00,0.00,0.00,0.00,0.00,Matches,Championship,2025-26,6,2,33.3,2.31,0.77,0.00,0.00,,,,,,,,
523,Finley Munroe,eng ENG,DF,Middlesbrough,20,2005,3,0,54,0.6,0,0,0,0,0,0,0,0,0.00,0.00,0.00,0.00,0.00,Matches,Championship,2025-26,4,1,25.0,6.67,1.67,0.00,0.00,,,,,,,,
524,Derry Murkin,eng ENG,DF,Derby County,26,1999,12,11,982,10.9,0,3,3,0,0,0,1,0,0.00,0.27,0.27,0.00,0.27,Matches,Championship,2025-26,7,0,0.0,0.64,0.00,0.00,,,,,,,,,
525,Josh Murphy,eng ENG,MF,Portsmouth,30,1995,16,12,1119,12.4,0,6,6,0,0,0,3,0,0.00,0.48,0.48,0.00,0.48,Matches,Championship,2025-26,36,10,27.8,2.90,0.80,0.00,0.00,,,,,,,,
526,Hindolo Mustapha,sl SLE,MF,West Brom,19,2006,1,0,1,0.0,0,0,0,0,0,0,0,0,0.00,0.00,0.00,0.00,0.00,Matches,Championship,2025-26,0,0,,0.00,0.00,,,,,,,,,,
527,Amin Nabizada,af AFG,FW,Watford,18,2007,3,0,95,1.1,0,0,0,0,0,0,0,0,0.00,0.00,0.00,0.00,0.00,Matches,Championship,2025-26,4,1,25.0,3.79,0.95,0.00,0.00,,,,,,,,
528,Marvelous Nakamba,zw ZIM,MF,Sheffield Weds,31,1994,5,1,114,1.3,0,0,0,0,0,0,1,0,0.00,0.00,0.00,0.00,0.00,Matches,Championship,2025-26,0,0,,0.00,0.00,,,,,,,,,,
529,Paul Nardi,fr FRA,GK,QPR,31,1994,17,16,1512,16.8,0,0,0,0,0,0,1,0,0.00,0.00,0.00,0.00,0.00,Matches,Championship,2025-26,0,0,,0.00,0.00,,,25,1.49,63,38,60.3,4,25.0,0.0
530,Joel Ndala,eng ENG,MF,Sheffield Weds,19,2006,8,3,329,3.7,0,0,0,0,0,0,0,0,0.00,0.00,0.00,0.00,0.00,Matches,Championship,2025-26,1,0,0.0,0.27,0.00,0.00,,,,,,,,,
531,Joel Ndala,eng ENG,"MF,FW",Hull City,19,2006,17,10,778,8.6,1,0,1,1,0,0,1,0,0.12,0.00,0.12,0.12,0.12,Matches,Championship,2025-26,14,3,21.4,1.62,0.35,0.07,0.33,,,,,,,,
532,Camiel Neghli,nl NED,MF,Millwall,23,2001,46,37,3287,36.5,5,4,9,5,0,1,4,0,0.14,0.11,0.25,0.14,0.25,Matches,Championship,2025-26,54,15,27.8,1.48,0.41,0.09,0.33,,,,,,,,
533,Dan Neil,eng ENG,MF,Ipswich Town,23,2001,16,8,663,7.4,0,0,0,0,0,0,1,0,0.00,0.00,0.00,0.00,0.00,Matches,Championship,2025-26,9,2,22.2,1.22,0.27,0.00,0.00,,,,,,,,
534,Benjamin Nelson,eng ENG,DF,Leicester City,21,2004,24,22,1910,21.2,1,1,2,1,0,0,3,0,0.05,0.05,0.09,0.05,0.09,Matches,Championship,2025-26,8,3,37.5,0.38,0.14,0.13,0.33,,,,,,,,
535,Curtis Nelson,eng ENG,DF,Derby County,32,1993,2,0,46,0.5,0,0,0,0,0,0,0,0,0.00,0.00,0.00,0.00,0.00,Matches,Championship,2025-26,1,1,100.0,1.96,1.96,0.00,0.00,,,,,,,,
536,Phil Neumann,de GER,DF,Birmingham City,28,1997,32,32,2810,31.2,3,0,3,3,0,0,5,0,0.10,0.00,0.10,0.10,0.10,Matches,Championship,2025-26,11,6,54.5,0.35,0.19,0.27,0.50,,,,,,,,
537,Jeremy Ngakia,,"DF,MF",Watford,24,2000,33,29,2606,29.0,3,4,7,3,0,0,4,0,0.10,0.14,0.24,0.10,0.24,Matches,Championship,2025-26,25,6,24.0,0.86,0.21,0.12,0.50,,,,,,,,
538,Kevin Nisbet,sct SCO,FW,Millwall,28,1997,2,0,15,0.2,0,0,0,0,0,0,0,0,0.00,0.00,0.00,0.00,0.00,Matches,Championship,2025-26,2,0,0.0,12.00,0.00,0.00,,,,,,,,,
539,Casper de Norre,be BEL,MF,Millwall,28,1997,29,27,2190,24.3,1,4,5,1,0,0,4,0,0.04,0.16,0.21,0.04,0.21,Matches,Championship,2025-26,20,4,20.0,0.82,0.16,0.05,0.25,,,,,,,,
540,Rhys Norrington-Davies,wls WAL,DF,QPR,26,1999,38,33,2972,33.0,1,0,1,1,0,0,9,0,0.03,0.00,0.03,0.03,0.03,Matches,Championship,2025-26,12,2,16.7,0.36,0.06,0.08,0.50,,,,,,,,
541,Rhys Norrington-Davies,wls WAL,DF,Sheffield United,26,1999,1,1,56,0.6,0,0,0,0,0,0,0,0,0.00,0.00,0.00,0.00,0.00,Matches,Championship,2025-26,0,0,,0.00,0.00,,,,,,,,,,
542,Gustavo Nunes,br BRA,"MF,FW",Swansea City,19,2005,12,5,562,6.2,0,1,1,0,0,0,0,0,0.00,0.16,0.16,0.00,0.16,Matches,Championship,2025-26,6,2,33.3,0.96,0.32,0.00,0.00,,,,,,,,
543,Marcelino Núñez,cl CHI,MF,Norwich City,25,2000,2,1,71,0.8,0,1,1,0,0,0,0,0,0.00,1.27,1.27,0.00,1.27,Matches,Championship,2025-26,4,0,0.0,5.07,0.00,0.00,,,,,,,,,
544,Marcelino Núñez,cl CHI,MF,Ipswich Town,25,2000,36,24,2153,23.9,3,7,10,3,0,0,4,0,0.13,0.29,0.42,0.13,0.42,Matches,Championship,2025-26,68,17,25.0,2.84,0.71,0.04,0.18,,,,,,,,
545,Ryan Nyambe,na NAM,"MF,DF",Derby County,27,1997,7,3,263,2.9,0,0,0,0,0,0,1,0,0.00,0.00,0.00,0.00,0.00,Matches,Championship,2025-26,1,1,100.0,0.34,0.34,0.00,0.00,,,,,,,,
546,Sverre Nypan,no NOR,"MF,FW",Middlesbrough,18,2006,20,3,624,6.9,0,0,0,0,0,0,2,0,0.00,0.00,0.00,0.00,0.00,Matches,Championship,2025-26,7,1,14.3,1.01,0.14,0.00,0.00,,,,,,,,
547,Steven Nzonzi,fr FRA,MF,Stoke City,36,1988,30,17,1373,15.3,1,0,1,1,0,0,2,0,0.07,0.00,0.07,0.07,0.07,Matches,Championship,2025-26,13,5,38.5,0.85,0.33,0.08,0.20,,,,,,,,
548,Lewis O'Brien,eng ENG,MF,Wrexham,26,1998,38,29,2695,29.9,4,6,10,4,0,0,5,0,0.13,0.20,0.33,0.13,0.33,Matches,Championship,2025-26,27,15,55.6,0.90,0.50,0.15,0.27,,,,,,,,
549,Gatlin O'Donkor,eng ENG,FW,Oxford United,20,2004,1,0,4,0.0,0,0,0,0,0,0,0,0,0.00,0.00,0.00,0.00,0.00,Matches,Championship,2025-26,1,0,0.0,22.50,0.00,0.00,,,,,,,,,
550,Richard O'Donnell,eng ENG,GK,Derby County,36,1988,8,7,635,7.1,0,0,0,0,0,0,0,0,0.00,0.00,0.00,0.00,0.00,Matches,Championship,2025-26,0,0,,0.00,0.00,,,6,0.85,26,20,76.9,4,57.1,
551,Callum O'Hare,eng ENG,MF,Sheffield United,27,1998,45,41,3443,38.3,8,8,16,8,0,0,2,0,0.21,0.21,0.42,0.21,0.42,Matches,Championship,2025-26,71,22,31.0,1.86,0.58,0.11,0.36,,,,,,,,
552,Max O'Leary,ie IRL,GK,West Brom,28,1996,16,16,1415,15.7,0,0,0,0,0,0,0,0,0.00,0.00,0.00,0.00,0.00,Matches,Championship,2025-26,0,0,,0.00,0.00,,,13,0.83,44,31,70.5,8,50.0,
553,Max O'Leary,ie IRL,GK,Bristol City,28,1996,5,5,450,5.0,0,0,0,0,0,0,0,0,0.00,0.00,0.00,0.00,0.00,Matches,Championship,2025-26,0,0,,0.00,0.00,,,5,1.00,13,8,61.5,2,40.0,
554,Connor O'Riordan,ie IRL,DF,Blackburn,21,2003,5,3,340,3.8,0,0,0,0,0,0,2,0,0.00,0.00,0.00,0.00,0.00,Matches,Championship,2025-26,1,0,0.0,0.26,0.00,0.00,,,,,,,,,
555,Dara O'Shea,ie IRL,DF,Ipswich Town,26,1999,46,46,4140,46.0,1,1,2,1,0,0,0,0,0.02,0.02,0.04,0.02,0.04,Matches,Championship,2025-26,43,11,25.6,0.93,0.24,0.02,0.09,,,,,,,,
556,Odeluga Offiah,eng ENG,"DF,MF",Preston,22,2002,42,30,2830,31.4,0,0,0,0,0,0,5,0,0.00,0.00,0.00,0.00,0.00,Matches,Championship,2025-26,8,0,0.0,0.25,0.00,0.00,,,,,,,,,
557,Chiedozie Ogbene,ie IRL,MF,Sheffield United,28,1997,13,9,778,8.6,1,1,2,1,0,0,0,0,0.12,0.12,0.23,0.12,0.23,Matches,Championship,2025-26,3,1,33.3,0.35,0.12,0.33,1.00,,,,,,,,
558,Chiedozie Ogbene,ie IRL,MF,Ipswich Town,28,1997,2,1,87,1.0,0,0,0,0,0,0,0,0,0.00,0.00,0.00,0.00,0.00,Matches,Championship,2025-26,0,0,,0.00,0.00,,,,,,,,,,
559,Connor Ogilvie,eng ENG,DF,Portsmouth,29,1996,32,32,2600,28.9,1,0,1,1,0,0,4,1,0.03,0.00,0.03,0.03,0.03,Matches,Championship,2025-26,21,3,14.3,0.73,0.10,0.05,0.33,,,,,,,,
560,Yuki Ohashi,jp JPN,"FW,MF",Blackburn,29,1996,46,38,3403,37.8,10,1,11,9,1,1,6,0,0.26,0.03,0.29,0.24,0.26,Matches,Championship,2025-26,99,35,35.4,2.62,0.93,0.09,0.26,,,,,,,,
561,Caleb Okoli,it ITA,DF,Leicester City,24,2001,29,27,2332,25.9,1,1,2,1,0,0,2,1,0.04,0.04,0.08,0.04,0.08,Matches,Championship,2025-26,13,3,23.1,0.50,0.12,0.08,0.33,,,,,,,,
562,Arthur Okonkwo,ng NGA,GK,Wrexham,23,2001,39,38,3421,38.0,0,0,0,0,0,0,1,0,0.00,0.00,0.00,0.00,0.00,Matches,Championship,2025-26,0,0,,0.00,0.00,,,53,1.39,164,111,67.7,10,26.3,50.0
563,Isaac Olaofe,eng ENG,FW,Charlton Athletic,25,1999,22,6,682,7.6,1,1,2,1,0,0,2,0,0.13,0.13,0.26,0.13,0.26,Matches,Championship,2025-26,11,5,45.5,1.45,0.66,0.09,0.20,,,,,,,,
564,Ryan One,sct SCO,MF,Sheffield United,19,2006,6,0,133,1.5,0,0,0,0,0,0,0,0,0.00,0.00,0.00,0.00,0.00,Matches,Championship,2025-26,1,0,0.0,0.68,0.00,0.00,,,,,,,,,
565,Favour Onukwuli,,MF,Sheffield Weds,,,3,0,22,0.2,0,0,0,0,0,0,0,0,0.00,0.00,0.00,0.00,0.00,Matches,Championship,2025-26,1,0,0.0,4.09,0.00,0.00,,,,,,,,,
566,Frank Onyeka,ng NGA,MF,Coventry City,27,1998,14,13,1017,11.3,1,1,2,1,0,0,4,0,0.09,0.09,0.18,0.09,0.18,Matches,Championship,2025-26,12,4,33.3,1.06,0.35,0.08,0.25,,,,,,,,
567,Bright Osayi-Samuel,ng NGA,DF,Birmingham City,27,1997,27,19,1552,17.2,0,1,1,0,0,0,6,0,0.00,0.06,0.06,0.00,0.06,Matches,Championship,2025-26,2,1,50.0,0.12,0.06,0.00,0.00,,,,,,,,
568,Milutin Osmajić,me MNE,FW,Preston,26,1999,28,20,1776,19.7,8,1,9,7,1,1,3,1,0.41,0.05,0.46,0.35,0.41,Matches,Championship,2025-26,29,19,65.5,1.47,0.96,0.24,0.37,,,,,,,,
569,Ibrahim Osman,gh GHA,MF,Birmingham City,20,2004,17,13,987,11.0,2,2,4,2,0,0,2,0,0.18,0.18,0.36,0.18,0.36,Matches,Championship,2025-26,33,11,33.3,3.01,1.00,0.06,0.18,,,,,,,,
570,Gabriel Otegbayo,,DF,Sheffield Weds,,,35,28,2515,27.9,1,0,1,1,0,0,4,1,0.04,0.00,0.04,0.04,0.04,Matches,Championship,2025-26,10,3,30.0,0.36,0.11,0.10,0.33,,,,,,,,
571,Raphael Otegbayo,,DF,Stoke City,,,3,2,172,1.9,0,0,0,0,0,0,0,0,0.00,0.00,0.00,0.00,0.00,Matches,Championship,2025-26,1,0,0.0,0.52,0.00,0.00,,,,,,,,,
572,Nicholas Oyekunle,eng ENG,FW,Southampton,18,2007,3,0,32,0.4,0,0,0,0,0,0,0,0,0.00,0.00,0.00,0.00,0.00,Matches,Championship,2025-26,1,0,0.0,2.81,0.00,0.00,,,,,,,,,
573,David Ozoh,eng ENG,MF,Derby County,20,2005,33,24,1908,21.2,2,0,2,2,0,0,7,0,0.09,0.00,0.09,0.09,0.09,Matches,Championship,2025-26,11,2,18.2,0.52,0.09,0.18,1.00,,,,,,,,
574,Marlon Pack,eng ENG,MF,Portsmouth,34,1991,34,22,2189,24.3,2,0,2,2,0,0,11,0,0.08,0.00,0.08,0.08,0.08,Matches,Championship,2025-26,26,9,34.6,1.07,0.37,0.08,0.22,,,,,,,,
575,Louis Page,eng ENG,MF,Leicester City,16,2008,18,5,550,6.1,0,1,1,0,0,0,0,0,0.00,0.16,0.16,0.00,0.16,Matches,Championship,2025-26,9,3,33.3,1.47,0.49,0.00,0.00,,,,,,,,
576,Alex Palmer,eng ENG,GK,Ipswich Town,28,1996,10,10,833,9.3,0,0,0,0,0,0,0,0,0.00,0.00,0.00,0.00,0.00,Matches,Championship,2025-26,0,0,,0.00,0.00,,,10,1.08,28,18,64.3,1,10.0,0.0
577,Kasey Palmer,jm JAM,MF,Hull City,28,1996,9,3,253,2.8,0,0,0,0,0,0,0,0,0.00,0.00,0.00,0.00,0.00,Matches,Championship,2025-26,7,0,0.0,2.49,0.00,0.00,,,,,,,,,
578,Liam Palmer,sct SCO,"DF,MF",Sheffield Weds,33,1991,45,42,3744,41.6,1,1,2,1,0,0,4,0,0.02,0.02,0.05,0.02,0.05,Matches,Championship,2025-26,18,5,27.8,0.43,0.12,0.06,0.20,,,,,,,,
579,Ivor Pandur,hr CRO,GK,Hull City,25,2000,45,45,4050,45.0,0,0,0,0,0,0,8,0,0.00,0.00,0.00,0.00,0.00,Matches,Championship,2025-26,0,0,,0.00,0.00,,,65,1.44,207,142,68.6,11,24.4,40.0
580,Jonathan Panzo,eng ENG,DF,Birmingham City,24,2000,8,6,557,6.2,0,0,0,0,0,0,1,0,0.00,0.00,0.00,0.00,0.00,Matches,Championship,2025-26,1,0,0.0,0.16,0.00,0.00,,,,,,,,,
581,Samuel Parker,wls WAL,DF,Swansea City,19,2006,4,4,257,2.9,0,0,0,0,0,0,0,0,0.00,0.00,0.00,0.00,0.00,Matches,Championship,2025-26,2,1,50.0,0.70,0.35,0.00,0.00,,,,,,,,
582,Anthony Patterson,eng ENG,GK,Millwall,25,2000,14,14,1260,14.0,0,0,0,0,0,0,0,0,0.00,0.00,0.00,0.00,0.00,Matches,Championship,2025-26,0,0,,0.00,0.00,,,12,0.86,44,32,72.7,6,42.9,
583,Aynsley Pears,eng ENG,GK,Blackburn,27,1998,13,12,1082,12.0,0,0,0,0,0,0,1,0,0.00,0.00,0.00,0.00,0.00,Matches,Championship,2025-26,0,0,,0.00,0.00,,,13,1.08,34,21,61.8,4,33.3,0.0
584,Ben Pearson,eng ENG,MF,Stoke City,30,1995,31,22,1869,20.8,1,0,1,1,0,0,11,1,0.05,0.00,0.05,0.05,0.05,Matches,Championship,2025-26,3,1,33.3,0.14,0.05,0.33,1.00,,,,,,,,
585,Myles Peart-Harris,eng ENG,MF,Oxford United,22,2002,19,18,1433,15.9,3,1,4,3,0,0,2,0,0.19,0.06,0.25,0.19,0.25,Matches,Championship,2025-26,21,8,38.1,1.32,0.50,0.14,0.38,,,,,,,,
586,Sydie Peck,eng ENG,MF,Sheffield United,20,2004,40,36,3293,36.6,5,4,9,3,2,3,7,0,0.14,0.11,0.25,0.08,0.19,Matches,Championship,2025-26,55,15,27.3,1.50,0.41,0.05,0.20,,,,,,,,
587,Leo Pecover,,MF,Bristol City,,,3,0,47,0.5,0,0,0,0,0,0,0,0,0.00,0.00,0.00,0.00,0.00,Matches,Championship,2025-26,0,0,,0.00,0.00,,,,,,,,,,
588,Ricardo Pereira,pt POR,DF,Leicester City,31,1993,38,31,2872,31.9,2,1,3,2,0,0,7,0,0.06,0.03,0.09,0.06,0.09,Matches,Championship,2025-26,15,8,53.3,0.47,0.25,0.13,0.25,,,,,,,,
589,Daniel Peretz,il ISR,GK,Southampton,25,2000,20,20,1800,20.0,0,0,0,0,0,0,2,0,0.00,0.00,0.00,0.00,0.00,Matches,Championship,2025-26,0,0,,0.00,0.00,,,18,0.90,76,58,76.3,7,35.0,0.0
590,Jérémy Pétris,fr FRA,"DF,MF",Watford,27,1998,17,12,893,9.9,0,0,0,0,0,0,3,0,0.00,0.00,0.00,0.00,0.00,Matches,Championship,2025-26,1,0,0.0,0.10,0.00,0.00,,,,,,,,,
591,Ashley Phillips,wls WAL,DF,Stoke City,20,2005,40,36,3343,37.1,0,1,1,0,0,0,7,1,0.00,0.03,0.03,0.00,0.03,Matches,Championship,2025-26,17,5,29.4,0.46,0.13,0.00,0.00,,,,,,,,
592,Dillon Phillips,eng ENG,GK,Hull City,30,1995,1,1,90,1.0,0,0,0,0,0,0,0,0,0.00,0.00,0.00,0.00,0.00,Matches,Championship,2025-26,0,0,,0.00,0.00,,,1,1.00,4,3,75.0,0,0.0,0.0
593,Kalvin Phillips,eng ENG,MF,Sheffield United,29,1995,3,2,161,1.8,0,0,0,0,0,0,2,1,0.00,0.00,0.00,0.00,0.00,Matches,Championship,2025-26,0,0,,0.00,0.00,,,,,,,,,,
594,Matt Phillips,sct SCO,"MF,FW",Oxford United,34,1991,8,3,267,3.0,0,0,0,0,0,0,1,0,0.00,0.00,0.00,0.00,0.00,Matches,Championship,2025-26,5,2,40.0,1.69,0.67,0.00,0.00,,,,,,,,
595,Nathaniel Phillips,eng ENG,DF,West Brom,28,1997,40,40,3463,38.5,3,0,3,3,0,0,6,0,0.08,0.00,0.08,0.08,0.08,Matches,Championship,2025-26,34,12,35.3,0.88,0.31,0.09,0.25,,,,,,,,
596,Jaden Philogene Bidace,eng ENG,MF,Ipswich Town,23,2002,35,24,1989,22.1,12,2,14,10,2,2,3,0,0.54,0.09,0.63,0.45,0.54,Matches,Championship,2025-26,69,33,47.8,3.12,1.49,0.14,0.30,,,,,,,,
597,Harry Pickering,eng ENG,"MF,DF",Blackburn,26,1998,15,8,719,8.0,0,0,0,0,0,0,1,0,0.00,0.00,0.00,0.00,0.00,Matches,Championship,2025-26,5,2,40.0,0.63,0.25,0.00,0.00,,,,,,,,
598,Kwame Poku,gh GHA,MF,QPR,23,2001,16,5,489,5.4,0,0,0,0,0,0,1,0,0.00,0.00,0.00,0.00,0.00,Matches,Championship,2025-26,8,1,12.5,1.47,0.18,0.00,0.00,,,,,,,,
599,Matthew Pollock,eng ENG,DF,Watford,23,2001,35,32,2896,32.2,1,1,2,1,0,0,7,0,0.03,0.03,0.06,0.03,0.06,Matches,Championship,2025-26,16,4,25.0,0.50,0.12,0.06,0.25,,,,,,,,
600,Regan Poole,wls WAL,DF,Portsmouth,27,1998,41,40,3618,40.2,0,1,1,0,0,0,6,0,0.00,0.02,0.02,0.00,0.02,Matches,Championship,2025-26,17,5,29.4,0.42,0.12,0.00,0.00,,,,,,,,
601,Brad Potts,eng ENG,MF,Preston,31,1994,16,9,749,8.3,2,2,4,2,0,0,1,0,0.24,0.24,0.48,0.24,0.48,Matches,Championship,2025-26,14,7,50.0,1.68,0.84,0.14,0.29,,,,,,,,
602,Brandon Powell,eng ENG,MF,Blackburn,19,2005,1,1,72,0.8,0,1,1,0,0,0,1,0,0.00,1.25,1.25,0.00,1.25,Matches,Championship,2025-26,0,0,,0.00,0.00,,,,,,,,,,
603,George Pratt,eng ENG,DF,Blackburn,21,2003,10,10,810,9.0,0,1,1,0,0,0,1,0,0.00,0.11,0.11,0.00,0.11,Matches,Championship,2025-26,1,0,0.0,0.11,0.00,0.00,,,,,,,,,
604,Nik Prelec,si SVN,"FW,MF",Oxford United,24,2001,24,12,1158,12.9,1,1,2,1,0,0,0,0,0.08,0.08,0.16,0.08,0.16,Matches,Championship,2025-26,13,4,30.8,1.01,0.31,0.08,0.25,,,,,,,,
605,Isaac Price,nir NIR,MF,West Brom,21,2003,46,43,3630,40.3,8,2,10,8,0,0,4,0,0.20,0.05,0.25,0.20,0.25,Matches,Championship,2025-26,101,34,33.7,2.50,0.84,0.08,0.24,,,,,,,,
606,Cameron Pring,eng ENG,"DF,MF",Bristol City,27,1998,25,16,1530,17.0,0,1,1,0,0,0,8,0,0.00,0.06,0.06,0.00,0.06,Matches,Championship,2025-26,7,1,14.3,0.41,0.06,0.00,0.00,,,,,,,,
607,August Priske,dk DEN,FW,Birmingham City,21,2004,17,9,914,10.2,1,1,2,1,0,0,1,0,0.10,0.10,0.20,0.10,0.20,Matches,Championship,2025-26,21,7,33.3,2.07,0.69,0.05,0.14,,,,,,,,
608,Przemysław Płacheta,pl POL,MF,Oxford United,27,1998,25,14,1132,12.6,3,1,4,3,0,0,0,0,0.24,0.08,0.32,0.24,0.32,Matches,Championship,2025-26,31,7,22.6,2.46,0.56,0.10,0.43,,,,,,,,
609,Joshua Quarshie,de GER,DF,Southampton,21,2004,13,11,944,10.5,0,0,0,0,0,0,3,0,0.00,0.00,0.00,0.00,0.00,Matches,Championship,2025-26,6,0,0.0,0.57,0.00,0.00,,,,,,,,,
610,Jesurun Rak Sakyi,gh GHA,MF,Stoke City,22,2002,15,8,799,8.9,3,0,3,3,0,0,3,0,0.34,0.00,0.34,0.34,0.34,Matches,Championship,2025-26,16,6,37.5,1.80,0.68,0.19,0.50,,,,,,,,
611,Aaron Ramsey,eng ENG,MF,Leicester City,22,2003,9,3,284,3.2,2,0,2,2,0,0,0,1,0.63,0.00,0.63,0.63,0.63,Matches,Championship,2025-26,15,7,46.7,4.75,2.22,0.13,0.29,,,,,,,,
612,Kayne Ramsey,eng ENG,DF,Charlton Athletic,24,2000,37,33,3010,33.4,0,1,1,0,0,0,8,1,0.00,0.03,0.03,0.00,0.03,Matches,Championship,2025-26,15,3,20.0,0.45,0.09,0.00,0.00,,,,,,,,
613,Adam Randell,eng ENG,MF,Bristol City,24,2000,44,42,3632,40.4,3,2,5,3,0,0,5,1,0.07,0.05,0.12,0.07,0.12,Matches,Championship,2025-26,33,9,27.3,0.82,0.22,0.09,0.33,,,,,,,,
614,Joe Rankin-Costello,eng ENG,MF,Charlton Athletic,26,1999,23,7,818,9.1,2,0,2,2,0,0,5,0,0.22,0.00,0.22,0.22,0.22,Matches,Championship,2025-26,16,4,25.0,1.76,0.44,0.13,0.50,,,,,,,,
615,Oliver Rathbone,eng ENG,MF,Wrexham,28,1996,26,13,1151,12.8,7,1,8,7,0,0,4,0,0.55,0.08,0.63,0.55,0.63,Matches,Championship,2025-26,27,14,51.9,2.11,1.09,0.26,0.50,,,,,,,,
616,Nathan Redmond,eng ENG,"FW,MF",Sheffield Weds,31,1994,6,0,109,1.2,0,0,0,0,0,0,0,0,0.00,0.00,0.00,0.00,0.00,Matches,Championship,2025-26,2,0,0.0,1.65,0.00,0.00,,,,,,,,,
617,Nathan Redmond,eng ENG,MF,Blackburn,31,1994,2,1,46,0.5,0,0,0,0,0,0,0,0,0.00,0.00,0.00,0.00,0.00,Matches,Championship,2025-26,0,0,,0.00,0.00,,,,,,,,,,
618,Yuri Ribeiro,pt POR,"MF,DF",Blackburn,28,1997,22,18,1496,16.6,0,1,1,0,0,0,3,0,0.00,0.06,0.06,0.00,0.06,Matches,Championship,2025-26,5,1,20.0,0.30,0.06,0.00,0.00,,,,,,,,
619,Dujuan Richards,jm JAM,FW,Leicester City,19,2005,3,0,29,0.3,0,0,0,0,0,0,0,0,0.00,0.00,0.00,0.00,0.00,Matches,Championship,2025-26,1,1,100.0,3.10,3.10,0.00,0.00,,,,,,,,
620,Jaïro Riedewald,nl NED,MF,Sheffield United,28,1996,25,20,1470,16.3,3,0,3,3,0,0,3,0,0.18,0.00,0.18,0.18,0.18,Matches,Championship,2025-26,8,3,37.5,0.49,0.18,0.38,1.00,,,,,,,,
621,Tomas Rigo,sk SVK,MF,Stoke City,23,2002,31,20,1681,18.7,1,1,2,1,0,0,2,0,0.05,0.05,0.11,0.05,0.11,Matches,Championship,2025-26,29,10,34.5,1.55,0.54,0.03,0.10,,,,,,,,
622,Emil Riis Jakobsen,dk DEN,FW,Bristol City,27,1998,44,37,2897,32.2,9,2,11,9,0,1,1,0,0.28,0.06,0.34,0.28,0.34,Matches,Championship,2025-26,70,26,37.1,2.17,0.81,0.13,0.35,,,,,,,,
623,Haydon Roberts,eng ENG,"DF,MF",Bristol City,23,2002,12,3,377,4.2,0,0,0,0,0,0,1,0,0.00,0.00,0.00,0.00,0.00,Matches,Championship,2025-26,2,0,0.0,0.48,0.00,0.00,,,,,,,,,
624,Patrick Roberts,eng ENG,MF,Birmingham City,28,1997,35,27,2201,24.5,4,4,8,4,0,0,2,0,0.16,0.16,0.33,0.16,0.33,Matches,Championship,2025-26,47,11,23.4,1.92,0.45,0.09,0.36,,,,,,,,
625,Jack Robinson,eng ENG,DF,Birmingham City,31,1993,15,14,1116,12.4,1,1,2,1,0,0,6,2,0.08,0.08,0.16,0.08,0.16,Matches,Championship,2025-26,9,4,44.4,0.73,0.32,0.11,0.25,,,,,,,,
626,Jack Robinson,eng ENG,DF,Sheffield United,31,1993,3,2,214,2.4,0,0,0,0,0,0,0,0,0.00,0.00,0.00,0.00,0.00,Matches,Championship,2025-26,2,0,0.0,0.84,0.00,0.00,,,,,,,,,
627,Jay Robinson,eng ENG,"MF,FW",Southampton,18,2007,26,7,892,9.9,2,1,3,2,0,0,0,0,0.20,0.10,0.30,0.20,0.30,Matches,Championship,2025-26,28,10,35.7,2.83,1.01,0.07,0.20,,,,,,,,
628,Jay Rodriguez,eng ENG,"FW,MF",Wrexham,36,1989,7,0,19,0.2,0,0,0,0,0,0,0,0,0.00,0.00,0.00,0.00,0.00,Matches,Championship,2025-26,4,0,0.0,18.95,0.00,0.00,,,,,,,,,
629,Mads Roerslev,dk DEN,"MF,DF",Southampton,26,1999,9,5,470,5.2,0,0,0,0,0,0,1,0,0.00,0.00,0.00,0.00,0.00,Matches,Championship,2025-26,1,0,0.0,0.19,0.00,0.00,,,,,,,,,
630,Ole Romeny,id IDN,MF,Oxford United,25,2000,16,2,366,4.1,0,0,0,0,0,0,1,0,0.00,0.00,0.00,0.00,0.00,Matches,Championship,2025-26,8,4,50.0,1.97,0.98,0.00,0.00,,,,,,,,
631,Oriol Romeu,es ESP,MF,Southampton,33,1991,6,0,74,0.8,0,0,0,0,0,0,2,0,0.00,0.00,0.00,0.00,0.00,Matches,Championship,2025-26,0,0,,0.00,0.00,,,,,,,,,,
632,Ronald,br BRA,"MF,FW",Swansea City,24,2001,45,35,3108,34.5,4,5,9,4,0,0,4,0,0.12,0.14,0.26,0.12,0.26,Matches,Championship,2025-26,53,16,30.2,1.53,0.46,0.08,0.25,,,,,,,,
633,Ruben Roosken,nl NED,"MF,DF",Oxford United,25,2000,3,2,175,1.9,0,0,0,0,0,0,0,0,0.00,0.00,0.00,0.00,0.00,Matches,Championship,2025-26,0,0,,0.00,0.00,,,,,,,,,,
634,Joe Rothwell,eng ENG,MF,Sheffield United,30,1995,10,4,433,4.8,0,0,0,0,0,0,0,1,0.00,0.00,0.00,0.00,0.00,Matches,Championship,2025-26,0,0,,0.00,0.00,,,,,,,,,,
635,Jack Rudoni,eng ENG,MF,Coventry City,25,2000,30,24,2106,23.4,7,6,13,7,0,0,0,0,0.30,0.26,0.56,0.30,0.56,Matches,Championship,2025-26,60,15,25.0,2.56,0.64,0.12,0.47,,,,,,,,
636,Carl Rushworth,eng ENG,GK,Coventry City,24,2001,46,46,4140,46.0,0,1,1,0,0,0,2,0,0.00,0.02,0.02,0.00,0.02,Matches,Championship,2025-26,0,0,,0.00,0.00,,,45,0.98,167,121,73.1,17,37.0,0.0
637,Koki Saito,jp JPN,MF,QPR,23,2001,34,23,1969,21.9,3,2,5,3,0,0,0,0,0.14,0.09,0.23,0.14,0.23,Matches,Championship,2025-26,30,10,33.3,1.37,0.46,0.10,0.30,,,,,,,,
638,Tatsuhiro Sakamoto,jp JPN,MF,Coventry City,28,1996,35,29,2487,27.6,7,3,10,7,0,0,4,0,0.25,0.11,0.36,0.25,0.36,Matches,Championship,2025-26,39,20,51.3,1.41,0.72,0.18,0.35,,,,,,,,
639,Lars-Jørgen Salvesen,no NOR,FW,Derby County,29,1996,31,3,502,5.6,3,2,5,3,0,0,3,0,0.54,0.36,0.90,0.54,0.90,Matches,Championship,2025-26,14,7,50.0,2.51,1.25,0.21,0.43,,,,,,,,
640,Alfons Sampsted,is ISL,DF,Birmingham City,27,1998,6,2,211,2.3,0,0,0,0,0,0,0,0,0.00,0.00,0.00,0.00,0.00,Matches,Championship,2025-26,0,0,,0.00,0.00,,,,,,,,,,
641,Ishé Samuels-Smith,eng ENG,DF,Swansea City,19,2006,6,3,211,2.3,0,1,1,0,0,0,2,0,0.00,0.43,0.43,0.00,0.43,Matches,Championship,2025-26,1,0,0.0,0.43,0.00,0.00,,,,,,,,,
642,Dion Sanderson,eng ENG,DF,Derby County,25,1999,38,36,3162,35.1,1,0,1,1,0,0,8,0,0.03,0.00,0.03,0.03,0.03,Matches,Championship,2025-26,7,2,28.6,0.20,0.06,0.14,0.50,,,,,,,,
643,Ricardo Santos,,DF,Swansea City,30,1995,1,0,23,0.3,0,0,0,0,0,0,0,0,0.00,0.00,0.00,0.00,0.00,Matches,Championship,2025-26,0,0,,0.00,0.00,,,,,,,,,,
644,Josh Sargent,us USA,FW,Norwich City,25,2000,23,23,1945,21.6,7,3,10,6,1,1,0,0,0.32,0.14,0.46,0.28,0.42,Matches,Championship,2025-26,58,18,31.0,2.68,0.83,0.10,0.33,,,,,,,,
645,Jeremy Sarmiento,ec ECU,MF,Middlesbrough,23,2002,17,5,542,6.0,0,0,0,0,0,0,1,0,0.00,0.00,0.00,0.00,0.00,Matches,Championship,2025-26,11,3,27.3,1.83,0.50,0.00,0.00,,,,,,,,
646,Leon Scarlett,wls WAL,FW,QPR,15,2009,1,0,6,0.1,0,0,0,0,0,0,0,0,0.00,0.00,0.00,0.00,0.00,Matches,Championship,2025-26,0,0,,0.00,0.00,,,,,,,,,,
647,Dan Scarr,eng ENG,DF,Wrexham,30,1994,20,15,1326,14.7,0,1,1,0,0,0,4,0,0.00,0.07,0.07,0.00,0.07,Matches,Championship,2025-26,4,0,0.0,0.27,0.00,0.00,,,,,,,,,
648,Jeffrey Schlupp,gh GHA,"MF,DF",Norwich City,32,1992,9,4,421,4.7,0,1,1,0,0,0,2,0,0.00,0.21,0.21,0.00,0.21,Matches,Championship,2025-26,4,1,25.0,0.86,0.21,0.00,0.00,,,,,,,,
649,Nicolas Schmid,at AUT,GK,Portsmouth,28,1997,34,34,2995,33.3,0,0,0,0,0,0,0,0,0.00,0.00,0.00,0.00,0.00,Matches,Championship,2025-26,0,0,,0.00,0.00,,,45,1.35,124,79,63.7,8,23.5,0.0
650,Oscar Schwartau,dk DEN,MF,Norwich City,19,2006,34,23,2060,22.9,4,2,6,4,0,0,1,0,0.17,0.09,0.26,0.17,0.26,Matches,Championship,2025-26,32,13,40.6,1.40,0.57,0.13,0.31,,,,,,,,
651,Léo Scienza,br BRA,"MF,FW",Southampton,26,1998,37,30,2401,26.7,7,10,17,7,0,0,1,0,0.26,0.37,0.64,0.26,0.64,Matches,Championship,2025-26,84,37,44.0,3.15,1.39,0.08,0.19,,,,,,,,
652,Adrian Segecic,hr CRO,MF,Portsmouth,21,2004,38,24,2281,25.3,10,4,14,10,0,0,3,0,0.39,0.16,0.55,0.39,0.55,Matches,Championship,2025-26,60,18,30.0,2.37,0.71,0.17,0.56,,,,,,,,
653,Tatsuki Seko,jp JPN,MF,Stoke City,27,1997,43,26,2538,28.2,0,1,1,0,0,0,3,0,0.00,0.04,0.04,0.00,0.04,Matches,Championship,2025-26,24,4,16.7,0.85,0.14,0.00,0.00,,,,,,,,
654,Egil Selvik,no NOR,GK,Watford,28,1997,40,40,3555,39.5,0,0,0,0,0,0,3,0,0.00,0.00,0.00,0.00,0.00,Matches,Championship,2025-26,0,0,,0.00,0.00,,,56,1.42,167,111,66.5,7,17.5,50.0
655,Vivaldo Semedo,pt POR,FW,Watford,20,2005,26,6,723,8.0,4,1,5,4,0,0,2,0,0.50,0.12,0.62,0.50,0.62,Matches,Championship,2025-26,27,15,55.6,3.36,1.87,0.15,0.27,,,,,,,,
656,Femi Seriki,eng ENG,DF,Sheffield United,23,2002,38,29,2558,28.4,1,5,6,1,0,0,5,1,0.04,0.18,0.21,0.04,0.21,Matches,Championship,2025-26,9,2,22.2,0.32,0.07,0.11,0.50,,,,,,,,
657,Paik Seung-ho,kr KOR,MF,Birmingham City,28,1997,43,38,3373,37.5,4,1,5,4,0,0,6,0,0.11,0.03,0.13,0.11,0.13,Matches,Championship,2025-26,40,10,25.0,1.07,0.27,0.10,0.40,,,,,,,,
658,Jamie Shackleton,eng ENG,"DF,MF",Sheffield United,25,1999,3,0,23,0.3,0,0,0,0,0,0,0,0,0.00,0.00,0.00,0.00,0.00,Matches,Championship,2025-26,0,0,,0.00,0.00,,,,,,,,,,
659,Conor Shaughnessy,ie IRL,DF,Portsmouth,29,1996,19,12,1137,12.6,2,0,2,2,0,0,0,0,0.16,0.00,0.16,0.16,0.16,Matches,Championship,2025-26,11,3,27.3,0.87,0.24,0.18,0.67,,,,,,,,
660,Ben Sheaf,eng ENG,MF,Coventry City,27,1998,1,0,7,0.1,0,0,0,0,0,0,0,0,0.00,0.00,0.00,0.00,0.00,Matches,Championship,2025-26,0,0,,0.00,0.00,,,,,,,,,,
661,Ben Sheaf,eng ENG,MF,Wrexham,27,1998,28,24,1830,20.3,0,0,0,0,0,0,6,0,0.00,0.00,0.00,0.00,0.00,Matches,Championship,2025-26,18,4,22.2,0.89,0.20,0.00,0.00,,,,,,,,
662,Rio Shipston,eng ENG,MF,Sheffield Weds,20,2004,4,0,28,0.3,0,0,0,0,0,0,0,0,0.00,0.00,0.00,0.00,0.00,Matches,Championship,2025-26,0,0,,0.00,0.00,,,,,,,,,,
663,Louie Sibley,eng ENG,MF,Oxford United,23,2001,3,0,21,0.2,0,0,0,0,0,0,0,0,0.00,0.00,0.00,0.00,0.00,Matches,Championship,2025-26,1,0,0.0,4.29,0.00,0.00,,,,,,,,,
664,Collins Sichenje,ke KEN,DF,Charlton Athletic,21,2003,6,3,369,4.1,0,0,0,0,0,0,2,0,0.00,0.00,0.00,0.00,0.00,Matches,Championship,2025-26,2,0,0.0,0.49,0.00,0.00,,,,,,,,,
665,Sam Silvera,au AUS,MF,Middlesbrough,24,2000,22,8,1039,11.5,2,1,3,2,0,0,3,0,0.17,0.09,0.26,0.17,0.26,Matches,Championship,2025-26,11,3,27.3,0.95,0.26,0.18,0.67,,,,,,,,
666,Tommy Simkin,eng ENG,GK,Stoke City,20,2004,15,15,1350,15.0,0,0,0,0,0,0,2,0,0.00,0.00,0.00,0.00,0.00,Matches,Championship,2025-26,0,0,,0.00,0.00,,,23,1.53,59,36,61.0,3,20.0,
667,Ellis Simms,eng ENG,FW,Coventry City,24,2001,43,15,1649,18.3,13,2,15,13,0,0,1,0,0.71,0.11,0.82,0.71,0.82,Matches,Championship,2025-26,75,34,45.3,4.09,1.86,0.17,0.38,,,,,,,,
668,Olutayo Singerr,eng ENG,FW,Portsmouth,17,2007,1,0,17,0.2,0,0,0,0,0,0,0,0,0.00,0.00,0.00,0.00,0.00,Matches,Championship,2025-26,0,0,,0.00,0.00,,,,,,,,,,
669,Moussa Sissoko,fr FRA,"MF,FW",Watford,35,1989,20,8,746,8.3,0,0,0,0,0,0,0,0,0.00,0.00,0.00,0.00,0.00,Matches,Championship,2025-26,3,1,33.3,0.36,0.12,0.00,0.00,,,,,,,,
670,Oliver Skipp,eng ENG,MF,Leicester City,24,2000,34,32,2646,29.4,1,0,1,1,0,0,5,0,0.03,0.00,0.03,0.03,0.03,Matches,Championship,2025-26,8,4,50.0,0.27,0.14,0.13,0.25,,,,,,,,
671,Regan Slater,eng ENG,MF,Hull City,25,1999,42,35,3150,35.0,2,2,4,2,0,0,7,0,0.06,0.06,0.11,0.06,0.11,Matches,Championship,2025-26,27,8,29.6,0.77,0.23,0.07,0.25,,,,,,,,
672,Thierry Small,eng ENG,"MF,DF",Preston,20,2004,41,27,2491,27.7,3,2,5,3,0,0,5,0,0.11,0.07,0.18,0.11,0.18,Matches,Championship,2025-26,38,18,47.4,1.37,0.65,0.08,0.17,,,,,,,,
673,William Smallbone,ie IRL,MF,Millwall,25,2000,10,4,335,3.7,0,0,0,0,0,0,0,0,0.00,0.00,0.00,0.00,0.00,Matches,Championship,2025-26,5,2,40.0,1.34,0.54,0.00,0.00,,,,,,,,
674,Milan Smit,nl NED,FW,Stoke City,22,2003,13,6,521,5.8,2,1,3,1,1,1,0,0,0.35,0.17,0.52,0.17,0.35,Matches,Championship,2025-26,9,3,33.3,1.55,0.52,0.11,0.33,,,,,,,,
675,Michael Smith,eng ENG,FW,Preston,33,1991,37,13,1470,16.3,3,1,4,3,0,0,2,0,0.18,0.06,0.24,0.18,0.24,Matches,Championship,2025-26,28,7,25.0,1.71,0.43,0.11,0.43,,,,,,,,
676,Sam Smith,eng ENG,FW,Wrexham,27,1998,40,16,1547,17.2,8,2,10,8,0,0,6,0,0.47,0.12,0.58,0.47,0.58,Matches,Championship,2025-26,41,19,46.3,2.39,1.11,0.20,0.42,,,,,,,,
677,Tylon Smith,za RSA,DF,QPR,20,2005,3,0,81,0.9,0,0,0,0,0,0,0,0,0.00,0.00,0.00,0.00,0.00,Matches,Championship,2025-26,0,0,,0.00,0.00,,,,,,,,,,
678,Paul Smyth,nir NIR,MF,QPR,27,1997,36,21,1854,20.6,6,2,8,6,0,0,8,0,0.29,0.10,0.39,0.29,0.39,Matches,Championship,2025-26,46,21,45.7,2.23,1.02,0.13,0.29,,,,,,,,
679,Jhon Solis,co COL,MF,Birmingham City,20,2004,17,13,1080,12.0,1,0,1,1,0,0,5,1,0.08,0.00,0.08,0.08,0.08,Matches,Championship,2025-26,15,6,40.0,1.25,0.50,0.07,0.17,,,,,,,,
680,Boubakary Soumaré,fr FRA,MF,Leicester City,26,1999,16,9,889,9.9,0,2,2,0,0,0,2,0,0.00,0.20,0.20,0.00,0.20,Matches,Championship,2025-26,3,0,0.0,0.30,0.00,0.00,,,,,,,,,
681,Djibril Soumaré,sn SEN,MF,Sheffield United,22,2003,25,13,1081,12.0,0,0,0,0,0,0,4,1,0.00,0.00,0.00,0.00,0.00,Matches,Championship,2025-26,22,1,4.5,1.83,0.08,0.00,0.00,,,,,,,,
682,Harry Souttar,au AUS,DF,Leicester City,26,1998,2,2,177,2.0,1,0,1,1,0,0,0,0,0.51,0.00,0.51,0.51,0.51,Matches,Championship,2025-26,2,2,100.0,1.02,1.02,0.50,0.50,,,,,,,,
683,Brodie Spencer,nir NIR,"DF,MF",Oxford United,21,2004,29,23,2146,23.8,1,0,1,1,0,0,7,0,0.04,0.00,0.04,0.04,0.04,Matches,Championship,2025-26,7,4,57.1,0.29,0.17,0.14,0.25,,,,,,,,
684,Tony Springett,ie IRL,"MF,DF",Norwich City,22,2002,15,7,567,6.3,0,0,0,0,0,0,1,0,0.00,0.00,0.00,0.00,0.00,Matches,Championship,2025-26,4,1,25.0,0.63,0.16,0.00,0.00,,,,,,,,
685,Jack Stacey,eng ENG,"DF,MF",Norwich City,29,1996,36,22,2021,22.5,2,1,3,2,0,0,5,0,0.09,0.04,0.13,0.09,0.13,Matches,Championship,2025-26,12,5,41.7,0.53,0.22,0.17,0.40,,,,,,,,
686,Marko Stamenic,nz NZL,MF,Swansea City,23,2002,36,29,2492,27.7,3,2,5,3,0,0,12,0,0.11,0.07,0.18,0.11,0.18,Matches,Championship,2025-26,25,10,40.0,0.90,0.36,0.12,0.30,,,,,,,,
687,Jay Stansfield,eng ENG,"MF,FW",Birmingham City,22,2002,44,41,3284,36.5,10,6,16,8,2,3,10,0,0.27,0.16,0.44,0.22,0.38,Matches,Championship,2025-26,94,29,30.9,2.58,0.79,0.09,0.28,,,,,,,,
688,Jack Stephens,eng ENG,DF,Southampton,31,1994,32,30,2707,30.1,2,0,2,2,0,0,5,0,0.07,0.00,0.07,0.07,0.07,Matches,Championship,2025-26,13,5,38.5,0.43,0.17,0.15,0.40,,,,,,,,
689,Ross Stewart,sct SCO,FW,Southampton,29,1996,25,11,981,10.9,8,2,10,8,0,0,2,0,0.73,0.18,0.92,0.73,0.92,Matches,Championship,2025-26,28,16,57.1,2.57,1.47,0.29,0.50,,,,,,,,
690,Jakub Stolarczyk,pl POL,GK,Leicester City,24,2000,36,36,3195,35.5,0,0,0,0,0,0,1,0,0.00,0.00,0.00,0.00,0.00,Matches,Championship,2025-26,0,0,,0.00,0.00,,,47,1.32,141,93,66.7,6,16.7,66.7
691,Jordan Storey,eng ENG,DF,Preston,27,1997,43,42,3689,41.0,2,2,4,2,0,0,9,1,0.05,0.05,0.10,0.05,0.10,Matches,Championship,2025-26,27,8,29.6,0.66,0.20,0.07,0.25,,,,,,,,
692,Dávid Strelec,sk SVK,FW,Middlesbrough,24,2001,32,22,1835,20.4,8,1,9,8,0,0,2,0,0.39,0.05,0.44,0.39,0.44,Matches,Championship,2025-26,46,23,50.0,2.26,1.13,0.17,0.35,,,,,,,,
693,Zak Sturge,eng ENG,DF,Millwall,21,2004,38,29,2359,26.2,1,0,1,1,0,0,8,1,0.04,0.00,0.04,0.04,0.04,Matches,Championship,2025-26,14,2,14.3,0.53,0.08,0.07,0.50,,,,,,,,
694,Callum Styles,hu HUN,"DF,MF",West Brom,25,2000,45,41,3670,40.8,0,3,3,0,0,0,12,0,0.00,0.07,0.07,0.00,0.07,Matches,Championship,2025-26,31,7,22.6,0.76,0.17,0.00,0.00,,,,,,,,
695,Yukinari Sugawara,jp JPN,MF,Southampton,25,2000,2,1,67,0.7,0,0,0,0,0,0,0,0,0.00,0.00,0.00,0.00,0.00,Matches,Championship,2025-26,0,0,,0.00,0.00,,,,,,,,,,
696,Eseosa Sule,sct SCO,FW,West Brom,19,2006,1,0,7,0.1,0,0,0,0,0,0,0,0,0.00,0.00,0.00,0.00,0.00,Matches,Championship,2025-26,0,0,,0.00,0.00,,,,,,,,,,
697,Zak Swanson,eng ENG,DF,Portsmouth,24,2000,33,27,2209,24.5,2,1,3,2,0,0,4,0,0.08,0.04,0.12,0.08,0.12,Matches,Championship,2025-26,27,10,37.0,1.10,0.41,0.07,0.20,,,,,,,,
698,John Swift,eng ENG,MF,Portsmouth,30,1995,29,22,1631,18.1,3,2,5,3,0,0,9,0,0.17,0.11,0.28,0.17,0.28,Matches,Championship,2025-26,29,11,37.9,1.60,0.61,0.10,0.27,,,,,,,,
699,Mark Sykes,ie IRL,MF,Bristol City,27,1997,38,25,2140,23.8,4,1,5,4,0,0,2,0,0.17,0.04,0.21,0.17,0.21,Matches,Championship,2025-26,21,6,28.6,0.88,0.25,0.19,0.67,,,,,,,,
700,Sammie Szmodics,ie IRL,MF,Ipswich Town,29,1995,16,8,678,7.5,1,0,1,1,0,0,0,0,0.13,0.00,0.13,0.13,0.13,Matches,Championship,2025-26,21,8,38.1,2.79,1.06,0.05,0.13,,,,,,,,
701,Sammie Szmodics,ie IRL,MF,Derby County,29,1995,13,13,1111,12.3,3,1,4,3,0,0,5,0,0.24,0.08,0.32,0.24,0.32,Matches,Championship,2025-26,23,9,39.1,1.86,0.73,0.13,0.33,,,,,,,,
702,Maksym Talovierov,ua UKR,DF,Stoke City,25,2000,16,13,1173,13.0,0,0,0,0,0,0,7,0,0.00,0.00,0.00,0.00,0.00,Matches,Championship,2025-26,8,0,0.0,0.61,0.00,0.00,,,,,,,,,
703,Japhet Tanganga,eng ENG,DF,Sheffield United,26,1999,40,40,3554,39.5,1,1,2,1,0,0,9,1,0.03,0.03,0.05,0.03,0.05,Matches,Championship,2025-26,23,6,26.1,0.58,0.15,0.04,0.17,,,,,,,,
704,Japhet Tanganga,eng ENG,DF,Millwall,26,1999,2,2,180,2.0,0,0,0,0,0,0,1,0,0.00,0.00,0.00,0.00,0.00,Matches,Championship,2025-26,0,0,,0.00,0.00,,,,,,,,,,
705,George Tanner,eng ENG,DF,Bristol City,25,1999,33,27,2508,27.9,0,0,0,0,0,0,1,0,0.00,0.00,0.00,0.00,0.00,Matches,Championship,2025-26,5,1,20.0,0.18,0.04,0.00,0.00,,,,,,,,
706,Matt Targett,eng ENG,"DF,MF",Middlesbrough,29,1995,42,39,3364,37.4,4,4,8,4,0,0,5,0,0.11,0.11,0.21,0.11,0.21,Matches,Championship,2025-26,43,14,32.6,1.15,0.37,0.09,0.29,,,,,,,,
707,Sidnei Tavares,,MF,Blackburn,23,2001,13,6,579,6.4,0,1,1,0,0,0,2,0,0.00,0.16,0.16,0.00,0.16,Matches,Championship,2025-26,8,0,0.0,1.24,0.00,0.00,,,,,,,,,
708,Caleb Taylor,eng ENG,DF,Millwall,22,2003,28,24,2246,25.0,3,2,5,3,0,0,1,0,0.12,0.08,0.20,0.12,0.20,Matches,Championship,2025-26,31,9,29.0,1.24,0.36,0.10,0.33,,,,,,,,
709,Charlie Taylor,eng ENG,DF,West Brom,31,1993,26,18,1665,18.5,0,0,0,0,0,0,3,0,0.00,0.00,0.00,0.00,0.00,Matches,Championship,2025-26,4,0,0.0,0.22,0.00,0.00,,,,,,,,,
710,Jack Taylor,ie IRL,MF,Ipswich Town,27,1998,39,24,2152,23.9,2,2,4,2,0,0,9,0,0.08,0.08,0.17,0.08,0.17,Matches,Championship,2025-26,34,10,29.4,1.42,0.42,0.06,0.20,,,,,,,,
711,Junior Tchamadeu,cm CMR,DF,Stoke City,21,2003,26,23,2047,22.7,1,2,3,1,0,0,12,0,0.04,0.09,0.13,0.04,0.13,Matches,Championship,2025-26,10,3,30.0,0.44,0.13,0.10,0.33,,,,,,,,
712,Hidde ter Avest,nl NED,"DF,MF",Oxford United,28,1997,13,7,652,7.2,0,0,0,0,0,0,0,0,0.00,0.00,0.00,0.00,0.00,Matches,Championship,2025-26,3,0,0.0,0.41,0.00,0.00,,,,,,,,,
713,Bobby Thomas,eng ENG,DF,Coventry City,24,2001,33,33,2921,32.5,3,4,7,3,0,0,7,1,0.09,0.12,0.22,0.09,0.22,Matches,Championship,2025-26,37,12,32.4,1.14,0.37,0.08,0.25,,,,,,,,
714,Luke Thomas,eng ENG,DF,Leicester City,24,2001,43,39,3548,39.4,1,6,7,1,0,0,11,0,0.03,0.15,0.18,0.03,0.18,Matches,Championship,2025-26,26,5,19.2,0.66,0.13,0.04,0.20,,,,,,,,
715,Olly Thomas,eng ENG,FW,Bristol City,20,2005,3,0,18,0.2,0,0,0,0,0,0,0,0,0.00,0.00,0.00,0.00,0.00,Matches,Championship,2025-26,0,0,,0.00,0.00,,,,,,,,,,
716,Silko Thomas,eng ENG,FW,Leicester City,21,2004,17,1,282,3.1,1,0,1,1,0,0,1,0,0.32,0.00,0.32,0.32,0.32,Matches,Championship,2025-26,4,2,50.0,1.28,0.64,0.25,0.50,,,,,,,,
717,Sorba Thomas,wls WAL,MF,Stoke City,25,1999,45,45,3916,43.5,10,11,21,10,0,0,10,1,0.23,0.25,0.48,0.23,0.48,Matches,Championship,2025-26,58,25,43.1,1.33,0.57,0.17,0.40,,,,,,,,
718,Brandon Thomas-Asante,gh GHA,"MF,FW",Coventry City,26,1998,32,21,1862,20.7,13,4,17,12,1,1,0,0,0.63,0.19,0.82,0.58,0.77,Matches,Championship,2025-26,62,26,41.9,3.00,1.26,0.19,0.46,,,,,,,,
719,George Thomason,eng ENG,MF,Wrexham,24,2001,34,29,2569,28.5,1,5,6,1,0,0,2,0,0.04,0.18,0.21,0.04,0.21,Matches,Championship,2025-26,25,9,36.0,0.88,0.32,0.04,0.11,,,,,,,,
720,Jordan Thompson,nir NIR,MF,Preston,28,1997,20,10,1033,11.5,0,3,3,0,0,0,6,0,0.00,0.26,0.26,0.00,0.26,Matches,Championship,2025-26,10,3,30.0,0.87,0.26,0.00,0.00,,,,,,,,
721,Liam Thompson,eng ENG,MF,Derby County,23,2002,17,11,1028,11.4,1,0,1,1,0,0,5,0,0.09,0.00,0.09,0.09,0.09,Matches,Championship,2025-26,4,1,25.0,0.35,0.09,0.25,1.00,,,,,,,,
722,Jarvis Thornton,eng ENG,MF,Sheffield Weds,19,2006,23,12,991,11.0,0,0,0,0,0,0,2,0,0.00,0.00,0.00,0.00,0.00,Matches,Championship,2025-26,6,1,16.7,0.54,0.09,0.00,0.00,,,,,,,,
723,Nathan Tinsdale,eng ENG,MF,Hull City,19,2005,1,0,2,0.0,0,0,0,0,0,0,0,0,0.00,0.00,0.00,0.00,0.00,Matches,Championship,2025-26,0,0,,0.00,0.00,,,,,,,,,,
724,Mirko Topić,rs SRB,MF,Norwich City,24,2001,16,13,1037,11.5,0,0,0,0,0,0,3,0,0.00,0.00,0.00,0.00,0.00,Matches,Championship,2025-26,12,2,16.7,1.04,0.17,0.00,0.00,,,,,,,,
725,Victor Torp,dk DEN,MF,Coventry City,26,1999,39,25,2318,25.8,10,7,17,9,1,1,5,0,0.39,0.27,0.66,0.35,0.62,Matches,Championship,2025-26,75,21,28.0,2.91,0.82,0.12,0.43,,,,,,,,
726,Balázs Tóth,hu HUN,GK,Blackburn,27,1997,34,34,3058,34.0,0,0,0,0,0,0,0,0,0.00,0.00,0.00,0.00,0.00,Matches,Championship,2025-26,0,0,,0.00,0.00,,,43,1.27,141,97,69.5,9,26.5,0.0
727,Mo Touré,au AUS,FW,Norwich City,21,2004,11,7,589,6.5,9,3,12,9,0,1,2,0,1.38,0.46,1.83,1.38,1.83,Matches,Championship,2025-26,21,14,66.7,3.21,2.14,0.43,0.64,,,,,,,,
728,Lewis Travis,eng ENG,MF,Derby County,27,1997,27,24,2148,23.9,0,1,1,0,0,0,12,1,0.00,0.04,0.04,0.00,0.04,Matches,Championship,2025-26,7,3,42.9,0.29,0.13,0.00,0.00,,,,,,,,
729,Lewis Travis,eng ENG,MF,Blackburn,27,1997,1,1,80,0.9,0,0,0,0,0,0,0,0,0.00,0.00,0.00,0.00,0.00,Matches,Championship,2025-26,0,0,,0.00,0.00,,,,,,,,,,
730,Sondre Tronstad,no NOR,MF,Blackburn,29,1995,29,28,2381,26.5,0,2,2,0,0,0,8,0,0.00,0.08,0.08,0.00,0.08,Matches,Championship,2025-26,21,4,19.0,0.79,0.15,0.00,0.00,,,,,,,,
731,Scott Twine,eng ENG,MF,Bristol City,26,1999,45,42,3302,36.7,11,6,17,11,0,0,5,0,0.30,0.16,0.46,0.30,0.46,Matches,Championship,2025-26,94,33,35.1,2.56,0.90,0.12,0.33,,,,,,,,
732,Josh Tymon,eng ENG,DF,Swansea City,26,1999,45,44,3968,44.1,1,9,10,1,0,0,10,0,0.02,0.20,0.23,0.02,0.23,Matches,Championship,2025-26,32,11,34.4,0.73,0.25,0.03,0.09,,,,,,,,
733,Ike Ugbo,ca CAN,FW,Sheffield Weds,26,1998,21,6,631,7.0,0,0,0,0,0,0,1,0,0.00,0.00,0.00,0.00,0.00,Matches,Championship,2025-26,14,4,28.6,2.00,0.57,0.00,0.00,,,,,,,,
734,Franco Umeh-Chibueze,ie IRL,MF,Portsmouth,20,2005,1,0,1,0.0,0,0,0,0,0,0,0,0,0.00,0.00,0.00,0.00,0.00,Matches,Championship,2025-26,0,0,,0.00,0.00,,,,,,,,,,
735,Harvey Vale,ie IRL,MF,QPR,21,2003,31,26,2154,23.9,4,5,9,4,0,0,3,0,0.17,0.21,0.38,0.17,0.38,Matches,Championship,2025-26,48,13,27.1,2.01,0.54,0.08,0.31,,,,,,,,
736,Pol Valentín,es ESP,"MF,DF",Preston,28,1997,33,22,2005,22.3,0,2,2,0,0,0,2,0,0.00,0.09,0.09,0.00,0.09,Matches,Championship,2025-26,6,0,0.0,0.27,0.00,0.00,,,,,,,,,
737,Yan Valery,tn TUN,"MF,DF",Sheffield Weds,26,1999,23,23,2049,22.8,0,1,1,0,0,0,3,0,0.00,0.04,0.04,0.00,0.04,Matches,Championship,2025-26,23,7,30.4,1.01,0.31,0.00,0.00,,,,,,,,
738,Jonathan Varane,mq MTQ,MF,QPR,23,2001,36,29,2352,26.1,1,2,3,1,0,0,5,0,0.04,0.08,0.11,0.04,0.11,Matches,Championship,2025-26,17,5,29.4,0.65,0.19,0.06,0.20,,,,,,,,
739,Rocco Vata,ie IRL,MF,Watford,20,2005,12,6,523,5.8,2,2,4,2,0,0,0,0,0.34,0.34,0.69,0.34,0.69,Matches,Championship,2025-26,24,8,33.3,4.13,1.38,0.08,0.25,,,,,,,,
740,Will Vaulks,wls WAL,MF,Oxford United,31,1993,39,18,1948,21.6,1,0,1,1,0,0,9,0,0.05,0.00,0.05,0.05,0.05,Matches,Championship,2025-26,32,8,25.0,1.48,0.37,0.03,0.13,,,,,,,,
741,Jannik Vestergaard,dk DEN,DF,Leicester City,32,1992,31,29,2605,28.9,3,0,3,3,0,0,5,0,0.10,0.00,0.10,0.10,0.10,Matches,Championship,2025-26,26,9,34.6,0.90,0.31,0.12,0.33,,,,,,,,
742,Carlos Vicente,es ESP,MF,Birmingham City,26,1999,17,10,995,11.1,3,1,4,3,0,0,2,0,0.27,0.09,0.36,0.27,0.36,Matches,Championship,2025-26,19,10,52.6,1.72,0.90,0.16,0.30,,,,,,,,
743,Josh Vickers,eng ENG,GK,Derby County,29,1995,7,7,625,6.9,0,0,0,0,0,0,0,0,0.00,0.00,0.00,0.00,0.00,Matches,Championship,2025-26,0,0,,0.00,0.00,,,11,1.58,31,20,64.5,1,14.3,
744,Lawrence Vigouroux,cl CHI,GK,Swansea City,31,1993,45,45,4050,45.0,0,0,0,0,0,0,1,0,0.00,0.00,0.00,0.00,0.00,Matches,Championship,2025-26,0,0,,0.00,0.00,,,58,1.29,203,145,71.4,12,26.7,0.0
745,Žan Vipotnik,si SVN,FW,Swansea City,23,2002,44,35,2940,32.7,23,3,26,18,5,5,2,0,0.70,0.09,0.80,0.55,0.64,Matches,Championship,2025-26,88,36,40.9,2.69,1.10,0.20,0.50,,,,,,,,
746,Radek Vítek,,GK,Bristol City,21,2003,41,41,3690,41.0,0,0,0,0,0,0,2,0,0.00,0.00,0.00,0.00,0.00,Matches,Championship,2025-26,0,0,,0.00,0.00,,,54,1.32,188,133,71.3,12,29.3,0.0
747,Andrija Vukčević,me MNE,"MF,DF",Preston,28,1996,29,16,1256,14.0,0,2,2,0,0,0,3,0,0.00,0.14,0.14,0.00,0.14,Matches,Championship,2025-26,2,0,0.0,0.14,0.00,0.00,,,,,,,,,
748,Zak Vyner,ke KEN,"DF,MF",Bristol City,28,1997,27,27,2321,25.8,0,0,0,0,0,0,4,0,0.00,0.00,0.00,0.00,0.00,Matches,Championship,2025-26,15,2,13.3,0.58,0.08,0.00,0.00,,,,,,,,
749,Zak Vyner,ke KEN,MF,Wrexham,28,1997,8,5,403,4.5,0,0,0,0,0,0,0,0,0.00,0.00,0.00,0.00,0.00,Matches,Championship,2025-26,4,0,0.0,0.89,0.00,0.00,,,,,,,,,
750,Thomas Waddingham,au AUS,FW,Portsmouth,20,2005,6,0,89,1.0,0,0,0,0,0,0,1,0,0.00,0.00,0.00,0.00,0.00,Matches,Championship,2025-26,2,0,0.0,2.02,0.00,0.00,,,,,,,,,
751,Kai Wagner,de GER,DF,Birmingham City,28,1997,16,16,1398,15.5,0,3,3,0,0,0,1,0,0.00,0.19,0.19,0.00,0.19,Matches,Championship,2025-26,4,1,25.0,0.26,0.06,0.00,0.00,,,,,,,,
752,Bobby Wales,sct SCO,FW,Swansea City,20,2005,4,0,25,0.3,0,0,0,0,0,0,0,0,0.00,0.00,0.00,0.00,0.00,Matches,Championship,2025-26,2,0,0.0,7.20,0.00,0.00,,,,,,,,,
753,Jed Wallace,eng ENG,MF,West Brom,31,1994,23,11,995,11.1,2,2,4,2,0,0,1,0,0.18,0.18,0.36,0.18,0.36,Matches,Championship,2025-26,22,4,18.2,1.99,0.36,0.09,0.50,,,,,,,,
754,Joe Walsh,eng ENG,GK,QPR,23,2002,23,23,2070,23.0,0,0,0,0,0,0,0,0,0.00,0.00,0.00,0.00,0.00,Matches,Championship,2025-26,0,0,,0.00,0.00,,,42,1.83,109,67,61.5,4,17.4,0.0
755,Leo Walta,fi FIN,MF,Swansea City,22,2003,10,3,319,3.5,1,0,1,1,0,0,0,0,0.28,0.00,0.28,0.28,0.28,Matches,Championship,2025-26,8,4,50.0,2.26,1.13,0.13,0.25,,,,,,,,
756,Christian Walton,eng ENG,GK,Ipswich Town,29,1995,37,36,3307,36.7,0,0,0,0,0,0,4,0,0.00,0.00,0.00,0.00,0.00,Matches,Championship,2025-26,0,0,,0.00,0.00,,,37,1.01,132,95,72.0,16,44.4,33.3
757,Jack Walton,eng ENG,GK,Preston,27,1998,3,3,270,3.0,0,0,0,0,0,0,0,0,0.00,0.00,0.00,0.00,0.00,Matches,Championship,2025-26,0,0,,0.00,0.00,,,8,2.67,22,14,63.6,0,0.0,
758,Danny Ward,wls WAL,GK,Wrexham,32,1993,8,8,719,8.0,0,0,0,0,0,0,0,0,0.00,0.00,0.00,0.00,0.00,Matches,Championship,2025-26,0,0,,0.00,0.00,,,12,1.50,37,25,67.6,3,37.5,
759,Joe Ward,eng ENG,"DF,MF",Derby County,29,1995,38,32,2930,32.6,1,8,9,1,0,0,4,1,0.03,0.25,0.28,0.03,0.28,Matches,Championship,2025-26,31,9,29.0,0.95,0.28,0.03,0.11,,,,,,,,
760,Joel Ward,eng ENG,DF,Swansea City,35,1989,15,3,461,5.1,0,0,0,0,0,0,1,0,0.00,0.00,0.00,0.00,0.00,Matches,Championship,2025-26,0,0,,0.00,0.00,,,,,,,,,,
761,Tom Watson,eng ENG,MF,Millwall,19,2006,12,2,251,2.8,0,0,0,0,0,0,2,0,0.00,0.00,0.00,0.00,0.00,Matches,Championship,2025-26,4,0,0.0,1.43,0.00,0.00,,,,,,,,,
762,Ernie Weaver,eng ENG,DF,Sheffield Weds,18,2006,6,4,354,3.9,0,0,0,0,0,0,0,0,0.00,0.00,0.00,0.00,0.00,Matches,Championship,2025-26,1,0,0.0,0.25,0.00,0.00,,,,,,,,,
763,Andreas Weimann,at AUT,MF,Derby County,33,1991,25,5,702,7.8,1,3,4,1,0,0,1,0,0.13,0.38,0.51,0.13,0.51,Matches,Championship,2025-26,16,5,31.3,2.05,0.64,0.06,0.20,,,,,,,,
764,Welington,br BRA,"DF,MF",Southampton,24,2001,18,12,1001,11.1,0,2,2,0,0,0,2,1,0.00,0.18,0.18,0.00,0.18,Matches,Championship,2025-26,4,0,0.0,0.36,0.00,0.00,,,,,,,,,
765,Scott Wharton,eng ENG,DF,Blackburn,27,1997,12,9,804,8.9,0,0,0,0,0,0,2,0,0.00,0.00,0.00,0.00,0.00,Matches,Championship,2025-26,6,2,33.3,0.67,0.22,0.00,0.00,,,,,,,,
766,Ben Whiteman,eng ENG,MF,Preston,29,1996,43,43,3732,41.5,2,5,7,2,0,0,10,0,0.05,0.12,0.17,0.05,0.17,Matches,Championship,2025-26,39,11,28.2,0.94,0.27,0.05,0.18,,,,,,,,
767,Morgan Whittaker,eng ENG,"MF,FW",Middlesbrough,24,2001,40,35,2682,29.8,14,7,21,14,0,0,4,0,0.47,0.23,0.70,0.47,0.70,Matches,Championship,2025-26,100,32,32.0,3.36,1.07,0.14,0.44,,,,,,,,
768,Harry Whitwell,eng ENG,MF,West Brom,19,2005,2,0,5,0.1,0,0,0,0,0,0,0,0,0.00,0.00,0.00,0.00,0.00,Matches,Championship,2025-26,0,0,,0.00,0.00,,,,,,,,,,
769,Melker Widell,se SWE,MF,Swansea City,23,2002,38,18,1540,17.1,0,1,1,0,0,0,5,0,0.00,0.06,0.06,0.00,0.06,Matches,Championship,2025-26,31,10,32.3,1.81,0.58,0.00,0.00,,,,,,,,
770,Jacob Widell Zetterström,se SWE,GK,Derby County,27,1998,32,32,2880,32.0,0,0,0,0,0,0,1,0,0.00,0.00,0.00,0.00,0.00,Matches,Championship,2025-26,0,0,,0.00,0.00,,,42,1.31,145,100,71.0,7,21.9,20.0
771,Joe Wildsmith,eng ENG,GK,West Brom,29,1995,7,7,630,7.0,0,0,0,0,0,0,0,0,0.00,0.00,0.00,0.00,0.00,Matches,Championship,2025-26,0,0,,0.00,0.00,,,11,1.57,20,9,45.0,1,14.3,0.0
772,Caleb Wiley,us USA,"MF,DF",Watford,20,2004,5,3,222,2.5,0,0,0,0,0,0,0,0,0.00,0.00,0.00,0.00,0.00,Matches,Championship,2025-26,3,1,33.3,1.22,0.41,0.00,0.00,,,,,,,,
773,Alex Williams,wls WAL,DF,West Brom,20,2005,1,0,3,0.0,0,0,0,0,0,0,0,0,0.00,0.00,0.00,0.00,0.00,Matches,Championship,2025-26,0,0,,0.00,0.00,,,,,,,,,,
774,Barnaby Williams,,MF,Southampton,,,1,0,45,0.5,0,0,0,0,0,0,0,0,0.00,0.00,0.00,0.00,0.00,Matches,Championship,2025-26,0,0,,0.00,0.00,,,,,,,,,,
775,Brandon Williams,eng ENG,DF,Hull City,24,2000,1,0,6,0.1,0,0,0,0,0,0,0,0,0.00,0.00,0.00,0.00,0.00,Matches,Championship,2025-26,0,0,,0.00,0.00,,,,,,,,,,
776,Joe Williams,eng ENG,MF,Bristol City,28,1996,2,0,32,0.4,0,0,0,0,0,0,0,0,0.00,0.00,0.00,0.00,0.00,Matches,Championship,2025-26,0,0,,0.00,0.00,,,,,,,,,,
777,Jordan Williams,eng ENG,DF,Portsmouth,25,1999,30,16,1780,19.8,1,2,3,1,0,0,4,0,0.05,0.10,0.15,0.05,0.15,Matches,Championship,2025-26,4,1,25.0,0.20,0.05,0.25,1.00,,,,,,,,
778,Ben Wilmot,eng ENG,DF,Stoke City,25,1999,34,33,2953,32.8,3,0,3,3,0,0,5,0,0.09,0.00,0.09,0.09,0.09,Matches,Championship,2025-26,16,5,31.3,0.49,0.15,0.19,0.60,,,,,,,,
779,Josh Windass,eng ENG,"MF,FW",Wrexham,31,1994,41,28,2390,26.6,16,5,21,13,3,3,2,0,0.60,0.19,0.79,0.49,0.68,Matches,Championship,2025-26,79,30,38.0,2.97,1.13,0.16,0.43,,,,,,,,
780,Harry Winks,eng ENG,MF,Leicester City,29,1996,34,26,2573,28.6,1,2,3,1,0,0,3,0,0.03,0.07,0.10,0.03,0.10,Matches,Championship,2025-26,35,9,25.7,1.22,0.31,0.03,0.11,,,,,,,,
781,Nathan Wood-Gordon,eng ENG,DF,Southampton,23,2002,35,27,2484,27.6,1,1,2,1,0,0,5,0,0.04,0.04,0.07,0.04,0.07,Matches,Championship,2025-26,12,2,16.7,0.43,0.07,0.08,0.50,,,,,,,,
782,Thomas Woodward,wls WAL,MF,Swansea City,18,2006,1,0,14,0.2,0,1,1,0,0,0,0,0,0.00,6.43,6.43,0.00,6.43,Matches,Championship,2025-26,1,0,0.0,6.43,0.00,0.00,,,,,,,,,
783,Luke Woolfenden,eng ENG,DF,Coventry City,26,1998,17,11,1077,12.0,0,0,0,0,0,0,2,0,0.00,0.00,0.00,0.00,0.00,Matches,Championship,2025-26,7,0,0.0,0.58,0.00,0.00,,,,,,,,,
784,Haji Wright,us USA,FW,Coventry City,27,1998,40,31,2575,28.6,17,1,18,15,2,2,4,0,0.59,0.03,0.63,0.52,0.56,Matches,Championship,2025-26,98,37,37.8,3.43,1.29,0.15,0.41,,,,,,,,
785,Jacob Wright,eng ENG,MF,Norwich City,19,2005,28,13,1253,13.9,0,3,3,0,0,0,3,1,0.00,0.22,0.22,0.00,0.22,Matches,Championship,2025-26,20,6,30.0,1.44,0.43,0.00,0.00,,,,,,,,
786,Scott Wright,sct SCO,"FW,MF",Birmingham City,27,1997,3,0,8,0.1,0,0,0,0,0,0,0,0,0.00,0.00,0.00,0.00,0.00,Matches,Championship,2025-26,0,0,,0.00,0.00,,,,,,,,,,
787,Malick Yalcouye,ci CIV,MF,Swansea City,19,2005,33,10,1034,11.5,1,2,3,1,0,0,3,1,0.09,0.17,0.26,0.09,0.26,Matches,Championship,2025-26,12,4,33.3,1.04,0.35,0.08,0.25,,,,,,,,
788,Jerry Yates,eng ENG,FW,Sheffield Weds,28,1996,18,17,1462,16.2,4,0,4,4,0,0,1,0,0.25,0.00,0.25,0.25,0.25,Matches,Championship,2025-26,22,6,27.3,1.35,0.37,0.18,0.67,,,,,,,,
789,Ashley Young,eng ENG,DF,Ipswich Town,40,1985,13,3,403,4.5,0,0,0,0,0,0,0,0,0.00,0.00,0.00,0.00,0.00,Matches,Championship,2025-26,2,0,0.0,0.45,0.00,0.00,,,,,,,,,
790,Willum Þór Willumsson,is ISL,MF,Birmingham City,26,1998,10,5,394,4.4,0,0,0,0,0,0,0,0,0.00,0.00,0.00,0.00,0.00,Matches,Championship,2025-26,6,0,0.0,1.37,0.00,0.00,,,,,,,,,
791,Stefán Þórðarson,is ISL,MF,Preston,26,1998,15,6,522,5.8,0,1,1,0,0,0,3,0,0.00,0.17,0.17,0.00,0.17,Matches,Championship,2025-26,8,2,25.0,1.38,0.34,0.00,0.00,,,,,,,,
