Unnamed: 0_level_0_Rk,Unnamed: 1_level_0_Player,Unnamed: 2_level_0_Nation,Unnamed: 3_level_0_Pos,Unnamed: 4_level_0_Squad,Unnamed: 5_level_0_Age,Unnamed: 6_level_0_Born,Playing Time_MP,Playing Time_Starts,Playing Time_Min,Playing Time_90s,Performance_Gls,Performance_Ast,Performance_G+A,Performance_G-PK,Performance_PK,Performance_PKatt,Performance_CrdY,Performance_CrdR,Per 90 Minutes_Gls,Per 90 Minutes_Ast,Per 90 Minutes_G+A,Per 90 Minutes_G-PK,Per 90 Minutes_G+A-PK,Unnamed: 24_level_0_Matches,league_tag,season_tag,Standard_Sh,Standard_SoT,Standard_SoT%,Standard_Sh/90,Standard_SoT/90,Standard_G/Sh,Standard_G/SoT,Performance_GA,Performance_GA90,Performance_SoTA,Performance_Saves,Performance_Save%,Performance_CS,Performance_CS%,Penalty Kicks_Save%
1,Brenden Aaronson,us USA,MF,Leeds United,23,2000,46,43,3551,39.5,9,2,11,9,0,0,1,0,0.23,0.05,0.28,0.23,0.28,Matches,Championship,2024-25,86,28,32.6,2.18,0.71,0.10,0.32,,,,,,,,
2,Thelo Aasgaard,no NOR,"MF,FW",Luton Town,22,2002,17,17,1513,16.8,2,1,3,2,0,0,1,0,0.12,0.06,0.18,0.12,0.18,Matches,Championship,2024-25,38,11,28.9,2.26,0.65,0.05,0.18,,,,,,,,
3,James Abankwah,ie IRL,DF,Watford,20,2004,19,17,1384,15.4,0,0,0,0,0,0,4,1,0.00,0.00,0.00,0.00,0.00,Matches,Championship,2024-25,4,1,25.0,0.26,0.07,0.00,0.00,,,,,,,,
4,Salis Abdul Samed,gh GHA,MF,Sunderland,24,2000,10,3,283,3.1,0,0,0,0,0,0,0,0,0.00,0.00,0.00,0.00,0.00,Matches,Championship,2024-25,0,0,,0.00,0.00,,,,,,,,,,
5,Azeem Abdulai,sct SCO,MF,Swansea City,21,2002,17,2,348,3.9,1,0,1,1,0,0,1,0,0.26,0.00,0.26,0.26,0.26,Matches,Championship,2024-25,2,1,50.0,0.52,0.26,0.50,1.00,,,,,,,,
6,Ebou Adams,gm GAM,MF,Derby County,28,1996,44,42,3789,42.1,6,1,7,6,0,0,12,0,0.14,0.02,0.17,0.14,0.17,Matches,Championship,2024-25,51,11,21.6,1.21,0.26,0.12,0.55,,,,,,,,
7,Elijah Adebayo,eng ENG,FW,Luton Town,26,1998,39,31,2425,26.9,5,0,5,5,0,0,1,0,0.19,0.00,0.19,0.19,0.19,Matches,Championship,2024-25,69,32,46.4,2.56,1.19,0.07,0.16,,,,,,,,
8,Michael Adu-Poku,eng ENG,FW,Watford,18,2005,1,0,1,0.0,0,0,0,0,0,0,0,0,0.00,0.00,0.00,0.00,0.00,Matches,Championship,2024-25,0,0,,0.00,0.00,,,,,,,,,,
9,Enock Agyei,be BEL,FW,Burnley,19,2005,3,0,58,0.6,0,0,0,0,0,0,0,0,0.00,0.00,0.00,0.00,0.00,Matches,Championship,2024-25,2,0,0.0,3.10,0.00,0.00,,,,,,,,,
10,Anel Ahmedhodžić,ba BIH,DF,Sheffield United,25,1999,38,35,3136,34.8,3,1,4,3,0,0,11,1,0.09,0.03,0.11,0.09,0.11,Matches,Championship,2024-25,12,4,33.3,0.34,0.11,0.25,0.75,,,,,,,,
11,Semi Ajayi,ng NGA,DF,West Brom,30,1993,15,14,1228,13.6,0,0,0,0,0,0,4,0,0.00,0.00,0.00,0.00,0.00,Matches,Championship,2024-25,5,1,20.0,0.37,0.07,0.00,0.00,,,,,,,,
12,Milan Aleksić,rs SRB,MF,Sunderland,18,2005,8,3,290,3.2,0,0,0,0,0,0,1,0,0.00,0.00,0.00,0.00,0.00,Matches,Championship,2024-25,6,4,66.7,1.86,1.24,0.00,0.00,,,,,,,,
13,Ajibola Alese,eng ENG,DF,Sunderland,23,2001,12,8,703,7.8,0,0,0,0,0,0,2,0,0.00,0.00,0.00,0.00,0.00,Matches,Championship,2024-25,3,1,33.3,0.38,0.13,0.00,0.00,,,,,,,,
14,Jamie Allen,eng ENG,MF,Coventry City,29,1995,21,12,1004,11.2,0,0,0,0,0,0,1,0,0.00,0.00,0.00,0.00,0.00,Matches,Championship,2024-25,10,2,20.0,0.90,0.18,0.00,0.00,,,,,,,,
15,Joe Allen,wls WAL,MF,Swansea City,34,1990,25,8,709,7.9,1,1,2,1,0,0,2,0,0.13,0.13,0.25,0.13,0.25,Matches,Championship,2024-25,6,3,50.0,0.76,0.38,0.17,0.33,,,,,,,,
16,Millenic Alli,ie IRL,"MF,FW",Luton Town,24,2000,16,6,766,8.5,4,0,4,4,0,0,1,0,0.47,0.00,0.47,0.47,0.47,Matches,Championship,2024-25,22,7,31.8,2.58,0.82,0.18,0.57,,,,,,,,
17,Jak Alnwick,eng ENG,GK,Cardiff City,31,1993,29,29,2610,29.0,0,0,0,0,0,0,2,0,0.00,0.00,0.00,0.00,0.00,Matches,Championship,2024-25,0,0,,0.00,0.00,,,45,1.55,127,82,64.6,5,17.2,25.0
18,Will Alves,eng ENG,"MF,FW",Cardiff City,19,2005,14,8,667,7.4,1,3,4,1,0,0,0,0,0.13,0.40,0.54,0.13,0.54,Matches,Championship,2024-25,13,4,30.8,1.75,0.54,0.08,0.25,,,,,,,,
19,Steven Alzate,co COL,MF,Hull City,25,1998,28,21,1941,21.6,0,1,1,0,0,0,2,0,0.00,0.05,0.05,0.00,0.05,Matches,Championship,2024-25,15,1,6.7,0.70,0.05,0.00,0.00,,,,,,,,
20,Zeki Amdouni,ch SUI,"FW,MF",Burnley,23,2000,2,0,35,0.4,1,0,1,1,0,0,0,0,2.57,0.00,2.57,2.57,2.57,Matches,Championship,2024-25,1,1,100.0,2.57,2.57,1.00,1.00,,,,,,,,
21,Ethan Ampadu,wls WAL,"DF,MF",Leeds United,23,2000,29,26,2285,25.4,0,0,0,0,0,0,7,0,0.00,0.00,0.00,0.00,0.00,Matches,Championship,2024-25,11,2,18.2,0.43,0.08,0.00,0.00,,,,,,,,
22,Nordin Amrabat,ma MAR,MF,Hull City,37,1987,10,2,288,3.2,0,1,1,0,0,0,0,0,0.00,0.31,0.31,0.00,0.31,Matches,Championship,2024-25,4,1,25.0,1.25,0.31,0.00,0.00,,,,,,,,
23,Lucas Andersen,dk DEN,MF,QPR,29,1994,33,13,1165,12.9,2,0,2,2,0,0,1,0,0.15,0.00,0.15,0.15,0.15,Matches,Championship,2024-25,19,8,42.1,1.47,0.62,0.11,0.25,,,,,,,,
24,Joe Anderson,eng ENG,DF,Sunderland,23,2001,2,1,99,1.1,0,0,0,0,0,0,1,0,0.00,0.00,0.00,0.00,0.00,Matches,Championship,2024-25,0,0,,0.00,0.00,,,,,,,,,,
25,Ryan Andrews,eng ENG,"MF,DF",Watford,19,2004,38,21,2086,23.2,3,2,5,3,0,0,3,0,0.13,0.09,0.22,0.13,0.22,Matches,Championship,2024-25,32,10,31.3,1.38,0.43,0.09,0.30,,,,,,,,
26,Jaidon Anthony,eng ENG,MF,Burnley,24,1999,43,42,3661,40.7,8,7,15,8,0,0,4,0,0.20,0.17,0.37,0.20,0.37,Matches,Championship,2024-25,97,34,35.1,2.38,0.84,0.08,0.24,,,,,,,,
27,Adil Aouchiche,dz ALG,MF,Portsmouth,22,2002,12,9,683,7.6,1,1,2,1,0,0,2,0,0.13,0.13,0.26,0.13,0.26,Matches,Championship,2024-25,14,6,42.9,1.84,0.79,0.07,0.17,,,,,,,,
28,Adil Aouchiche,dz ALG,MF,Sunderland,22,2002,8,3,296,3.3,0,1,1,0,0,0,0,0,0.00,0.30,0.30,0.00,0.30,Matches,Championship,2024-25,14,7,50.0,4.26,2.13,0.00,0.00,,,,,,,,
29,Oliver Arblaster,eng ENG,MF,Sheffield United,20,2004,12,11,978,10.9,2,1,3,2,0,0,3,0,0.18,0.09,0.28,0.18,0.28,Matches,Championship,2024-25,10,3,30.0,0.92,0.28,0.20,0.67,,,,,,,,
30,Jordan Archer,sct SCO,GK,Portsmouth,31,1993,2,1,150,1.7,0,0,0,0,0,0,0,0,0.00,0.00,0.00,0.00,0.00,Matches,Championship,2024-25,0,0,,0.00,0.00,,,2,1.20,11,9,81.8,0,0.0,
31,Adam Armstrong,eng ENG,"FW,MF",West Brom,27,1997,16,12,1008,11.2,3,0,3,2,1,1,0,0,0.27,0.00,0.27,0.18,0.18,Matches,Championship,2024-25,26,11,42.3,2.32,0.98,0.08,0.18,,,,,,,,
32,Harrison Armstrong,eng ENG,MF,Derby County,17,2007,15,12,1105,12.3,1,0,1,1,0,0,3,0,0.08,0.00,0.08,0.08,0.08,Matches,Championship,2024-25,9,3,33.3,0.73,0.24,0.11,0.33,,,,,,,,
33,Sinclair Armstrong,ie IRL,FW,Bristol City,21,2003,36,17,1555,17.3,3,0,3,3,0,0,1,0,0.17,0.00,0.17,0.17,0.17,Matches,Championship,2024-25,41,17,41.5,2.37,0.98,0.07,0.18,,,,,,,,
34,Stuart Armstrong,sct SCO,MF,Sheffield Weds,32,1992,11,6,536,6.0,0,1,1,0,0,0,0,0,0.00,0.17,0.17,0.00,0.17,Matches,Championship,2024-25,13,2,15.4,2.18,0.34,0.00,0.00,,,,,,,,
35,Harrison Ashby,sct SCO,"DF,MF",QPR,22,2001,29,17,1583,17.6,0,1,1,0,0,0,6,0,0.00,0.06,0.06,0.00,0.06,Matches,Championship,2024-25,13,4,30.8,0.74,0.23,0.00,0.00,,,,,,,,
36,Cian Ashford,wls WAL,"MF,FW",Cardiff City,19,2004,28,17,1522,16.9,2,3,5,2,0,0,0,0,0.12,0.18,0.30,0.12,0.30,Matches,Championship,2024-25,21,4,19.0,1.24,0.24,0.10,0.50,,,,,,,,
37,Robert Atkinson,eng ENG,DF,Portsmouth,26,1998,14,13,1098,12.2,2,1,3,2,0,0,4,0,0.16,0.08,0.25,0.16,0.25,Matches,Championship,2024-25,6,2,33.3,0.49,0.16,0.33,1.00,,,,,,,,
38,Luke Ayling,eng ENG,DF,Middlesbrough,32,1991,26,23,1951,21.7,0,2,2,0,0,0,4,0,0.00,0.09,0.09,0.00,0.09,Matches,Championship,2024-25,14,2,14.3,0.65,0.09,0.00,0.00,,,,,,,,
39,Finn Azaz,ie IRL,MF,Middlesbrough,23,2000,45,43,3544,39.4,12,11,23,12,0,0,6,0,0.30,0.28,0.58,0.30,0.58,Matches,Championship,2024-25,123,40,32.5,3.12,1.02,0.10,0.30,,,,,,,,
40,Femi Azeez,ng NGA,MF,Millwall,23,2001,34,21,1906,21.2,2,5,7,2,0,0,4,0,0.09,0.24,0.33,0.09,0.33,Matches,Championship,2024-25,52,19,36.5,2.46,0.90,0.04,0.11,,,,,,,,
41,Kwadwo Baah,eng ENG,"MF,FW",Watford,21,2003,27,16,1459,16.2,4,3,7,4,0,0,5,1,0.25,0.19,0.43,0.25,0.43,Matches,Championship,2024-25,25,12,48.0,1.54,0.74,0.16,0.33,,,,,,,,
42,Daniel Bachmann,at AUT,GK,Watford,30,1994,22,22,1902,21.1,0,0,0,0,0,0,1,0,0.00,0.00,0.00,0.00,0.00,Matches,Championship,2024-25,0,0,,0.00,0.00,,,28,1.32,88,60,68.2,5,22.7,100.0
43,Joel Bagan,ie IRL,DF,Cardiff City,24,2000,31,17,1612,17.9,0,1,1,0,0,0,4,1,0.00,0.06,0.06,0.00,0.06,Matches,Championship,2024-25,2,2,100.0,0.11,0.11,0.00,0.00,,,,,,,,
44,Michael Baidoo,gh GHA,"MF,FW",Plymouth Argyle,25,1999,11,4,452,5.0,0,0,0,0,0,0,0,0,0.00,0.00,0.00,0.00,0.00,Matches,Championship,2024-25,2,1,50.0,0.40,0.20,0.00,0.00,,,,,,,,
45,Lewis Baker,eng ENG,MF,Blackburn,29,1995,13,7,596,6.6,1,0,1,1,0,0,2,0,0.15,0.00,0.15,0.15,0.15,Matches,Championship,2024-25,12,4,33.3,1.81,0.60,0.08,0.25,,,,,,,,
46,Lewis Baker,eng ENG,MF,Stoke City,29,1995,19,16,1475,16.4,6,2,8,4,2,2,3,0,0.37,0.12,0.49,0.24,0.37,Matches,Championship,2024-25,27,12,44.4,1.65,0.73,0.15,0.33,,,,,,,,
47,Daniel Ballard,nir NIR,DF,Sunderland,24,1999,20,12,1127,12.5,2,1,3,2,0,0,3,0,0.16,0.08,0.24,0.16,0.24,Matches,Championship,2024-25,13,6,46.2,1.04,0.48,0.15,0.33,,,,,,,,
48,Patrick Bamford,eng ENG,"FW,MF",Leeds United,30,1993,17,0,252,2.8,0,0,0,0,0,0,0,0,0.00,0.00,0.00,0.00,0.00,Matches,Championship,2024-25,12,2,16.7,4.29,0.71,0.00,0.00,,,,,,,,
49,Raees Bangura-Williams,,MF,Millwall,,,10,7,608,6.8,0,3,3,0,0,0,2,0,0.00,0.44,0.44,0.00,0.44,Matches,Championship,2024-25,8,2,25.0,1.18,0.30,0.00,0.00,,,,,,,,
50,Tamer Bani Odeh,jo JOR,FW,West Brom,20,2003,4,0,53,0.6,0,1,1,0,0,0,1,0,0.00,1.70,1.70,0.00,1.70,Matches,Championship,2024-25,3,0,0.0,5.09,0.00,0.00,,,,,,,,,
51,Barry Bannan,sct SCO,MF,Sheffield Weds,34,1989,41,40,3461,38.5,4,5,9,4,0,0,7,0,0.10,0.13,0.23,0.10,0.23,Matches,Championship,2024-25,48,10,20.8,1.25,0.26,0.08,0.40,,,,,,,,
52,Jamal Baptiste,eng ENG,DF,Sheffield United,20,2003,1,0,7,0.1,0,0,0,0,0,0,0,0,0.00,0.00,0.00,0.00,0.00,Matches,Championship,2024-25,0,0,,0.00,0.00,,,,,,,,,,
53,Shandon Baptiste,gd GRN,MF,Luton Town,26,1998,16,7,717,8.0,1,0,1,1,0,0,2,0,0.13,0.00,0.13,0.13,0.13,Matches,Championship,2024-25,6,2,33.3,0.75,0.25,0.17,0.50,,,,,,,,
54,Tom Barkhuizen,eng ENG,"MF,FW",Derby County,31,1993,19,2,404,4.5,0,0,0,0,0,0,2,0,0.00,0.00,0.00,0.00,0.00,Matches,Championship,2024-25,4,1,25.0,0.89,0.22,0.00,0.00,,,,,,,,
55,Daniel Barlaser,tr TUR,MF,Middlesbrough,27,1997,23,12,1155,12.8,1,1,2,1,0,0,2,0,0.08,0.08,0.16,0.08,0.16,Matches,Championship,2024-25,8,2,25.0,0.62,0.16,0.13,0.50,,,,,,,,
56,Ashley Barnes,eng ENG,FW,Norwich City,34,1989,8,1,173,1.9,0,0,0,0,0,0,1,0,0.00,0.00,0.00,0.00,0.00,Matches,Championship,2024-25,4,1,25.0,2.08,0.52,0.00,0.00,,,,,,,,
57,Ashley Barnes,eng ENG,FW,Burnley,34,1989,13,1,134,1.5,1,1,2,1,0,0,1,0,0.67,0.67,1.34,0.67,1.34,Matches,Championship,2024-25,3,1,33.3,2.01,0.67,0.33,1.00,,,,,,,,
58,Louie Barry,eng ENG,MF,Hull City,21,2003,4,2,165,1.8,0,0,0,0,0,0,0,0,0.00,0.00,0.00,0.00,0.00,Matches,Championship,2024-25,3,1,33.3,1.64,0.55,0.00,0.00,,,,,,,,
59,Kyle Bartley,eng ENG,DF,West Brom,33,1991,31,30,2610,29.0,0,0,0,0,0,0,5,1,0.00,0.00,0.00,0.00,0.00,Matches,Championship,2024-25,24,6,25.0,0.83,0.21,0.00,0.00,,,,,,,,
60,Norman Bassette,be BEL,FW,Coventry City,19,2004,25,11,907,10.1,2,0,2,2,0,0,5,0,0.20,0.00,0.20,0.20,0.20,Matches,Championship,2024-25,18,7,38.9,1.79,0.69,0.11,0.29,,,,,,,,
61,Danny Batth,eng ENG,DF,Blackburn,33,1990,37,34,3009,33.4,2,0,2,2,0,0,5,0,0.06,0.00,0.06,0.06,0.06,Matches,Championship,2024-25,16,6,37.5,0.48,0.18,0.13,0.33,,,,,,,,
62,Patrick Bauer,de GER,DF,Preston,31,1992,1,0,6,0.1,0,0,0,0,0,0,0,0,0.00,0.00,0.00,0.00,0.00,Matches,Championship,2024-25,0,0,,0.00,0.00,,,,,,,,,,
63,Vakoun Bayo,ci CIV,FW,Watford,27,1997,41,25,2242,24.9,10,0,10,9,1,1,5,1,0.40,0.00,0.40,0.36,0.36,Matches,Championship,2024-25,59,22,37.3,2.37,0.88,0.15,0.41,,,,,,,,
64,James Beadle,eng ENG,GK,Sheffield Weds,20,2004,38,38,3420,38.0,0,0,0,0,0,0,2,0,0.00,0.00,0.00,0.00,0.00,Matches,Championship,2024-25,0,0,,0.00,0.00,,,59,1.55,136,81,56.6,9,23.7,20.0
65,Owen Beck,wls WAL,"DF,MF",Blackburn,21,2002,24,21,1874,20.8,1,0,1,1,0,0,3,1,0.05,0.00,0.05,0.05,0.05,Matches,Championship,2024-25,9,2,22.2,0.43,0.10,0.11,0.50,,,,,,,,
66,Chris Bedia,ci CIV,FW,Hull City,28,1996,21,9,921,10.2,3,0,3,2,1,1,0,0,0.29,0.00,0.29,0.20,0.20,Matches,Championship,2024-25,19,8,42.1,1.86,0.78,0.11,0.25,,,,,,,,
67,Amari'i Bell,jm JAM,"DF,MF",Luton Town,30,1994,31,31,2706,30.1,0,0,0,0,0,0,1,0,0.00,0.00,0.00,0.00,0.00,Matches,Championship,2024-25,4,0,0.0,0.13,0.00,0.00,,,,,,,,,
68,Sam Bell,eng ENG,"FW,MF",Bristol City,22,2002,20,0,440,4.9,0,0,0,0,0,0,0,0,0.00,0.00,0.00,0.00,0.00,Matches,Championship,2024-25,15,7,46.7,3.07,1.43,0.00,0.00,,,,,,,,
69,Jobe Bellingham,eng ENG,MF,Sunderland,18,2005,40,39,3507,39.0,4,3,7,4,0,0,10,1,0.10,0.08,0.18,0.10,0.18,Matches,Championship,2024-25,53,9,17.0,1.36,0.23,0.08,0.44,,,,,,,,
70,Bachir Belloumi,dz ALG,"FW,MF",Hull City,22,2002,10,10,815,9.1,2,2,4,2,0,0,1,0,0.22,0.22,0.44,0.22,0.44,Matches,Championship,2024-25,24,10,41.7,2.65,1.10,0.08,0.20,,,,,,,,
71,Anis Ben Slimane,tn TUN,MF,Norwich City,23,2001,33,25,2091,23.2,2,2,4,2,0,0,6,0,0.09,0.09,0.17,0.09,0.17,Matches,Championship,2024-25,19,6,31.6,0.82,0.26,0.11,0.33,,,,,,,,
72,Anis Ben Slimane,tn TUN,MF,Sheffield United,23,2001,3,0,46,0.5,0,0,0,0,0,0,0,0,0.00,0.00,0.00,0.00,0.00,Matches,Championship,2024-25,0,0,,0.00,0.00,,,,,,,,,,
73,Joe Bennett,eng ENG,DF,Oxford United,34,1990,12,8,744,8.3,0,0,0,0,0,0,1,0,0.00,0.00,0.00,0.00,0.00,Matches,Championship,2024-25,1,0,0.0,0.12,0.00,0.00,,,,,,,,,
74,Daniel Bennie,au AUS,FW,QPR,18,2006,12,1,216,2.4,0,0,0,0,0,0,1,0,0.00,0.00,0.00,0.00,0.00,Matches,Championship,2024-25,3,1,33.3,1.25,0.42,0.00,0.00,,,,,,,,
75,Jóhann Berg Guðmundsson,is ISL,"FW,MF",Burnley,33,1990,1,0,16,0.2,1,0,1,1,0,0,0,0,5.63,0.00,5.63,5.63,5.63,Matches,Championship,2024-25,1,1,100.0,5.63,5.63,1.00,1.00,,,,,,,,
76,Di'Shon Bernard,jm JAM,DF,Sheffield Weds,23,2000,27,26,2235,24.8,2,0,2,2,0,0,9,2,0.08,0.00,0.08,0.08,0.08,Matches,Championship,2024-25,17,4,23.5,0.68,0.16,0.12,0.50,,,,,,,,
77,Kian Best,eng ENG,DF,Preston,18,2005,1,0,4,0.0,0,0,0,0,0,0,0,0,0.00,0.00,0.00,0.00,0.00,Matches,Championship,2024-25,0,0,,0.00,0.00,,,,,,,,,,
78,Florian Bianchini,fr FRA,FW,Swansea City,23,2001,36,8,1103,12.3,3,0,3,3,0,0,2,0,0.24,0.00,0.24,0.24,0.24,Matches,Championship,2024-25,18,9,50.0,1.47,0.73,0.17,0.33,,,,,,,,
79,Jake Bidwell,eng ENG,"DF,MF",Coventry City,31,1993,29,23,2062,22.9,1,1,2,1,0,0,5,0,0.04,0.04,0.09,0.04,0.09,Matches,Championship,2024-25,12,1,8.3,0.52,0.04,0.08,1.00,,,,,,,,
80,Luis Binks,eng ENG,DF,Coventry City,22,2001,22,21,1852,20.6,0,1,1,0,0,0,7,0,0.00,0.05,0.05,0.00,0.05,Matches,Championship,2024-25,8,3,37.5,0.39,0.15,0.00,0.00,,,,,,,,
81,Max Bird,eng ENG,MF,Bristol City,23,2000,46,43,3481,38.7,1,8,9,1,0,0,1,0,0.03,0.21,0.23,0.03,0.23,Matches,Championship,2024-25,43,12,27.9,1.11,0.31,0.02,0.08,,,,,,,,
82,Colby Bishop,eng ENG,FW,Portsmouth,27,1996,32,31,2629,29.2,11,3,14,8,3,4,3,0,0.38,0.10,0.48,0.27,0.38,Matches,Championship,2024-25,67,25,37.3,2.29,0.86,0.12,0.32,,,,,,,,
83,Billy Blacker,eng ENG,FW,Sheffield United,18,2006,1,0,1,0.0,0,0,0,0,0,0,0,0,0.00,0.00,0.00,0.00,0.00,Matches,Championship,2024-25,0,0,,0.00,0.00,,,,,,,,,,
84,Corey Blackett-Taylor,eng ENG,"MF,FW",Derby County,26,1997,12,4,404,4.5,1,0,1,1,0,0,1,0,0.22,0.00,0.22,0.22,0.22,Matches,Championship,2024-25,11,4,36.4,2.45,0.89,0.09,0.25,,,,,,,,
85,Harvey Blair,eng ENG,MF,Portsmouth,20,2003,12,3,294,3.3,1,0,1,1,0,0,3,0,0.31,0.00,0.31,0.31,0.31,Matches,Championship,2024-25,4,2,50.0,1.22,0.61,0.25,0.50,,,,,,,,
86,Malachi Boateng,eng ENG,MF,Plymouth Argyle,22,2002,7,1,198,2.2,0,0,0,0,0,0,0,0,0.00,0.00,0.00,0.00,0.00,Matches,Championship,2024-25,3,0,0.0,1.36,0.00,0.00,,,,,,,,,
87,Eric Bocat,fr FRA,DF,Stoke City,25,1999,30,23,2041,22.7,0,1,1,0,0,0,1,0,0.00,0.04,0.04,0.00,0.04,Matches,Championship,2024-25,17,4,23.5,0.75,0.18,0.00,0.00,,,,,,,,
88,Jayden Bogle,eng ENG,DF,Leeds United,24,2000,44,44,3824,42.5,6,4,10,6,0,0,12,0,0.14,0.09,0.24,0.14,0.24,Matches,Championship,2024-25,47,14,29.8,1.11,0.33,0.13,0.43,,,,,,,,
89,Jonathan Bond,eng ENG,GK,Watford,31,1993,9,8,798,8.9,0,0,0,0,0,0,0,0,0.00,0.00,0.00,0.00,0.00,Matches,Championship,2024-25,0,0,,0.00,0.00,,,14,1.58,44,30,68.2,1,12.5,
90,Neto Borges,br BRA,DF,Middlesbrough,27,1996,35,34,2891,32.1,1,3,4,1,0,0,4,0,0.03,0.09,0.12,0.03,0.12,Matches,Championship,2024-25,19,4,21.1,0.59,0.12,0.05,0.25,,,,,,,,
91,Raphael Borges Rodrigues,au AUS,MF,Coventry City,20,2003,3,0,10,0.1,0,0,0,0,0,0,0,0,0.00,0.00,0.00,0.00,0.00,Matches,Championship,2024-25,0,0,,0.00,0.00,,,,,,,,,,
92,Josh Bowler,eng ENG,"MF,FW",Preston,25,1999,10,6,456,5.1,0,0,0,0,0,0,0,0,0.00,0.00,0.00,0.00,0.00,Matches,Championship,2024-25,11,5,45.5,2.17,0.99,0.00,0.00,,,,,,,,
93,Josh Bowler,eng ENG,MF,Luton Town,25,1999,8,0,150,1.7,0,0,0,0,0,0,0,0,0.00,0.00,0.00,0.00,0.00,Matches,Championship,2024-25,3,0,0.0,1.80,0.00,0.00,,,,,,,,,
94,Sonny Bradley,eng ENG,DF,Derby County,32,1991,7,3,303,3.4,0,0,0,0,0,0,1,0,0.00,0.00,0.00,0.00,0.00,Matches,Championship,2024-25,1,1,100.0,0.30,0.30,0.00,0.00,,,,,,,,
95,Tom Bradshaw,wls WAL,FW,Oxford United,32,1992,11,4,359,4.0,0,0,0,0,0,0,1,0,0.00,0.00,0.00,0.00,0.00,Matches,Championship,2024-25,7,2,28.6,1.75,0.50,0.00,0.00,,,,,,,,
96,Tom Bradshaw,wls WAL,FW,Millwall,32,1992,11,4,450,5.0,1,0,1,0,1,1,0,0,0.20,0.00,0.20,0.00,0.00,Matches,Championship,2024-25,14,3,21.4,2.80,0.60,0.00,0.00,,,,,,,,
97,Robbie Brady,ie IRL,MF,Preston,32,1992,29,17,1638,18.2,0,4,4,0,0,0,8,0,0.00,0.22,0.22,0.00,0.22,Matches,Championship,2024-25,21,4,19.0,1.15,0.22,0.00,0.00,,,,,,,,
98,Cohen Bramall,eng ENG,DF,Portsmouth,28,1996,12,4,460,5.1,0,0,0,0,0,0,2,0,0.00,0.00,0.00,0.00,0.00,Matches,Championship,2024-25,4,0,0.0,0.78,0.00,0.00,,,,,,,,,
99,Cameron Brannagan,eng ENG,MF,Oxford United,28,1996,33,33,2900,32.2,3,4,7,3,0,0,10,0,0.09,0.12,0.22,0.09,0.22,Matches,Championship,2024-25,48,16,33.3,1.49,0.50,0.06,0.19,,,,,,,,
100,Ben Brereton,cl CHI,MF,Sheffield United,25,1999,17,13,984,10.9,4,3,7,4,0,0,4,0,0.37,0.27,0.64,0.37,0.64,Matches,Championship,2024-25,21,7,33.3,1.92,0.64,0.19,0.57,,,,,,,,
101,Rhian Brewster,eng ENG,"MF,FW",Sheffield United,24,2000,36,16,1558,17.3,4,3,7,4,0,0,2,0,0.23,0.17,0.40,0.23,0.40,Matches,Championship,2024-25,36,7,19.4,2.08,0.40,0.11,0.57,,,,,,,,
102,Callum Brittain,eng ENG,DF,Blackburn,26,1998,33,30,2659,29.5,2,5,7,2,0,0,5,0,0.07,0.17,0.24,0.07,0.24,Matches,Championship,2024-25,18,3,16.7,0.61,0.10,0.11,0.67,,,,,,,,
103,Andre Brooks,jm JAM,MF,Sheffield United,20,2003,22,10,951,10.6,3,2,5,3,0,0,3,0,0.28,0.19,0.47,0.28,0.47,Matches,Championship,2024-25,21,9,42.9,1.99,0.85,0.14,0.33,,,,,,,,
104,Ciaron Brown,nir NIR,DF,Oxford United,26,1998,41,41,3611,40.1,4,3,7,4,0,0,6,0,0.10,0.07,0.17,0.10,0.17,Matches,Championship,2024-25,23,7,30.4,0.57,0.17,0.17,0.57,,,,,,,,
105,Dajaune Brown,jm JAM,FW,Derby County,18,2005,15,3,387,4.3,1,0,1,1,0,0,0,0,0.23,0.00,0.23,0.23,0.23,Matches,Championship,2024-25,7,2,28.6,1.63,0.47,0.14,0.50,,,,,,,,
106,Jacob Brown,sct SCO,"MF,FW",Luton Town,26,1998,29,11,1217,13.5,4,1,5,4,0,0,4,0,0.30,0.07,0.37,0.30,0.37,Matches,Championship,2024-25,34,9,26.5,2.51,0.67,0.12,0.44,,,,,,,,
107,Alan Browne,ie IRL,"MF,DF",Sunderland,29,1995,22,13,1212,13.5,1,0,1,1,0,0,1,0,0.07,0.00,0.07,0.07,0.07,Matches,Championship,2024-25,10,3,30.0,0.74,0.22,0.10,0.33,,,,,,,,
108,Josh Brownhill,eng ENG,MF,Burnley,28,1995,42,39,3474,38.6,18,6,24,15,3,3,5,0,0.47,0.16,0.62,0.39,0.54,Matches,Championship,2024-25,66,30,45.5,1.71,0.78,0.23,0.50,,,,,,,,
109,Joe Bryan,eng ENG,DF,Millwall,30,1993,39,37,3275,36.4,1,1,2,1,0,0,8,0,0.03,0.03,0.05,0.03,0.05,Matches,Championship,2024-25,24,6,25.0,0.66,0.16,0.04,0.17,,,,,,,,
110,Solomon Brynn,eng ENG,GK,Middlesbrough,23,2000,6,6,509,5.7,0,0,0,0,0,0,0,0,0.00,0.00,0.00,0.00,0.00,Matches,Championship,2024-25,0,0,,0.00,0.00,,,9,1.59,25,16,64.0,1,16.7,
111,John Buckley,eng ENG,MF,Blackburn,24,1999,23,8,855,9.5,0,0,0,0,0,0,5,0,0.00,0.00,0.00,0.00,0.00,Matches,Championship,2024-25,9,2,22.2,0.95,0.21,0.00,0.00,,,,,,,,
112,Mustapha Bundu,sl SLE,"FW,MF",Plymouth Argyle,27,1997,37,27,2302,25.6,10,6,16,10,0,0,4,0,0.39,0.23,0.63,0.39,0.63,Matches,Championship,2024-25,35,18,51.4,1.37,0.70,0.29,0.56,,,,,,,,
113,Wouter Burger,nl NED,MF,Stoke City,23,2001,39,37,3002,33.4,1,1,2,1,0,0,10,0,0.03,0.03,0.06,0.03,0.06,Matches,Championship,2024-25,24,5,20.8,0.72,0.15,0.04,0.20,,,,,,,,
114,Delano Burgzorg,sr SUR,MF,Middlesbrough,25,1998,42,23,2187,24.3,5,2,7,4,1,1,2,0,0.21,0.08,0.29,0.16,0.25,Matches,Championship,2024-25,68,21,30.9,2.80,0.86,0.06,0.19,,,,,,,,
115,Reece Burke,eng ENG,"DF,MF",Luton Town,27,1996,17,10,852,9.5,0,0,0,0,0,0,4,0,0.00,0.00,0.00,0.00,0.00,Matches,Championship,2024-25,7,2,28.6,0.74,0.21,0.00,0.00,,,,,,,,
116,Finley Burns,eng ENG,"DF,MF",Hull City,21,2003,9,4,311,3.5,0,0,0,0,0,0,1,0,0.00,0.00,0.00,0.00,0.00,Matches,Championship,2024-25,0,0,,0.00,0.00,,,,,,,,,,
117,Harrison Burrows,eng ENG,DF,Sheffield United,22,2002,43,39,3460,38.4,5,3,8,3,2,2,2,0,0.13,0.08,0.21,0.08,0.16,Matches,Championship,2024-25,51,16,31.4,1.33,0.42,0.06,0.19,,,,,,,,
118,Mason Burstow,eng ENG,"FW,MF",Hull City,20,2003,31,8,953,10.6,2,1,3,2,0,0,1,0,0.19,0.09,0.28,0.19,0.28,Matches,Championship,2024-25,29,13,44.8,2.74,1.23,0.07,0.15,,,,,,,,
119,Sam Byram,eng ENG,DF,Leeds United,30,1993,36,16,1409,15.7,1,1,2,1,0,0,4,0,0.06,0.06,0.13,0.06,0.13,Matches,Championship,2024-25,15,4,26.7,0.96,0.26,0.07,0.25,,,,,,,,
120,Ben Cabango,wls WAL,DF,Swansea City,24,2000,45,45,4032,44.8,2,1,3,2,0,0,9,0,0.04,0.02,0.07,0.04,0.07,Matches,Championship,2024-25,23,5,21.7,0.51,0.11,0.09,0.40,,,,,,,,
121,Tyrese Campbell,eng ENG,FW,Sheffield United,24,1999,33,20,1580,17.6,10,1,11,10,0,0,2,0,0.57,0.06,0.63,0.57,0.63,Matches,Championship,2024-25,48,25,52.1,2.73,1.42,0.21,0.40,,,,,,,,
122,Tom Cannon,ie IRL,FW,Stoke City,21,2002,22,22,1857,20.6,9,1,10,6,3,4,3,0,0.44,0.05,0.48,0.29,0.34,Matches,Championship,2024-25,56,31,55.4,2.71,1.50,0.11,0.19,,,,,,,,
123,Tom Cannon,ie IRL,FW,Sheffield United,21,2002,15,7,682,7.6,1,1,2,1,0,0,0,0,0.13,0.13,0.26,0.13,0.26,Matches,Championship,2024-25,21,5,23.8,2.77,0.66,0.05,0.20,,,,,,,,
124,Todd Cantwell,eng ENG,MF,Blackburn,26,1998,37,27,2479,27.5,3,7,10,1,2,2,6,0,0.11,0.25,0.36,0.04,0.29,Matches,Championship,2024-25,33,10,30.3,1.20,0.36,0.03,0.10,,,,,,,,
125,Theo Carroll,eng ENG,MF,Preston,17,2007,1,0,4,0.0,0,0,0,0,0,0,0,0,0.00,0.00,0.00,0.00,0.00,Matches,Championship,2024-25,0,0,,0.00,0.00,,,,,,,,,,
126,Hayden Carter,eng ENG,DF,Blackburn,24,1999,16,16,1363,15.1,0,1,1,0,0,0,5,0,0.00,0.07,0.07,0.00,0.07,Matches,Championship,2024-25,9,1,11.1,0.59,0.07,0.00,0.00,,,,,,,,
127,Eiran Cashin,ie IRL,DF,Derby County,22,2001,21,21,1786,19.8,1,0,1,1,0,0,5,0,0.05,0.00,0.05,0.05,0.05,Matches,Championship,2024-25,16,7,43.8,0.81,0.35,0.06,0.14,,,,,,,,
128,Žan Celar,si SVN,FW,QPR,25,1999,19,10,944,10.5,2,0,2,2,0,1,1,0,0.19,0.00,0.19,0.19,0.19,Matches,Championship,2024-25,27,8,29.6,2.57,0.76,0.07,0.25,,,,,,,,
129,Ilias Chair,ma MAR,"MF,FW",QPR,26,1997,28,20,1698,18.9,2,6,8,2,0,0,2,0,0.11,0.32,0.42,0.11,0.42,Matches,Championship,2024-25,43,17,39.5,2.28,0.90,0.05,0.12,,,,,,,,
130,Giorgi Chakvetadze,ge GEO,"MF,FW",Watford,24,1999,39,37,3281,36.5,2,6,8,2,0,0,6,0,0.05,0.16,0.22,0.05,0.22,Matches,Championship,2024-25,64,24,37.5,1.76,0.66,0.03,0.08,,,,,,,,
131,Nathaniel Chalobah,eng ENG,MF,Sheffield Weds,29,1994,16,4,444,4.9,0,0,0,0,0,0,3,0,0.00,0.00,0.00,0.00,0.00,Matches,Championship,2024-25,6,1,16.7,1.22,0.20,0.00,0.00,,,,,,,,
132,Calum Chambers,eng ENG,"DF,MF",Cardiff City,29,1995,41,41,3513,39.0,2,1,3,2,0,0,8,1,0.05,0.03,0.08,0.05,0.08,Matches,Championship,2024-25,30,9,30.0,0.77,0.23,0.07,0.22,,,,,,,,
133,Samuel Chambers,eng ENG,MF,Leeds United,16,2007,1,0,17,0.2,0,0,0,0,0,0,0,0,0.00,0.00,0.00,0.00,0.00,Matches,Championship,2024-25,0,0,,0.00,0.00,,,,,,,,,,
134,Pierce Charles,nir NIR,GK,Sheffield Weds,19,2005,8,8,720,8.0,0,0,0,0,0,0,1,0,0.00,0.00,0.00,0.00,0.00,Matches,Championship,2024-25,0,0,,0.00,0.00,,,10,1.25,29,19,65.5,0,0.0,100.0
135,Shea Charles,nir NIR,MF,Sheffield Weds,20,2003,43,42,3631,40.3,1,5,6,1,0,0,10,0,0.02,0.12,0.15,0.02,0.15,Matches,Championship,2024-25,29,6,20.7,0.72,0.15,0.03,0.17,,,,,,,,
136,Tawanda Chirewa,zw ZIM,MF,Derby County,20,2003,5,1,151,1.7,0,0,0,0,0,0,1,0,0.00,0.00,0.00,0.00,0.00,Matches,Championship,2024-25,2,2,100.0,1.19,1.19,0.00,0.00,,,,,,,,
137,Tahith Chong,cw CUW,"MF,FW",Luton Town,24,1999,30,24,2026,22.5,2,1,3,2,0,0,5,0,0.09,0.04,0.13,0.09,0.13,Matches,Championship,2024-25,28,8,28.6,1.24,0.36,0.07,0.25,,,,,,,,
138,Hamza Choudhury,bd BAN,"MF,DF",Sheffield United,26,1997,16,13,1105,12.3,0,0,0,0,0,0,2,0,0.00,0.00,0.00,0.00,0.00,Matches,Championship,2024-25,5,1,20.0,0.41,0.08,0.00,0.00,,,,,,,,
139,Benjamin Chrisene,eng ENG,DF,Norwich City,20,2004,26,12,1150,12.8,1,0,1,1,0,0,2,0,0.08,0.00,0.08,0.08,0.08,Matches,Championship,2024-25,3,1,33.3,0.23,0.08,0.33,1.00,,,,,,,,
140,Cyrus Christie,ie IRL,DF,Swansea City,31,1992,11,2,282,3.1,0,0,0,0,0,0,1,0,0.00,0.00,0.00,0.00,0.00,Matches,Championship,2024-25,0,0,,0.00,0.00,,,,,,,,,,
141,Dennis Cirkin,lv LVA,DF,Sunderland,22,2002,36,30,2740,30.4,3,2,5,3,0,0,6,0,0.10,0.07,0.16,0.10,0.16,Matches,Championship,2024-25,39,7,17.9,1.28,0.23,0.08,0.43,,,,,,,,
142,Ibrahim Cissoko,nl NED,MF,Sheffield Weds,21,2003,5,0,56,0.6,0,0,0,0,0,0,1,0,0.00,0.00,0.00,0.00,0.00,Matches,Championship,2024-25,0,0,,0.00,0.00,,,,,,,,,,
143,Ibrahim Cissoko,nl NED,MF,Plymouth Argyle,21,2003,13,9,661,7.3,3,1,4,3,0,0,2,1,0.41,0.14,0.54,0.41,0.54,Matches,Championship,2024-25,19,8,42.1,2.59,1.09,0.16,0.38,,,,,,,,
144,Jordan Clark,eng ENG,MF,Luton Town,30,1993,40,37,3235,35.9,6,6,12,6,0,0,10,0,0.17,0.17,0.33,0.17,0.33,Matches,Championship,2024-25,40,18,45.0,1.11,0.50,0.15,0.33,,,,,,,,
145,Harry Clarke,eng ENG,DF,Sheffield United,23,2001,6,6,472,5.2,0,0,0,0,0,0,3,0,0.00,0.00,0.00,0.00,0.00,Matches,Championship,2024-25,2,1,50.0,0.38,0.19,0.00,0.00,,,,,,,,
146,Jack Clarke,eng ENG,MF,Sunderland,23,2000,2,2,179,2.0,1,1,2,1,0,0,0,0,0.50,0.50,1.01,0.50,1.01,Matches,Championship,2024-25,2,1,50.0,1.01,0.50,0.50,1.00,,,,,,,,
147,Matthew Clarke,eng ENG,DF,Middlesbrough,27,1996,14,12,1112,12.4,2,0,2,2,0,0,0,0,0.16,0.00,0.16,0.16,0.16,Matches,Championship,2024-25,7,3,42.9,0.57,0.24,0.29,0.67,,,,,,,,
148,Matthew Clarke,eng ENG,DF,Derby County,27,1996,16,15,1366,15.2,1,0,1,1,0,0,2,0,0.07,0.00,0.07,0.07,0.07,Matches,Championship,2024-25,11,2,18.2,0.72,0.13,0.09,0.50,,,,,,,,
149,Jake Clarke-Salter,eng ENG,DF,QPR,26,1997,11,8,753,8.4,0,0,0,0,0,0,3,0,0.00,0.00,0.00,0.00,0.00,Matches,Championship,2024-25,3,1,33.3,0.36,0.12,0.00,0.00,,,,,,,,
150,Josh Coburn,eng ENG,FW,Middlesbrough,21,2002,2,0,6,0.1,0,0,0,0,0,0,0,0,0.00,0.00,0.00,0.00,0.00,Matches,Championship,2024-25,0,0,,0.00,0.00,,,,,,,,,,
151,Josh Coburn,eng ENG,FW,Millwall,21,2002,20,14,1218,13.5,5,0,5,5,0,1,0,0,0.37,0.00,0.37,0.37,0.37,Matches,Championship,2024-25,28,12,42.9,2.07,0.89,0.18,0.42,,,,,,,,
152,Jack Colback,eng ENG,MF,QPR,34,1989,24,16,1449,16.1,1,1,2,1,0,0,8,1,0.06,0.06,0.12,0.06,0.12,Matches,Championship,2024-25,8,3,37.5,0.50,0.19,0.13,0.33,,,,,,,,
153,Devante Cole,eng ENG,FW,West Brom,29,1995,14,0,163,1.8,0,0,0,0,0,0,0,0,0.00,0.00,0.00,0.00,0.00,Matches,Championship,2024-25,3,2,66.7,1.66,1.10,0.00,0.00,,,,,,,,
154,Bradley Collins,eng ENG,GK,Coventry City,27,1997,15,14,1313,14.6,0,0,0,0,0,0,2,0,0.00,0.00,0.00,0.00,0.00,Matches,Championship,2024-25,1,0,0.0,0.07,0.00,0.00,,23,1.58,52,29,55.8,3,21.4,
155,James Collins,ie IRL,FW,Derby County,33,1990,17,1,222,2.5,0,0,0,0,0,0,1,0,0.00,0.00,0.00,0.00,0.00,Matches,Championship,2024-25,3,0,0.0,1.22,0.00,0.00,,,,,,,,,
156,Jamilu Collins,ng NGA,DF,Cardiff City,29,1994,3,2,165,1.8,0,0,0,0,0,0,1,0,0.00,0.00,0.00,0.00,0.00,Matches,Championship,2024-25,0,0,,0.00,0.00,,,,,,,,,,
157,Rubin Colwill,wls WAL,"MF,FW",Cardiff City,22,2002,43,24,2522,28.0,1,4,5,1,0,0,3,0,0.04,0.14,0.18,0.04,0.18,Matches,Championship,2024-25,54,20,37.0,1.93,0.71,0.02,0.05,,,,,,,,
158,Aaron Connolly,ie IRL,"MF,FW",Sunderland,24,2000,10,2,246,2.7,1,0,1,1,0,0,0,0,0.37,0.00,0.37,0.37,0.37,Matches,Championship,2024-25,4,3,75.0,1.46,1.10,0.25,0.33,,,,,,,,
159,Aaron Connolly,ie IRL,"MF,FW",Millwall,24,2000,14,6,659,7.3,1,0,1,1,0,1,3,0,0.14,0.00,0.14,0.14,0.14,Matches,Championship,2024-25,14,6,42.9,1.91,0.82,0.07,0.17,,,,,,,,
160,Tommy Conway,sct SCO,"FW,MF",Middlesbrough,21,2002,36,27,2357,26.2,13,1,14,11,2,4,1,0,0.50,0.04,0.53,0.42,0.46,Matches,Championship,2024-25,60,30,50.0,2.29,1.15,0.18,0.37,,,,,,,,
161,Steve Cook,eng ENG,DF,QPR,33,1991,31,31,2617,29.1,2,0,2,2,0,0,4,0,0.07,0.00,0.07,0.07,0.07,Matches,Championship,2024-25,19,8,42.1,0.65,0.28,0.11,0.25,,,,,,,,
162,Jake Cooper,eng ENG,DF,Millwall,29,1995,36,36,3195,35.5,3,1,4,3,0,0,4,0,0.08,0.03,0.11,0.08,0.11,Matches,Championship,2024-25,43,12,27.9,1.21,0.34,0.07,0.25,,,,,,,,
163,Michael Cooper,eng ENG,GK,Sheffield United,24,1999,43,43,3870,43.0,0,0,0,0,0,0,3,0,0.00,0.00,0.00,0.00,0.00,Matches,Championship,2024-25,0,0,,0.00,0.00,,,33,0.77,142,109,76.8,21,48.8,20.0
164,Oliver Cooper,wls WAL,MF,Swansea City,24,1999,28,10,1042,11.6,1,1,2,1,0,0,0,0,0.09,0.09,0.17,0.09,0.17,Matches,Championship,2024-25,7,2,28.6,0.60,0.17,0.14,0.50,,,,,,,,
165,José Córdoba,pa PAN,DF,Norwich City,23,2001,34,24,2103,23.4,1,0,1,1,0,0,4,1,0.04,0.00,0.04,0.04,0.04,Matches,Championship,2024-25,11,4,36.4,0.47,0.17,0.09,0.25,,,,,,,,
166,David Cornell,wls WAL,GK,Preston,33,1991,10,9,811,9.0,0,0,0,0,0,0,0,0,0.00,0.00,0.00,0.00,0.00,Matches,Championship,2024-25,0,0,,0.00,0.00,,,16,1.78,36,20,55.6,1,11.1,0.0
167,Harry Cornick,eng ENG,"FW,MF",Bristol City,29,1995,3,0,38,0.4,1,0,1,1,0,0,0,0,2.37,0.00,2.37,2.37,2.37,Matches,Championship,2024-25,1,1,100.0,2.37,2.37,1.00,1.00,,,,,,,,
168,Lewie Coyle,eng ENG,DF,Hull City,28,1995,44,42,3717,41.3,1,2,3,1,0,0,6,0,0.02,0.05,0.07,0.02,0.07,Matches,Championship,2024-25,31,6,19.4,0.75,0.15,0.03,0.17,,,,,,,,
169,Amario Cozier-Duberry,eng ENG,MF,Blackburn,19,2005,22,6,723,8.0,1,0,1,1,0,0,0,0,0.12,0.00,0.12,0.12,0.12,Matches,Championship,2024-25,16,5,31.3,1.99,0.62,0.06,0.20,,,,,,,,
170,Tristan Crama,fr FRA,DF,Millwall,22,2001,20,18,1634,18.2,0,2,2,0,0,0,1,0,0.00,0.11,0.11,0.00,0.11,Matches,Championship,2024-25,10,1,10.0,0.55,0.06,0.00,0.00,,,,,,,,
171,Charlie Crew,wls WAL,MF,Leeds United,18,2006,1,0,5,0.1,0,0,0,0,0,0,0,0,0.00,0.00,0.00,0.00,0.00,Matches,Championship,2024-25,1,1,100.0,18.00,18.00,0.00,0.00,,,,,,,,
172,Ante Crnac,hr CRO,"FW,MF",Norwich City,20,2003,38,29,2495,27.7,7,4,11,7,0,0,2,0,0.25,0.14,0.40,0.25,0.40,Matches,Championship,2024-25,33,16,48.5,1.19,0.58,0.21,0.44,,,,,,,,
173,Matt Crooks,eng ENG,"MF,FW",Hull City,30,1994,18,9,789,8.8,3,0,3,3,0,0,4,1,0.34,0.00,0.34,0.34,0.34,Matches,Championship,2024-25,13,5,38.5,1.48,0.57,0.23,0.60,,,,,,,,
174,Josh Cullen,ie IRL,MF,Burnley,28,1996,44,43,3801,42.2,2,3,5,2,0,0,11,0,0.05,0.07,0.12,0.05,0.12,Matches,Championship,2024-25,24,8,33.3,0.57,0.19,0.08,0.25,,,,,,,,
175,Liam Cullen,wls WAL,"MF,FW",Swansea City,25,1999,42,35,2995,33.3,11,3,14,11,0,0,8,0,0.33,0.09,0.42,0.33,0.42,Matches,Championship,2024-25,72,25,34.7,2.16,0.75,0.15,0.44,,,,,,,,
176,Jamie Cumming,eng ENG,GK,Oxford United,24,1999,45,45,4050,45.0,0,0,0,0,0,0,1,0,0.00,0.00,0.00,0.00,0.00,Matches,Championship,2024-25,0,0,,0.00,0.00,,,62,1.38,203,141,69.5,13,28.9,50.0
177,Luke Cundle,eng ENG,MF,Millwall,22,2002,16,13,985,10.9,1,0,1,1,0,0,2,0,0.09,0.00,0.09,0.09,0.09,Matches,Championship,2024-25,6,3,50.0,0.55,0.27,0.17,0.33,,,,,,,,
178,Jesper Daland,no NOR,DF,Cardiff City,24,2000,20,16,1427,15.9,0,0,0,0,0,0,2,0,0.00,0.00,0.00,0.00,0.00,Matches,Championship,2024-25,2,0,0.0,0.13,0.00,0.00,,,,,,,,,
179,Owen Dale,eng ENG,MF,Oxford United,25,1998,11,4,350,3.9,0,0,0,0,0,0,0,0,0.00,0.00,0.00,0.00,0.00,Matches,Championship,2024-25,6,1,16.7,1.54,0.26,0.00,0.00,,,,,,,,
180,Harry Darling,eng ENG,DF,Swansea City,24,1999,39,38,3335,37.1,5,3,8,5,0,0,4,1,0.13,0.08,0.22,0.13,0.22,Matches,Championship,2024-25,38,16,42.1,1.03,0.43,0.13,0.31,,,,,,,,
181,Karl Darlow,wls WAL,GK,Leeds United,33,1990,7,7,630,7.0,0,0,0,0,0,0,1,0,0.00,0.00,0.00,0.00,0.00,Matches,Championship,2024-25,0,0,,0.00,0.00,,,3,0.43,12,9,75.0,4,57.1,
182,Jay Dasilva,wls WAL,"DF,MF",Coventry City,26,1998,31,20,1807,20.1,0,1,1,0,0,0,2,1,0.00,0.05,0.05,0.00,0.05,Matches,Championship,2024-25,5,1,20.0,0.25,0.05,0.00,0.00,,,,,,,,
183,Adam Davies,wls WAL,GK,Sheffield United,32,1992,3,3,270,3.0,0,0,0,0,0,0,0,0,0.00,0.00,0.00,0.00,0.00,Matches,Championship,2024-25,0,0,,0.00,0.00,,,3,1.00,7,4,57.1,1,33.3,
184,Isaak Davies,wls WAL,MF,Cardiff City,22,2001,9,3,287,3.2,2,0,2,2,0,0,1,0,0.63,0.00,0.63,0.63,0.63,Matches,Championship,2024-25,7,3,42.9,2.20,0.94,0.29,0.67,,,,,,,,
185,Tom Davies,eng ENG,MF,Sheffield United,26,1998,13,6,673,7.5,1,1,2,1,0,0,4,0,0.13,0.13,0.27,0.13,0.27,Matches,Championship,2024-25,10,4,40.0,1.34,0.53,0.10,0.25,,,,,,,,
186,James Debayo,eng ENG,DF,Leeds United,19,2005,1,0,1,0.0,0,0,0,0,0,0,0,0,0.00,0.00,0.00,0.00,0.00,Matches,Championship,2024-25,0,0,,0.00,0.00,,,,,,,,,,
187,Hannes Delcroix,ht HAI,DF,Swansea City,25,1999,12,10,888,9.9,0,0,0,0,0,0,2,0,0.00,0.00,0.00,0.00,0.00,Matches,Championship,2024-25,2,0,0.0,0.20,0.00,0.00,,,,,,,,,
188,Tom Dele-Bashiru,ng NGA,MF,Watford,24,1999,27,25,2064,22.9,4,0,4,1,3,3,0,0,0.17,0.00,0.17,0.04,0.04,Matches,Championship,2024-25,25,8,32.0,1.09,0.35,0.04,0.13,,,,,,,,
189,Karamoko Dembélé,eng ENG,MF,QPR,21,2003,23,15,1186,13.2,3,4,7,3,0,0,2,0,0.23,0.30,0.53,0.23,0.53,Matches,Championship,2024-25,22,8,36.4,1.67,0.61,0.14,0.38,,,,,,,,
190,Siriki Dembélé,ci CIV,MF,Oxford United,27,1996,25,15,1371,15.2,2,1,3,2,0,0,2,0,0.13,0.07,0.20,0.13,0.20,Matches,Championship,2024-25,27,8,29.6,1.77,0.53,0.07,0.25,,,,,,,,
191,Rav van den Berg,nl NED,DF,Middlesbrough,20,2004,27,23,2128,23.6,0,0,0,0,0,0,4,1,0.00,0.00,0.00,0.00,0.00,Matches,Championship,2024-25,4,0,0.0,0.17,0.00,0.00,,,,,,,,,
192,Emmanuel Dennis,ng NGA,MF,Blackburn,26,1997,6,1,160,1.8,0,1,1,0,0,0,3,1,0.00,0.56,0.56,0.00,0.56,Matches,Championship,2024-25,4,0,0.0,2.25,0.00,0.00,,,,,,,,,
193,Terry Devlin,nir NIR,"DF,MF",Portsmouth,20,2003,34,13,1562,17.4,0,1,1,0,0,0,2,0,0.00,0.06,0.06,0.00,0.06,Matches,Championship,2024-25,9,2,22.2,0.52,0.12,0.00,0.00,,,,,,,,
194,Ousmane Diakité,ml MLI,"MF,DF",West Brom,24,2000,22,9,860,9.6,0,0,0,0,0,0,1,0,0.00,0.00,0.00,0.00,0.00,Matches,Championship,2024-25,8,2,25.0,0.84,0.21,0.00,0.00,,,,,,,,
195,Grady Diangana,cd COD,"MF,FW",West Brom,26,1998,34,14,1494,16.6,4,3,7,4,0,0,1,0,0.24,0.18,0.42,0.24,0.42,Matches,Championship,2024-25,26,9,34.6,1.57,0.54,0.15,0.44,,,,,,,,
196,Robert Dickie,eng ENG,DF,Bristol City,28,1996,36,35,3121,34.7,2,1,3,2,0,0,5,1,0.06,0.03,0.09,0.06,0.09,Matches,Championship,2024-25,22,6,27.3,0.63,0.17,0.09,0.33,,,,,,,,
197,Seny Dieng,sn SEN,GK,Middlesbrough,29,1994,17,17,1530,17.0,0,0,0,0,0,0,0,0,0.00,0.00,0.00,0.00,0.00,Matches,Championship,2024-25,0,0,,0.00,0.00,,,21,1.24,51,30,58.8,5,29.4,
198,Anfernee Dijksteel,sr SUR,DF,Middlesbrough,27,1996,33,27,2525,28.1,2,1,3,2,0,0,5,0,0.07,0.04,0.11,0.07,0.11,Matches,Championship,2024-25,3,2,66.7,0.11,0.07,0.67,1.00,,,,,,,,
199,Daryl Dike,us USA,MF,West Brom,24,2000,11,1,227,2.5,1,1,2,1,0,0,1,0,0.40,0.40,0.79,0.40,0.79,Matches,Championship,2024-25,7,2,28.6,2.78,0.79,0.14,0.50,,,,,,,,
200,Jaden Dixon,eng ENG,DF,Stoke City,17,2007,2,0,11,0.1,0,0,0,0,0,0,0,0,0.00,0.00,0.00,0.00,0.00,Matches,Championship,2024-25,0,0,,0.00,0.00,,,,,,,,,,
201,Elijah Dixon-Bonner,eng ENG,MF,QPR,23,2001,3,0,10,0.1,0,0,0,0,0,0,1,0,0.00,0.00,0.00,0.00,0.00,Matches,Championship,2024-25,0,0,,0.00,0.00,,,,,,,,,,
202,Lewis Dobbin,eng ENG,"FW,MF",Norwich City,21,2003,10,8,640,7.1,2,0,2,2,0,0,1,0,0.28,0.00,0.28,0.28,0.28,Matches,Championship,2024-25,14,4,28.6,1.97,0.56,0.14,0.50,,,,,,,,
203,Lewis Dobbin,eng ENG,MF,West Brom,21,2003,17,1,340,3.8,0,0,0,0,0,0,0,0,0.00,0.00,0.00,0.00,0.00,Matches,Championship,2024-25,4,0,0.0,1.06,0.00,0.00,,,,,,,,,
204,Tyrhys Dolan,eng ENG,MF,Blackburn,22,2001,44,40,3175,35.3,7,6,13,6,1,1,12,0,0.20,0.17,0.37,0.17,0.34,Matches,Championship,2024-25,50,22,44.0,1.42,0.62,0.12,0.27,,,,,,,,
205,Alfie Doughty,eng ENG,MF,Luton Town,24,1999,26,25,2037,22.6,1,4,5,1,0,0,5,0,0.04,0.18,0.22,0.04,0.22,Matches,Championship,2024-25,16,3,18.8,0.71,0.13,0.06,0.33,,,,,,,,
206,Mamadou Doumbia,ml MLI,FW,Watford,18,2006,19,12,968,10.8,2,0,2,2,0,0,2,0,0.19,0.00,0.19,0.19,0.19,Matches,Championship,2024-25,16,4,25.0,1.49,0.37,0.13,0.50,,,,,,,,
207,Oliver Dovin,se SWE,GK,Coventry City,22,2002,28,28,2467,27.4,0,0,0,0,0,0,1,0,0.00,0.00,0.00,0.00,0.00,Matches,Championship,2024-25,0,0,,0.00,0.00,,,30,1.09,99,69,69.7,8,28.6,0.0
208,Callum Doyle,eng ENG,DF,Norwich City,20,2003,40,38,3440,38.2,1,7,8,1,0,0,11,0,0.03,0.18,0.21,0.03,0.21,Matches,Championship,2024-25,21,6,28.6,0.55,0.16,0.05,0.17,,,,,,,,
209,Andre Dozzell,eng ENG,MF,Portsmouth,25,1999,39,32,2817,31.3,2,1,3,2,0,0,11,0,0.06,0.03,0.10,0.06,0.10,Matches,Championship,2024-25,16,4,25.0,0.51,0.13,0.13,0.50,,,,,,,,
210,Cody Drameh,eng ENG,DF,Hull City,22,2001,28,17,1649,18.3,1,1,2,1,0,0,2,0,0.05,0.05,0.11,0.05,0.11,Matches,Championship,2024-25,13,1,7.7,0.71,0.05,0.08,1.00,,,,,,,,
211,Shane Duffy,ie IRL,DF,Norwich City,32,1992,45,45,4040,44.9,4,0,4,4,0,0,4,0,0.09,0.00,0.09,0.09,0.09,Matches,Championship,2024-25,36,9,25.0,0.80,0.20,0.11,0.44,,,,,,,,
212,Jimmy Dunne,ie IRL,DF,QPR,26,1997,45,45,4050,45.0,5,2,7,5,0,0,9,0,0.11,0.04,0.16,0.11,0.16,Matches,Championship,2024-25,55,19,34.5,1.22,0.42,0.09,0.26,,,,,,,,
213,Leo Duru,eng ENG,DF,Blackburn,19,2005,1,0,2,0.0,0,0,0,0,0,0,0,0,0.00,0.00,0.00,0.00,0.00,Matches,Championship,2024-25,0,0,,0.00,0.00,,,,,,,,,,
214,Pierre Dwomoh,be BEL,MF,Watford,20,2004,9,6,530,5.9,0,0,0,0,0,0,1,0,0.00,0.00,0.00,0.00,0.00,Matches,Championship,2024-25,6,1,16.7,1.02,0.17,0.00,0.00,,,,,,,,
215,Lyndon Dykes,sct SCO,"FW,MF",QPR,28,1995,1,0,6,0.1,1,0,1,1,0,0,0,0,15.00,0.00,15.00,15.00,15.00,Matches,Championship,2024-25,1,1,100.0,15.00,15.00,1.00,1.00,,,,,,,,
216,George Earthy,eng ENG,"MF,FW",Bristol City,19,2004,37,11,1457,16.2,3,1,4,3,0,0,3,0,0.19,0.06,0.25,0.19,0.25,Matches,Championship,2024-25,24,7,29.2,1.48,0.43,0.13,0.43,,,,,,,,
217,Malcolm Ebiowei,eng ENG,MF,Oxford United,20,2003,4,0,68,0.8,0,0,0,0,0,0,1,0,0.00,0.00,0.00,0.00,0.00,Matches,Championship,2024-25,3,2,66.7,3.97,2.65,0.00,0.00,,,,,,,,
218,Festy Ebosele,ie IRL,"MF,DF",Watford,21,2002,18,7,757,8.4,1,1,2,1,0,0,7,0,0.12,0.12,0.24,0.12,0.24,Matches,Championship,2024-25,7,1,14.3,0.83,0.12,0.14,1.00,,,,,,,,
219,Josh Eccles,eng ENG,MF,Coventry City,24,2000,39,25,2340,26.0,3,3,6,3,0,0,6,0,0.12,0.12,0.23,0.12,0.23,Matches,Championship,2024-25,41,11,26.8,1.58,0.42,0.07,0.27,,,,,,,,
220,George Edmundson,eng ENG,DF,Middlesbrough,26,1997,24,24,2090,23.2,1,0,1,1,0,0,9,0,0.04,0.00,0.04,0.04,0.04,Matches,Championship,2024-25,11,2,18.2,0.47,0.09,0.09,0.50,,,,,,,,
221,Joe Edwards,eng ENG,DF,Plymouth Argyle,33,1990,17,12,1136,12.6,1,1,2,1,0,0,4,1,0.08,0.08,0.16,0.08,0.16,Matches,Championship,2024-25,7,4,57.1,0.55,0.32,0.14,0.25,,,,,,,,
222,Kyle Edwards,eng ENG,MF,Oxford United,26,1998,7,1,199,2.2,0,1,1,0,0,0,0,0,0.00,0.45,0.45,0.00,0.45,Matches,Championship,2024-25,1,0,0.0,0.45,0.00,0.00,,,,,,,,,
223,Marcus Edwards,eng ENG,MF,Burnley,25,1998,14,12,936,10.4,1,1,2,1,0,0,1,0,0.10,0.10,0.19,0.10,0.19,Matches,Championship,2024-25,18,5,27.8,1.73,0.48,0.06,0.20,,,,,,,,
224,Ronnie Edwards,eng ENG,"DF,MF",QPR,21,2003,21,20,1819,20.2,2,0,2,2,0,0,2,0,0.10,0.00,0.10,0.10,0.10,Matches,Championship,2024-25,13,3,23.1,0.64,0.15,0.15,0.67,,,,,,,,
225,John Egan,ie IRL,DF,Burnley,31,1992,7,1,165,1.8,0,0,0,0,0,0,0,0,0.00,0.00,0.00,0.00,0.00,Matches,Championship,2024-25,0,0,,0.00,0.00,,,,,,,,,,
226,John Egan,ie IRL,DF,Hull City,31,1992,11,8,730,8.1,0,0,0,0,0,0,1,0,0.00,0.00,0.00,0.00,0.00,Matches,Championship,2024-25,5,1,20.0,0.62,0.12,0.00,0.00,,,,,,,,
227,CJ Egan-Riley,eng ENG,DF,Burnley,21,2003,41,40,3601,40.0,1,1,2,1,0,0,7,1,0.02,0.02,0.05,0.02,0.05,Matches,Championship,2024-25,15,3,20.0,0.37,0.07,0.07,0.33,,,,,,,,
228,Callum Elder,au AUS,"DF,MF",Derby County,29,1995,29,24,2149,23.9,0,3,3,0,0,0,8,0,0.00,0.13,0.13,0.00,0.13,Matches,Championship,2024-25,9,1,11.1,0.38,0.04,0.00,0.00,,,,,,,,
229,Aidomo Emakhu,ie IRL,MF,Millwall,20,2003,25,6,696,7.7,0,2,2,0,0,0,3,1,0.00,0.26,0.26,0.00,0.26,Matches,Championship,2024-25,16,1,6.3,2.07,0.13,0.00,0.00,,,,,,,,
230,Lukas Engel,dk DEN,DF,Middlesbrough,25,1998,9,4,368,4.1,0,0,0,0,0,0,1,0,0.00,0.00,0.00,0.00,0.00,Matches,Championship,2024-25,8,0,0.0,1.96,0.00,0.00,,,,,,,,,
231,Niall Ennis,eng ENG,FW,Stoke City,25,1999,9,1,195,2.2,0,0,0,0,0,0,0,0,0.00,0.00,0.00,0.00,0.00,Matches,Championship,2024-25,3,1,33.3,1.38,0.46,0.00,0.00,,,,,,,,
232,Romain Esse,eng ENG,MF,Millwall,19,2005,24,24,2018,22.4,4,1,5,4,0,0,4,0,0.18,0.04,0.22,0.18,0.22,Matches,Championship,2024-25,30,12,40.0,1.34,0.54,0.13,0.33,,,,,,,,
233,Maxime Estève,fr FRA,DF,Burnley,22,2002,46,46,4055,45.1,1,0,1,1,0,0,3,0,0.02,0.00,0.02,0.02,0.02,Matches,Championship,2024-25,7,1,14.3,0.16,0.02,0.14,1.00,,,,,,,,
234,Oscar Estupiñan,co COL,FW,Hull City,27,1996,2,2,147,1.6,1,0,1,0,1,1,0,0,0.61,0.00,0.61,0.00,0.00,Matches,Championship,2024-25,4,2,50.0,2.45,1.22,0.00,0.00,,,,,,,,
235,Ched Evans,wls WAL,FW,Preston,35,1988,8,0,102,1.1,0,2,2,0,0,0,0,0,0.00,1.76,1.76,0.00,1.76,Matches,Championship,2024-25,6,4,66.7,5.29,3.53,0.00,0.00,,,,,,,,
236,George Evans,eng ENG,GK,Millwall,19,2005,4,4,360,4.0,0,0,0,0,0,0,0,0,0.00,0.00,0.00,0.00,0.00,Matches,Championship,2024-25,0,0,,0.00,0.00,,,8,2.00,19,11,57.9,1,25.0,
237,Milan van Ewijk,nl NED,"DF,MF",Coventry City,23,2000,45,45,4010,44.6,2,2,4,2,0,0,1,0,0.04,0.04,0.09,0.04,0.09,Matches,Championship,2024-25,29,8,27.6,0.65,0.18,0.07,0.25,,,,,,,,
238,Malachi Fagan-Walcott,eng ENG,DF,Cardiff City,22,2002,1,0,24,0.3,0,0,0,0,0,0,0,0,0.00,0.00,0.00,0.00,0.00,Matches,Championship,2024-25,0,0,,0.00,0.00,,,,,,,,,,
239,Akin Famewo,eng ENG,DF,Sheffield Weds,25,1998,13,11,938,10.4,0,1,1,0,0,0,2,0,0.00,0.10,0.10,0.00,0.10,Matches,Championship,2024-25,4,1,25.0,0.38,0.10,0.00,0.00,,,,,,,,
240,Lamine Fanne,es ESP,"MF,FW",Luton Town,20,2004,12,6,584,6.5,0,0,0,0,0,0,1,0,0.00,0.00,0.00,0.00,0.00,Matches,Championship,2024-25,7,1,14.3,1.08,0.15,0.00,0.00,,,,,,,,
241,Jacob Farrell,au AUS,DF,Portsmouth,21,2002,1,1,90,1.0,0,0,0,0,0,0,0,0,0.00,0.00,0.00,0.00,0.00,Matches,Championship,2024-25,1,0,0.0,1.00,0.00,0.00,,,,,,,,,
242,Christian Fassnacht,ch SUI,FW,Norwich City,30,1993,3,1,82,0.9,0,0,0,0,0,0,0,0,0.00,0.00,0.00,0.00,0.00,Matches,Championship,2024-25,3,1,33.3,3.29,1.10,0.00,0.00,,,,,,,,
243,Tom Fellows,eng ENG,MF,West Brom,21,2003,45,35,2872,31.9,4,14,18,4,0,0,4,0,0.13,0.44,0.56,0.13,0.56,Matches,Championship,2024-25,43,11,25.6,1.35,0.34,0.09,0.36,,,,,,,,
244,Marselino Ferdinan,id IDN,MF,Oxford United,19,2004,1,0,14,0.2,0,0,0,0,0,0,0,0,0.00,0.00,0.00,0.00,0.00,Matches,Championship,2024-25,0,0,,0.00,0.00,,,,,,,,,,
245,Sam Field,eng ENG,MF,QPR,26,1998,35,35,2905,32.3,3,0,3,3,0,0,8,0,0.09,0.00,0.09,0.09,0.09,Matches,Championship,2024-25,27,11,40.7,0.84,0.34,0.11,0.27,,,,,,,,
246,Tegan Finn,,MF,Plymouth Argyle,,,4,1,144,1.6,0,0,0,0,0,0,0,0,0.00,0.00,0.00,0.00,0.00,Matches,Championship,2024-25,1,1,100.0,0.62,0.62,0.00,0.00,,,,,,,,
247,Junior Firpo,do DOM,DF,Leeds United,27,1996,32,30,2616,29.1,4,10,14,4,0,0,7,0,0.14,0.34,0.48,0.14,0.48,Matches,Championship,2024-25,27,10,37.0,0.93,0.34,0.15,0.40,,,,,,,,
248,Will Fish,eng ENG,DF,Cardiff City,21,2003,21,14,1376,15.3,0,0,0,0,0,0,4,0,0.00,0.00,0.00,0.00,0.00,Matches,Championship,2024-25,10,3,30.0,0.65,0.20,0.00,0.00,,,,,,,,
249,Kellen Fisher,eng ENG,"DF,MF",Norwich City,20,2004,38,34,2692,29.9,0,4,4,0,0,0,10,0,0.00,0.13,0.13,0.00,0.13,Matches,Championship,2024-25,19,4,21.1,0.64,0.13,0.00,0.00,,,,,,,,
250,Zian Flemming,nl NED,FW,Burnley,25,1998,35,28,2424,26.9,12,4,16,12,0,0,3,0,0.45,0.15,0.59,0.45,0.59,Matches,Championship,2024-25,78,31,39.7,2.90,1.15,0.15,0.39,,,,,,,,
251,Tyrese Fornah,sl SLE,MF,Derby County,24,1999,1,0,5,0.1,0,0,0,0,0,0,0,0,0.00,0.00,0.00,0.00,0.00,Matches,Championship,2024-25,0,0,,0.00,0.00,,,,,,,,,,
252,Adam Forshaw,eng ENG,MF,Plymouth Argyle,32,1991,16,7,683,7.6,0,0,0,0,0,0,5,1,0.00,0.00,0.00,0.00,0.00,Matches,Championship,2024-25,7,3,42.9,0.92,0.40,0.00,0.00,,,,,,,,
253,Adam Forshaw,eng ENG,MF,Blackburn,32,1991,16,5,563,6.3,1,0,1,1,0,0,2,0,0.16,0.00,0.16,0.16,0.16,Matches,Championship,2024-25,6,2,33.3,0.96,0.32,0.17,0.50,,,,,,,,
254,Amankwah Forson,gh GHA,"MF,FW",Norwich City,21,2002,21,8,727,8.1,2,2,4,2,0,0,2,0,0.25,0.25,0.50,0.25,0.50,Matches,Championship,2024-25,16,5,31.3,1.98,0.62,0.13,0.40,,,,,,,,
255,Marcus Forss,fi FIN,"MF,FW",Middlesbrough,25,1999,24,6,666,7.4,1,0,1,1,0,0,1,0,0.14,0.00,0.14,0.14,0.14,Matches,Championship,2024-25,24,7,29.2,3.24,0.95,0.04,0.14,,,,,,,,
256,Craig Forsyth,sct SCO,"DF,MF",Derby County,35,1989,39,26,2557,28.4,3,4,7,3,0,0,4,0,0.11,0.14,0.25,0.11,0.25,Matches,Championship,2024-25,18,6,33.3,0.63,0.21,0.17,0.50,,,,,,,,
257,Gabriel Forsyth,sct SCO,MF,Norwich City,17,2006,5,2,163,1.8,0,0,0,0,0,0,0,0,0.00,0.00,0.00,0.00,0.00,Matches,Championship,2024-25,4,1,25.0,2.21,0.55,0.00,0.00,,,,,,,,
258,Lyle Foster,za RSA,"FW,MF",Burnley,23,2000,28,17,1590,17.7,2,5,7,2,0,0,4,0,0.11,0.28,0.40,0.11,0.40,Matches,Championship,2024-25,39,14,35.9,2.21,0.79,0.05,0.14,,,,,,,,
259,Morgan Fox,wls WAL,DF,QPR,30,1993,26,12,1344,14.9,1,0,1,1,0,0,3,0,0.07,0.00,0.07,0.07,0.07,Matches,Championship,2024-25,5,3,60.0,0.33,0.20,0.20,0.33,,,,,,,,
260,Gianluca Frabotta,it ITA,"DF,MF",West Brom,25,1999,6,0,65,0.7,0,0,0,0,0,0,0,0,0.00,0.00,0.00,0.00,0.00,Matches,Championship,2024-25,1,0,0.0,1.38,0.00,0.00,,,,,,,,,
261,Gonçalo Franco,pt POR,MF,Swansea City,23,2000,40,39,3141,34.9,2,2,4,2,0,0,6,0,0.06,0.06,0.11,0.06,0.11,Matches,Championship,2024-25,43,14,32.6,1.23,0.40,0.05,0.14,,,,,,,,
262,Michael Frey,ch SUI,FW,QPR,30,1994,29,21,1781,19.8,8,1,9,7,1,1,6,0,0.40,0.05,0.45,0.35,0.40,Matches,Championship,2024-25,43,15,34.9,2.17,0.76,0.16,0.47,,,,,,,,
263,Dael Fry,eng ENG,DF,Middlesbrough,26,1997,21,15,1416,15.7,0,0,0,0,0,0,1,0,0.00,0.00,0.00,0.00,0.00,Matches,Championship,2024-25,4,2,50.0,0.25,0.13,0.00,0.00,,,,,,,,
264,Mads Frøkjær-Jensen,dk DEN,"MF,FW",Preston,25,1999,38,27,2362,26.2,2,5,7,2,0,0,8,0,0.08,0.19,0.27,0.08,0.27,Matches,Championship,2024-25,22,3,13.6,0.84,0.11,0.09,0.67,,,,,,,,
265,Leo Fuhr Hjelde,no NOR,DF,Sunderland,20,2003,15,5,410,4.6,0,1,1,0,0,0,3,0,0.00,0.22,0.22,0.00,0.22,Matches,Championship,2024-25,0,0,,0.00,0.00,,,,,,,,,,
266,Jay Fulton,sct SCO,MF,Swansea City,30,1994,31,13,1289,14.3,1,0,1,1,0,0,6,0,0.07,0.00,0.07,0.07,0.07,Matches,Championship,2024-25,5,1,20.0,0.35,0.07,0.20,1.00,,,,,,,,
267,Darnell Furlong,eng ENG,DF,West Brom,28,1995,42,42,3706,41.2,1,3,4,1,0,0,8,1,0.02,0.07,0.10,0.02,0.10,Matches,Championship,2024-25,38,6,15.8,0.92,0.15,0.03,0.17,,,,,,,,
268,Sam Gallagher,eng ENG,"FW,MF",Stoke City,28,1995,22,9,1024,11.4,3,1,4,3,0,0,5,0,0.26,0.09,0.35,0.26,0.35,Matches,Championship,2024-25,24,8,33.3,2.11,0.70,0.13,0.38,,,,,,,,
269,Brendan Galloway,zw ZIM,DF,Plymouth Argyle,28,1996,13,11,980,10.9,0,0,0,0,0,0,0,0,0.00,0.00,0.00,0.00,0.00,Matches,Championship,2024-25,2,0,0.0,0.18,0.00,0.00,,,,,,,,,
270,Ben Gannon-Doak,sct SCO,MF,Middlesbrough,18,2005,24,21,1778,19.8,3,7,10,3,0,0,7,0,0.15,0.35,0.51,0.15,0.51,Matches,Championship,2024-25,28,14,50.0,1.42,0.71,0.11,0.21,,,,,,,,
271,Djeidi Gassama,mr MTN,MF,Sheffield Weds,20,2003,43,36,2975,33.1,7,1,8,7,0,0,4,0,0.21,0.03,0.24,0.21,0.24,Matches,Championship,2024-25,71,23,32.4,2.15,0.70,0.10,0.30,,,,,,,,
272,Joe Gelhardt,eng ENG,"MF,FW",Hull City,22,2002,20,19,1593,17.7,5,0,5,3,2,2,4,0,0.28,0.00,0.28,0.17,0.17,Matches,Championship,2024-25,46,11,23.9,2.60,0.62,0.07,0.27,,,,,,,,
273,Joe Gelhardt,eng ENG,"FW,MF",Leeds United,22,2002,2,0,10,0.1,0,0,0,0,0,0,0,0,0.00,0.00,0.00,0.00,0.00,Matches,Championship,2024-25,0,0,,0.00,0.00,,,,,,,,,,
274,Anwar El Ghazi,nl NED,"MF,FW",Cardiff City,29,1995,25,14,1175,13.1,3,1,4,3,0,0,0,0,0.23,0.08,0.31,0.23,0.31,Matches,Championship,2024-25,38,14,36.8,2.91,1.07,0.08,0.21,,,,,,,,
275,Liam Gibbs,eng ENG,MF,Norwich City,21,2002,9,1,212,2.4,0,0,0,0,0,0,0,0,0.00,0.00,0.00,0.00,0.00,Matches,Championship,2024-25,2,1,50.0,0.85,0.42,0.00,0.00,,,,,,,,
276,Ben Gibson,eng ENG,DF,Stoke City,31,1993,24,22,1946,21.6,3,0,3,3,0,0,6,0,0.14,0.00,0.14,0.14,0.14,Matches,Championship,2024-25,8,4,50.0,0.37,0.18,0.38,0.75,,,,,,,,
277,Lewis Gibson,eng ENG,DF,Preston,24,2000,19,19,1634,18.2,1,0,1,1,0,0,2,0,0.06,0.00,0.06,0.06,0.06,Matches,Championship,2024-25,13,4,30.8,0.72,0.22,0.08,0.25,,,,,,,,
278,Lewis Gibson,eng ENG,DF,Plymouth Argyle,24,2000,18,18,1620,18.0,1,1,2,1,0,0,1,0,0.06,0.06,0.11,0.06,0.11,Matches,Championship,2024-25,9,2,22.2,0.50,0.11,0.11,0.50,,,,,,,,
279,Alexander Gilbert,ie IRL,MF,Middlesbrough,22,2001,7,0,77,0.9,1,0,1,1,0,0,0,0,1.17,0.00,1.17,1.17,1.17,Matches,Championship,2024-25,1,1,100.0,1.17,1.17,1.00,1.00,,,,,,,,
280,Alfie Gilchrist,eng ENG,DF,Sheffield United,20,2003,30,27,2103,23.4,0,2,2,0,0,0,5,0,0.00,0.09,0.09,0.00,0.09,Matches,Championship,2024-25,9,2,22.2,0.39,0.09,0.00,0.00,,,,,,,,
281,Ryan Giles,eng ENG,DF,Middlesbrough,24,2000,12,3,307,3.4,0,0,0,0,0,0,0,0,0.00,0.00,0.00,0.00,0.00,Matches,Championship,2024-25,2,0,0.0,0.59,0.00,0.00,,,,,,,,,
282,Ryan Giles,eng ENG,DF,Hull City,24,2000,16,11,904,10.0,0,0,0,0,0,0,0,0,0.00,0.00,0.00,0.00,0.00,Matches,Championship,2024-25,5,2,40.0,0.50,0.20,0.00,0.00,,,,,,,,
283,Josh Ginnelly,eng ENG,"FW,MF",Swansea City,27,1997,3,0,33,0.4,0,0,0,0,0,0,0,0,0.00,0.00,0.00,0.00,0.00,Matches,Championship,2024-25,0,0,,0.00,0.00,,,,,,,,,,
284,Tom Glover,au AUS,GK,Middlesbrough,26,1997,7,6,571,6.3,0,0,0,0,0,0,0,0,0.00,0.00,0.00,0.00,0.00,Matches,Championship,2024-25,0,0,,0.00,0.00,,,6,0.95,13,7,53.8,3,50.0,
285,Wilfried Gnonto,it ITA,MF,Leeds United,20,2003,43,26,2276,25.3,9,6,15,9,0,0,5,0,0.36,0.24,0.59,0.36,0.59,Matches,Championship,2024-25,83,29,34.9,3.28,1.15,0.11,0.31,,,,,,,,
286,Lynden Gooch,us USA,"DF,MF",Stoke City,28,1995,20,12,1038,11.5,0,1,1,0,0,0,3,0,0.00,0.09,0.09,0.00,0.09,Matches,Championship,2024-25,8,2,25.0,0.69,0.17,0.00,0.00,,,,,,,,
287,Tyler Goodrham,eng ENG,MF,Oxford United,20,2003,41,33,3052,33.9,3,6,9,3,0,0,5,0,0.09,0.18,0.27,0.09,0.27,Matches,Championship,2024-25,50,16,32.0,1.47,0.47,0.06,0.19,,,,,,,,
288,Will Goodwin,eng ENG,FW,Oxford United,22,2002,3,0,23,0.3,0,0,0,0,0,0,0,0,0.00,0.00,0.00,0.00,0.00,Matches,Championship,2024-25,0,0,,0.00,0.00,,,,,,,,,,
289,Kaide Gordon,eng ENG,FW,Portsmouth,19,2004,5,0,154,1.7,0,0,0,0,0,0,0,0,0.00,0.00,0.00,0.00,0.00,Matches,Championship,2024-25,1,0,0.0,0.58,0.00,0.00,,,,,,,,,
290,Kaide Gordon,eng ENG,FW,Norwich City,19,2004,10,1,181,2.0,1,0,1,1,0,0,1,0,0.50,0.00,0.50,0.50,0.50,Matches,Championship,2024-25,3,1,33.3,1.49,0.50,0.33,1.00,,,,,,,,
291,Kenzo Goudmijn,nl NED,MF,Derby County,22,2001,41,29,2321,25.8,2,2,4,2,0,0,4,0,0.08,0.08,0.16,0.08,0.16,Matches,Championship,2024-25,37,8,21.6,1.43,0.31,0.05,0.25,,,,,,,,
292,Dimitris Goutas,gr GRE,DF,Cardiff City,30,1994,34,33,2919,32.4,1,1,2,1,0,0,3,1,0.03,0.03,0.06,0.03,0.06,Matches,Championship,2024-25,23,5,21.7,0.71,0.15,0.04,0.20,,,,,,,,
293,Karlan Grant,eng ENG,"MF,FW",West Brom,26,1997,43,34,2930,32.6,7,2,9,7,0,0,2,0,0.22,0.06,0.28,0.22,0.28,Matches,Championship,2024-25,82,30,36.6,2.52,0.92,0.09,0.23,,,,,,,,
294,Andre Gray,jm JAM,FW,Plymouth Argyle,33,1991,13,5,550,6.1,3,1,4,3,0,0,1,0,0.49,0.16,0.65,0.49,0.65,Matches,Championship,2024-25,8,6,75.0,1.31,0.98,0.38,0.50,,,,,,,,
295,Harry Gray,eng ENG,FW,Leeds United,15,2008,1,0,5,0.1,0,0,0,0,0,0,0,0,0.00,0.00,0.00,0.00,0.00,Matches,Championship,2024-25,0,0,,0.00,0.00,,,,,,,,,,
296,Sam Greenwood,eng ENG,"MF,FW",Preston,22,2002,38,29,2427,27.0,5,3,8,3,2,2,9,2,0.19,0.11,0.30,0.11,0.22,Matches,Championship,2024-25,71,28,39.4,2.63,1.04,0.04,0.11,,,,,,,,
297,Joshua Griffiths,eng ENG,GK,West Brom,22,2001,6,6,540,6.0,0,0,0,0,0,0,0,0,0.00,0.00,0.00,0.00,0.00,Matches,Championship,2024-25,0,0,,0.00,0.00,,,11,1.83,27,16,59.3,1,16.7,
298,Matt Grimes,eng ENG,MF,Coventry City,29,1995,16,15,1366,15.2,2,1,3,2,0,0,4,0,0.13,0.07,0.20,0.13,0.20,Matches,Championship,2024-25,8,4,50.0,0.53,0.26,0.25,0.50,,,,,,,,
299,Matt Grimes,eng ENG,MF,Swansea City,29,1995,29,29,2610,29.0,2,1,3,1,1,1,4,0,0.07,0.03,0.10,0.03,0.07,Matches,Championship,2024-25,20,5,25.0,0.69,0.17,0.05,0.20,,,,,,,,
300,Daniel Grimshaw,eng ENG,GK,Plymouth Argyle,26,1998,21,21,1890,21.0,0,0,0,0,0,0,2,0,0.00,0.00,0.00,0.00,0.00,Matches,Championship,2024-25,0,0,,0.00,0.00,,,49,2.33,125,76,60.8,1,4.8,0.0
301,Ilia Gruev,bg BUL,MF,Leeds United,24,2000,23,20,1699,18.9,0,2,2,0,0,0,3,0,0.00,0.11,0.11,0.00,0.11,Matches,Championship,2024-25,21,7,33.3,1.11,0.37,0.00,0.00,,,,,,,,
302,Makhtar Gueye,sn SEN,FW,Blackburn,26,1997,44,23,2193,24.4,6,6,12,6,0,0,10,1,0.25,0.25,0.49,0.25,0.49,Matches,Championship,2024-25,62,22,35.5,2.54,0.90,0.10,0.27,,,,,,,,
303,Josuha Guilavogui,fr FRA,"DF,MF",Leeds United,33,1990,16,0,65,0.7,0,0,0,0,0,0,0,0,0.00,0.00,0.00,0.00,0.00,Matches,Championship,2024-25,1,0,0.0,1.38,0.00,0.00,,,,,,,,,
304,Angus Gunn,sct SCO,GK,Norwich City,28,1996,35,35,3104,34.5,0,0,0,0,0,0,1,0,0.00,0.00,0.00,0.00,0.00,Matches,Championship,2024-25,0,0,,0.00,0.00,,,42,1.22,126,84,66.7,8,22.9,0.0
305,Darko Gyabi,eng ENG,MF,Plymouth Argyle,20,2004,43,34,2841,31.6,1,2,3,1,0,0,10,0,0.03,0.06,0.10,0.03,0.10,Matches,Championship,2024-25,33,9,27.3,1.05,0.29,0.03,0.11,,,,,,,,
306,Hayden Hackney,eng ENG,MF,Middlesbrough,22,2002,43,43,3792,42.1,5,3,8,5,0,0,9,1,0.12,0.07,0.19,0.12,0.19,Matches,Championship,2024-25,79,24,30.4,1.87,0.57,0.06,0.21,,,,,,,,
307,Rami Al Hajj,se SWE,MF,Plymouth Argyle,22,2001,28,18,1374,15.3,3,0,3,3,0,0,1,0,0.20,0.00,0.20,0.20,0.20,Matches,Championship,2024-25,25,11,44.0,1.64,0.72,0.12,0.27,,,,,,,,
308,Ali Al Hamadi,iq IRQ,FW,Stoke City,22,2002,15,11,829,9.2,2,0,2,2,0,0,2,0,0.22,0.00,0.22,0.22,0.22,Matches,Championship,2024-25,19,6,31.6,2.06,0.65,0.11,0.33,,,,,,,,
309,Gustavo Hamer,nl NED,MF,Sheffield United,27,1997,41,36,3124,34.7,9,7,16,9,0,0,13,0,0.26,0.20,0.46,0.26,0.46,Matches,Championship,2024-25,91,28,30.8,2.62,0.81,0.10,0.32,,,,,,,,
310,Micah Hamilton,eng ENG,MF,Middlesbrough,20,2003,13,2,316,3.5,0,0,0,0,0,0,0,0,0.00,0.00,0.00,0.00,0.00,Matches,Championship,2024-25,5,1,20.0,1.42,0.28,0.00,0.00,,,,,,,,
311,Grant Hanley,sct SCO,DF,Norwich City,32,1991,3,1,79,0.9,0,0,0,0,0,0,0,0,0.00,0.00,0.00,0.00,0.00,Matches,Championship,2024-25,1,1,100.0,1.14,1.14,0.00,0.00,,,,,,,,
312,Ryan Hardie,sct SCO,"FW,MF",Plymouth Argyle,27,1997,37,28,2265,25.2,10,3,13,7,3,3,0,0,0.40,0.12,0.52,0.28,0.40,Matches,Championship,2024-25,61,24,39.3,2.42,0.95,0.11,0.29,,,,,,,,
313,Wes Harding,jm JAM,DF,Millwall,27,1996,5,2,193,2.1,0,0,0,0,0,0,1,0,0.00,0.00,0.00,0.00,0.00,Matches,Championship,2024-25,0,0,,0.00,0.00,,,,,,,,,,
314,Marcus Harness,eng ENG,"MF,FW",Derby County,28,1996,41,26,2356,26.2,4,3,7,4,0,0,11,0,0.15,0.11,0.27,0.15,0.27,Matches,Championship,2024-25,35,9,25.7,1.34,0.34,0.11,0.44,,,,,,,,
315,Mark Harris,wls WAL,FW,Oxford United,25,1998,46,34,2893,32.1,6,3,9,6,0,0,3,0,0.19,0.09,0.28,0.19,0.28,Matches,Championship,2024-25,40,19,47.5,1.24,0.59,0.15,0.32,,,,,,,,
316,Daiki Hashioka,jp JPN,"DF,MF",Luton Town,25,1999,17,12,1204,13.4,0,0,0,0,0,0,3,0,0.00,0.00,0.00,0.00,0.00,Matches,Championship,2024-25,6,1,16.7,0.45,0.07,0.00,0.00,,,,,,,,
317,Joseph Hatch,wls WAL,MF,Plymouth Argyle,17,2006,1,0,2,0.0,0,0,0,0,0,0,0,0,0.00,0.00,0.00,0.00,0.00,Matches,Championship,2024-25,0,0,,0.00,0.00,,,,,,,,,,
318,Ryo Hatsuse,jp JPN,DF,Sheffield Weds,27,1997,6,5,348,3.9,0,0,0,0,0,0,1,0,0.00,0.00,0.00,0.00,0.00,Matches,Championship,2024-25,1,0,0.0,0.26,0.00,0.00,,,,,,,,,
319,Isaac Hayden,jm JAM,MF,Portsmouth,29,1995,17,12,936,10.4,0,0,0,0,0,0,2,0,0.00,0.00,0.00,0.00,0.00,Matches,Championship,2024-25,5,0,0.0,0.48,0.00,0.00,,,,,,,,,
320,Conor Hazard,nir NIR,GK,Plymouth Argyle,26,1998,25,25,2250,25.0,0,0,0,0,0,0,4,0,0.00,0.00,0.00,0.00,0.00,Matches,Championship,2024-25,0,0,,0.00,0.00,,,39,1.56,124,85,68.5,2,8.0,0.0
321,Ryan Hedges,wls WAL,MF,Blackburn,29,1995,42,33,2561,28.5,1,2,3,1,0,0,4,0,0.04,0.07,0.11,0.04,0.11,Matches,Championship,2024-25,33,12,36.4,1.16,0.42,0.03,0.08,,,,,,,,
322,Torbjørn Heggem,no NOR,DF,West Brom,25,1999,45,45,4010,44.6,1,2,3,1,0,0,3,0,0.02,0.04,0.07,0.02,0.07,Matches,Championship,2024-25,26,6,23.1,0.58,0.13,0.04,0.17,,,,,,,,
323,Michał Helik,pl POL,DF,Oxford United,28,1995,20,20,1800,20.0,5,0,5,5,0,0,4,0,0.25,0.00,0.25,0.25,0.25,Matches,Championship,2024-25,19,8,42.1,0.95,0.40,0.26,0.63,,,,,,,,
324,Onel Hernández,cu CUB,FW,Norwich City,31,1993,23,5,639,7.1,0,3,3,0,0,0,2,0,0.00,0.42,0.42,0.00,0.42,Matches,Championship,2024-25,14,1,7.1,1.97,0.14,0.00,0.00,,,,,,,,
325,Brad Hills,eng ENG,DF,Norwich City,20,2004,3,0,16,0.2,0,0,0,0,0,0,0,0,0.00,0.00,0.00,0.00,0.00,Matches,Championship,2024-25,0,0,,0.00,0.00,,,,,,,,,,
326,Yu Hirakawa,jp JPN,MF,Bristol City,23,2001,36,17,1657,18.4,2,2,4,2,0,0,0,0,0.11,0.11,0.22,0.11,0.22,Matches,Championship,2024-25,29,7,24.1,1.58,0.38,0.07,0.29,,,,,,,,
327,Václav Hladký,cz CZE,GK,Burnley,33,1990,1,1,90,1.0,0,0,0,0,0,0,0,0,0.00,0.00,0.00,0.00,0.00,Matches,Championship,2024-25,0,0,,0.00,0.00,,,0,0.00,4,4,100.0,1,100.0,
328,Rob Holding,eng ENG,DF,Sheffield United,28,1995,10,4,420,4.7,0,1,1,0,0,0,1,0,0.00,0.21,0.21,0.00,0.21,Matches,Championship,2024-25,3,0,0.0,0.64,0.00,0.00,,,,,,,,,
329,Mason Holgate,jm JAM,DF,West Brom,27,1996,26,21,1983,22.0,1,1,2,1,0,0,2,0,0.05,0.05,0.09,0.05,0.09,Matches,Championship,2024-25,8,2,25.0,0.36,0.09,0.13,0.50,,,,,,,,
330,Duane Holmes,us USA,MF,Preston,29,1994,29,6,835,9.3,1,1,2,1,0,0,4,0,0.11,0.11,0.22,0.11,0.22,Matches,Championship,2024-25,6,2,33.3,0.65,0.22,0.17,0.50,,,,,,,,
331,Tom Holmes,eng ENG,DF,Luton Town,24,2000,18,15,1316,14.6,1,1,2,1,0,0,4,1,0.07,0.07,0.14,0.07,0.14,Matches,Championship,2024-25,10,3,30.0,0.68,0.21,0.10,0.33,,,,,,,,
332,George Honeyman,eng ENG,MF,Millwall,29,1994,40,28,2422,26.9,2,5,7,2,0,0,7,0,0.07,0.19,0.26,0.07,0.26,Matches,Championship,2024-25,20,8,40.0,0.74,0.30,0.10,0.25,,,,,,,,
333,Ethan Horvath,us USA,GK,Cardiff City,29,1995,17,17,1530,17.0,0,0,0,0,0,0,0,0,0.00,0.00,0.00,0.00,0.00,Matches,Championship,2024-25,0,0,,0.00,0.00,,,28,1.65,72,44,61.1,3,17.6,
334,Jordan Houghton,eng ENG,MF,Plymouth Argyle,28,1995,30,15,1526,17.0,0,0,0,0,0,0,2,0,0.00,0.00,0.00,0.00,0.00,Matches,Championship,2024-25,7,3,42.9,0.41,0.18,0.00,0.00,,,,,,,,
335,Andreas Hountondji,bj BEN,"MF,FW",Burnley,22,2002,9,2,209,2.3,0,0,0,0,0,0,0,0,0.00,0.00,0.00,0.00,0.00,Matches,Championship,2024-25,8,1,12.5,3.44,0.43,0.00,0.00,,,,,,,,
336,Jonny Howson,eng ENG,"DF,MF",Middlesbrough,36,1988,21,15,1396,15.5,1,0,1,1,0,0,0,0,0.06,0.00,0.06,0.06,0.06,Matches,Championship,2024-25,6,3,50.0,0.39,0.19,0.17,0.33,,,,,,,,
337,Andrew Hughes,wls WAL,"DF,MF",Preston,32,1992,40,36,3236,36.0,0,1,1,0,0,0,8,0,0.00,0.03,0.03,0.00,0.03,Matches,Championship,2024-25,9,3,33.3,0.25,0.08,0.00,0.00,,,,,,,,
338,Charlie Hughes,eng ENG,DF,Hull City,20,2003,27,26,2345,26.1,1,1,2,1,0,0,9,0,0.04,0.04,0.08,0.04,0.08,Matches,Championship,2024-25,17,5,29.4,0.65,0.19,0.06,0.20,,,,,,,,
339,Trai Hume,nir NIR,DF,Sunderland,22,2002,44,43,3810,42.3,3,6,9,3,0,0,11,1,0.07,0.14,0.21,0.07,0.21,Matches,Championship,2024-25,30,9,30.0,0.71,0.21,0.10,0.33,,,,,,,,
340,Bashir Humphreys,eng ENG,DF,Burnley,21,2003,25,20,1777,19.7,1,2,3,1,0,0,3,1,0.05,0.10,0.15,0.05,0.15,Matches,Championship,2024-25,11,3,27.3,0.56,0.15,0.09,0.33,,,,,,,,
341,Shaun Hutchinson,eng ENG,DF,Millwall,33,1990,9,4,396,4.4,0,0,0,0,0,0,1,0,0.00,0.00,0.00,0.00,0.00,Matches,Championship,2024-25,2,1,50.0,0.45,0.23,0.00,0.00,,,,,,,,
342,Dominic Hyam,sct SCO,DF,Blackburn,28,1995,46,46,4140,46.0,2,2,4,2,0,0,5,0,0.04,0.04,0.09,0.04,0.09,Matches,Championship,2024-25,21,3,14.3,0.46,0.07,0.10,0.67,,,,,,,,
343,Adam Idah,ie IRL,FW,Norwich City,23,2001,1,0,30,0.3,0,0,0,0,0,0,0,0,0.00,0.00,0.00,0.00,0.00,Matches,Championship,2024-25,0,0,,0.00,0.00,,,,,,,,,,
344,Kelechi Iheanacho,ng NGA,"MF,FW",Middlesbrough,27,1996,15,9,765,8.5,1,2,3,1,0,0,0,0,0.12,0.24,0.35,0.12,0.35,Matches,Championship,2024-25,24,4,16.7,2.82,0.47,0.04,0.25,,,,,,,,
345,Michael Ihiekwe,eng ENG,DF,Sheffield Weds,31,1992,22,20,1821,20.2,2,0,2,2,0,0,2,0,0.10,0.00,0.10,0.10,0.10,Matches,Championship,2024-25,21,8,38.1,1.04,0.40,0.10,0.25,,,,,,,,
346,Samuel Iling-Junior,eng ENG,"DF,MF",Middlesbrough,20,2003,16,11,1057,11.7,1,2,3,1,0,0,2,0,0.09,0.17,0.26,0.09,0.26,Matches,Championship,2024-25,13,3,23.1,1.11,0.26,0.08,0.33,,,,,,,,
347,Tom Ince,eng ENG,MF,Watford,32,1992,32,13,1289,14.3,1,1,2,0,1,1,1,0,0.07,0.07,0.14,0.00,0.07,Matches,Championship,2024-25,16,5,31.3,1.12,0.35,0.00,0.00,,,,,,,,
348,Svante Ingelsson,se SWE,MF,Sheffield Weds,26,1998,35,19,1692,18.8,1,5,6,1,0,0,5,0,0.05,0.27,0.32,0.05,0.32,Matches,Championship,2024-25,23,9,39.1,1.22,0.48,0.04,0.11,,,,,,,,
349,Matt Ingram,eng ENG,GK,Oxford United,30,1993,1,1,90,1.0,0,0,0,0,0,0,0,0,0.00,0.00,0.00,0.00,0.00,Matches,Championship,2024-25,0,0,,0.00,0.00,,,3,3.00,5,2,40.0,0,0.0,
350,Dominic Iorfa,eng ENG,DF,Sheffield Weds,29,1995,22,17,1435,15.9,1,0,1,1,0,0,4,0,0.06,0.00,0.06,0.06,0.06,Matches,Championship,2024-25,10,4,40.0,0.63,0.25,0.10,0.25,,,,,,,,
351,Wilson Isidor,ht HAI,FW,Sunderland,23,2000,43,34,3112,34.6,12,2,14,12,0,2,9,0,0.35,0.06,0.40,0.35,0.40,Matches,Championship,2024-25,94,41,43.6,2.72,1.19,0.13,0.29,,,,,,,,
352,Freddie Issaka,wls WAL,MF,Plymouth Argyle,18,2006,19,3,596,6.6,1,0,1,1,0,0,0,1,0.15,0.00,0.15,0.15,0.15,Matches,Championship,2024-25,7,2,28.6,1.06,0.30,0.14,0.50,,,,,,,,
353,Mihailo Ivanović,rs SRB,"FW,MF",Millwall,19,2004,37,23,2176,24.2,12,0,12,11,1,1,2,0,0.50,0.00,0.50,0.45,0.45,Matches,Championship,2024-25,52,27,51.9,2.15,1.12,0.21,0.41,,,,,,,,
354,Kayden Jackson,eng ENG,"MF,FW",Derby County,30,1994,46,28,2575,28.6,3,2,5,3,0,0,6,0,0.10,0.07,0.17,0.10,0.17,Matches,Championship,2024-25,42,19,45.2,1.47,0.66,0.07,0.16,,,,,,,,
355,Matty Jacob,eng ENG,DF,Hull City,23,2001,8,4,447,5.0,1,0,1,1,0,0,2,0,0.20,0.00,0.20,0.20,0.20,Matches,Championship,2024-25,6,4,66.7,1.21,0.81,0.17,0.25,,,,,,,,
356,Daniel James,wls WAL,MF,Leeds United,26,1997,36,30,2609,29.0,12,9,21,12,0,0,4,0,0.41,0.31,0.72,0.41,0.72,Matches,Championship,2024-25,99,37,37.4,3.42,1.28,0.12,0.32,,,,,,,,
357,William Jarvis,eng ENG,MF,Hull City,21,2002,6,0,161,1.8,0,0,0,0,0,0,0,0,0.00,0.00,0.00,0.00,0.00,Matches,Championship,2024-25,2,2,100.0,1.12,1.12,0.00,0.00,,,,,,,,
358,Daniel Jebbison,ca CAN,FW,Watford,20,2003,13,3,387,4.3,0,0,0,0,0,0,2,0,0.00,0.00,0.00,0.00,0.00,Matches,Championship,2024-25,9,3,33.3,2.09,0.70,0.00,0.00,,,,,,,,
359,Lukas Jensen,dk DEN,GK,Millwall,25,1999,41,41,3689,41.0,0,0,0,0,0,0,1,0,0.00,0.00,0.00,0.00,0.00,Matches,Championship,2024-25,0,0,,0.00,0.00,,,41,1.00,136,96,69.9,14,34.1,50.0
360,Eom Ji-sung,kr KOR,MF,Swansea City,22,2002,37,28,2287,25.4,3,2,5,3,0,0,2,0,0.12,0.08,0.20,0.12,0.20,Matches,Championship,2024-25,57,13,22.8,2.24,0.51,0.05,0.23,,,,,,,,
361,Viktor Johansson,se SWE,GK,Stoke City,25,1998,46,46,4140,46.0,0,0,0,0,0,0,4,0,0.00,0.00,0.00,0.00,0.00,Matches,Championship,2024-25,0,0,,0.00,0.00,,,62,1.35,213,151,70.9,14,30.4,25.0
362,Daniel Johnson,jm JAM,MF,Stoke City,31,1992,1,0,5,0.1,0,0,0,0,0,0,0,0,0.00,0.00,0.00,0.00,0.00,Matches,Championship,2024-25,0,0,,0.00,0.00,,,,,,,,,,
363,Joseph Johnson,eng ENG,"DF,MF",Luton Town,18,2006,8,5,470,5.2,0,0,0,0,0,0,3,1,0.00,0.00,0.00,0.00,0.00,Matches,Championship,2024-25,1,0,0.0,0.19,0.00,0.00,,,,,,,,,
364,Marvin Johnson,eng ENG,"MF,DF",Sheffield Weds,33,1990,41,30,2795,31.1,0,2,2,0,0,0,3,0,0.00,0.06,0.06,0.00,0.06,Matches,Championship,2024-25,28,5,17.9,0.90,0.16,0.00,0.00,,,,,,,,
365,Michael Johnston,ie IRL,MF,West Brom,25,1999,40,25,2069,23.0,3,5,8,3,0,0,3,0,0.13,0.22,0.35,0.13,0.35,Matches,Championship,2024-25,62,17,27.4,2.70,0.74,0.05,0.18,,,,,,,,
366,Alfie Jones,ca CAN,DF,Hull City,26,1997,41,37,3389,37.7,0,0,0,0,0,0,8,0,0.00,0.00,0.00,0.00,0.00,Matches,Championship,2024-25,8,3,37.5,0.21,0.08,0.00,0.00,,,,,,,,
367,Harrison Jones,eng ENG,MF,Sunderland,19,2004,4,2,132,1.5,0,0,0,0,0,0,1,0,0.00,0.00,0.00,0.00,0.00,Matches,Championship,2024-25,1,0,0.0,0.68,0.00,0.00,,,,,,,,,
368,Isaiah Jones,gy GUY,MF,Middlesbrough,25,1999,21,8,796,8.8,0,0,0,0,0,0,1,0,0.00,0.00,0.00,0.00,0.00,Matches,Championship,2024-25,15,5,33.3,1.70,0.57,0.00,0.00,,,,,,,,
369,Isaiah Jones,gy GUY,MF,Luton Town,25,1999,17,16,1310,14.6,2,0,2,2,0,0,4,0,0.14,0.00,0.14,0.14,0.14,Matches,Championship,2024-25,11,5,45.5,0.76,0.34,0.18,0.40,,,,,,,,
370,Kyle Joseph,sct SCO,"FW,MF",Hull City,22,2001,16,13,1009,11.2,0,0,0,0,0,0,0,0,0.00,0.00,0.00,0.00,0.00,Matches,Championship,2024-25,14,6,42.9,1.25,0.54,0.00,0.00,,,,,,,,
371,Mateo Joseph,es ESP,FW,Leeds United,20,2003,39,11,1285,14.3,3,3,6,3,0,0,0,0,0.21,0.21,0.42,0.21,0.42,Matches,Championship,2024-25,39,16,41.0,2.73,1.12,0.08,0.19,,,,,,,,
372,Mads Juel Andersen,dk DEN,DF,Luton Town,26,1997,8,5,410,4.6,0,0,0,0,0,0,3,0,0.00,0.00,0.00,0.00,0.00,Matches,Championship,2024-25,3,0,0.0,0.66,0.00,0.00,,,,,,,,,
373,Bae Jun-ho,kr KOR,MF,Stoke City,20,2003,45,37,3260,36.2,3,5,8,3,0,0,5,0,0.08,0.14,0.22,0.08,0.22,Matches,Championship,2024-25,40,14,35.0,1.10,0.39,0.08,0.21,,,,,,,,
374,Matěj Jurásek,cz CZE,FW,Norwich City,20,2003,2,1,83,0.9,0,0,0,0,0,0,0,0,0.00,0.00,0.00,0.00,0.00,Matches,Championship,2024-25,0,0,,0.00,0.00,,,,,,,,,,
375,Abdoulaye Kamara,gn GUI,MF,Portsmouth,19,2004,5,0,124,1.4,0,0,0,0,0,0,1,0,0.00,0.00,0.00,0.00,0.00,Matches,Championship,2024-25,0,0,,0.00,0.00,,,,,,,,,,
376,Abu Kamara,eng ENG,"FW,MF",Norwich City,21,2003,2,0,17,0.2,0,0,0,0,0,0,0,0,0.00,0.00,0.00,0.00,0.00,Matches,Championship,2024-25,0,0,,0.00,0.00,,,,,,,,,,
377,Abu Kamara,eng ENG,"MF,FW",Hull City,21,2003,36,25,2256,25.1,5,3,8,5,0,0,1,0,0.20,0.12,0.32,0.20,0.32,Matches,Championship,2024-25,36,14,38.9,1.44,0.56,0.14,0.36,,,,,,,,
378,Thomas Kaminski,be BEL,GK,Luton Town,31,1992,45,45,3990,44.3,0,1,1,0,0,0,5,1,0.00,0.02,0.02,0.00,0.02,Matches,Championship,2024-25,0,0,,0.00,0.00,,,68,1.53,196,128,65.3,11,24.4,33.3
379,Wilfried Kanga,ci CIV,FW,Cardiff City,26,1998,15,5,458,5.1,0,0,0,0,0,0,0,0,0.00,0.00,0.00,0.00,0.00,Matches,Championship,2024-25,11,2,18.2,2.16,0.39,0.00,0.00,,,,,,,,
380,Augustus Kargbo,sl SLE,MF,Blackburn,24,1999,8,2,186,2.1,0,1,1,0,0,0,0,0,0.00,0.48,0.48,0.00,0.48,Matches,Championship,2024-25,4,0,0.0,1.94,0.00,0.00,,,,,,,,,
381,Nikola Katić,ba BIH,DF,Plymouth Argyle,27,1996,15,14,1223,13.6,1,0,1,1,0,0,2,0,0.07,0.00,0.07,0.07,0.07,Matches,Championship,2024-25,9,3,33.3,0.66,0.22,0.11,0.33,,,,,,,,
382,Edo Kayembe,cd COD,"MF,FW",Watford,26,1998,44,37,3196,35.5,8,1,9,6,2,2,11,1,0.23,0.03,0.25,0.17,0.20,Matches,Championship,2024-25,65,16,24.6,1.83,0.45,0.09,0.38,,,,,,,,
383,Will Keane,ie IRL,"FW,MF",Preston,31,1993,27,13,1124,12.5,3,0,3,3,0,0,0,0,0.24,0.00,0.24,0.24,0.24,Matches,Championship,2024-25,14,4,28.6,1.12,0.32,0.21,0.75,,,,,,,,
384,Kévin Keben,cm CMR,DF,Watford,20,2004,6,3,256,2.8,0,0,0,0,0,0,0,1,0.00,0.00,0.00,0.00,0.00,Matches,Championship,2024-25,0,0,,0.00,0.00,,,,,,,,,,
385,Daniel Kelly,sct SCO,MF,Millwall,18,2005,2,0,20,0.2,0,0,0,0,0,0,0,0,0.00,0.00,0.00,0.00,0.00,Matches,Championship,2024-25,0,0,,0.00,0.00,,,,,,,,,,
386,Kaine Kesler-Hayden,eng ENG,"MF,DF",Preston,21,2002,44,41,3670,40.8,2,3,5,2,0,0,6,0,0.05,0.07,0.12,0.05,0.12,Matches,Championship,2024-25,40,11,27.5,0.98,0.27,0.05,0.18,,,,,,,,
387,Josh Key,eng ENG,DF,Swansea City,24,1999,45,39,3469,38.5,1,3,4,1,0,0,3,0,0.03,0.08,0.10,0.03,0.10,Matches,Championship,2024-25,22,8,36.4,0.57,0.21,0.05,0.13,,,,,,,,
388,Ben Killip,eng ENG,GK,Portsmouth,28,1995,2,2,180,2.0,0,0,0,0,0,0,0,0,0.00,0.00,0.00,0.00,0.00,Matches,Championship,2024-25,0,0,,0.00,0.00,,,2,1.00,9,7,77.8,0,0.0,
389,Peter Kioso,cd COD,DF,Oxford United,25,1998,30,26,2302,25.6,0,1,1,0,0,0,6,0,0.00,0.04,0.04,0.00,0.04,Matches,Championship,2024-25,7,0,0.0,0.27,0.00,0.00,,,,,,,,,
390,Liam Kitching,eng ENG,DF,Coventry City,24,1999,27,26,2284,25.4,0,1,1,0,0,0,7,0,0.00,0.04,0.04,0.00,0.04,Matches,Championship,2024-25,14,4,28.6,0.55,0.16,0.00,0.00,,,,,,,,
391,Jason Knight,ie IRL,MF,Bristol City,23,2001,46,46,4140,46.0,3,6,9,3,0,0,6,0,0.07,0.13,0.20,0.07,0.20,Matches,Championship,2024-25,49,9,18.4,1.07,0.20,0.06,0.33,,,,,,,,
392,Olaf Kobacki,pl POL,"FW,MF",Sheffield Weds,23,2001,12,4,369,4.1,0,0,0,0,0,0,1,0,0.00,0.00,0.00,0.00,0.00,Matches,Championship,2024-25,10,3,30.0,2.44,0.73,0.00,0.00,,,,,,,,
393,Luca Koleosho,it ITA,MF,Burnley,19,2004,28,20,1677,18.6,2,0,2,2,0,0,4,0,0.11,0.00,0.11,0.11,0.11,Matches,Championship,2024-25,29,11,37.9,1.56,0.59,0.07,0.18,,,,,,,,
394,Rayan Kolli,dz ALG,"FW,MF",QPR,19,2005,20,9,822,9.1,4,2,6,4,0,0,2,0,0.44,0.22,0.66,0.44,0.66,Matches,Championship,2024-25,22,7,31.8,2.41,0.77,0.18,0.57,,,,,,,,
395,Lewis Koumas,wls WAL,MF,Stoke City,18,2005,43,26,2441,27.1,3,2,5,3,0,0,5,0,0.11,0.07,0.18,0.11,0.18,Matches,Championship,2024-25,45,15,33.3,1.66,0.55,0.07,0.20,,,,,,,,
396,Ronan Kpakio,wls WAL,DF,Cardiff City,17,2007,3,1,108,1.2,0,1,1,0,0,0,0,0,0.00,0.83,0.83,0.00,0.83,Matches,Championship,2024-25,1,0,0.0,0.83,0.00,0.00,,,,,,,,,
397,Tom Krauß,de GER,MF,Luton Town,23,2001,23,20,1601,17.8,2,4,6,2,0,0,1,0,0.11,0.22,0.34,0.11,0.34,Matches,Championship,2024-25,17,2,11.8,0.96,0.11,0.12,1.00,,,,,,,,
398,Paddy Lane,nir NIR,MF,Portsmouth,23,2001,22,13,1074,11.9,1,1,2,1,0,0,2,0,0.08,0.08,0.17,0.08,0.17,Matches,Championship,2024-25,13,5,38.5,1.09,0.42,0.08,0.20,,,,,,,,
399,Callum Lang,eng ENG,MF,Portsmouth,25,1998,32,28,2438,27.1,10,2,12,8,2,2,9,0,0.37,0.07,0.44,0.30,0.37,Matches,Championship,2024-25,67,23,34.3,2.47,0.85,0.12,0.35,,,,,,,,
400,Sondre Langås,no NOR,DF,Derby County,23,2001,14,13,1118,12.4,0,0,0,0,0,0,3,0,0.00,0.00,0.00,0.00,0.00,Matches,Championship,2024-25,4,1,25.0,0.32,0.08,0.00,0.00,,,,,,,,
401,Macaulay Langstaff,eng ENG,FW,Millwall,27,1997,34,14,1388,15.4,1,2,3,1,0,0,0,0,0.06,0.13,0.19,0.06,0.19,Matches,Championship,2024-25,25,10,40.0,1.62,0.65,0.04,0.10,,,,,,,,
402,Will Lankshear,eng ENG,FW,West Brom,19,2005,11,4,350,3.9,0,0,0,0,0,0,2,0,0.00,0.00,0.00,0.00,0.00,Matches,Championship,2024-25,7,1,14.3,1.80,0.26,0.00,0.00,,,,,,,,
403,Yasser Larouci,dz ALG,"MF,DF",Watford,23,2001,39,26,2136,23.7,0,3,3,0,0,0,3,0,0.00,0.13,0.13,0.00,0.13,Matches,Championship,2024-25,22,3,13.6,0.93,0.13,0.00,0.00,,,,,,,,
404,Joël Latibeaudière,jm JAM,DF,Coventry City,24,2000,33,29,2574,28.6,0,0,0,0,0,0,5,0,0.00,0.00,0.00,0.00,0.00,Matches,Championship,2024-25,8,1,12.5,0.28,0.03,0.00,0.00,,,,,,,,
405,Emmanuel Latte Lath,ci CIV,FW,Middlesbrough,25,1999,29,20,1765,19.6,11,3,14,9,2,2,3,0,0.56,0.15,0.71,0.46,0.61,Matches,Championship,2024-25,55,25,45.5,2.80,1.27,0.16,0.36,,,,,,,,
406,Josh Laurent,eng ENG,MF,Stoke City,29,1995,3,3,270,3.0,0,0,0,0,0,0,3,0,0.00,0.00,0.00,0.00,0.00,Matches,Championship,2024-25,0,0,,0.00,0.00,,,,,,,,,,
407,Josh Laurent,eng ENG,MF,Burnley,29,1995,42,25,2451,27.2,2,2,4,2,0,0,4,0,0.07,0.07,0.15,0.07,0.15,Matches,Championship,2024-25,27,8,29.6,0.99,0.29,0.07,0.25,,,,,,,,
408,Bosun Lawal,ie IRL,DF,Stoke City,21,2003,7,1,206,2.3,0,0,0,0,0,0,0,0,0.00,0.00,0.00,0.00,0.00,Matches,Championship,2024-25,1,0,0.0,0.44,0.00,0.00,,,,,,,,,
409,Dylan Lawlor,wls WAL,DF,Cardiff City,18,2006,1,0,58,0.6,0,0,0,0,0,0,0,0,0.00,0.00,0.00,0.00,0.00,Matches,Championship,2024-25,0,0,,0.00,0.00,,,,,,,,,,
410,Enzo Le Fée,fr FRA,MF,Sunderland,24,2000,15,11,1001,11.1,1,1,2,1,0,0,2,0,0.09,0.09,0.18,0.09,0.18,Matches,Championship,2024-25,19,6,31.6,1.71,0.54,0.05,0.17,,,,,,,,
411,Tom Leahy,eng ENG,FW,Millwall,20,2004,1,0,2,0.0,0,0,0,0,0,0,0,0,0.00,0.00,0.00,0.00,0.00,Matches,Championship,2024-25,0,0,,0.00,0.00,,,,,,,,,,
412,Ryan Ledson,eng ENG,MF,Preston,26,1997,26,14,1211,13.5,1,1,2,1,0,0,7,0,0.07,0.07,0.15,0.07,0.15,Matches,Championship,2024-25,10,3,30.0,0.74,0.22,0.10,0.33,,,,,,,,
413,Greg Leigh,jm JAM,"DF,MF",Oxford United,29,1994,34,24,2338,26.0,6,1,7,6,0,0,1,0,0.23,0.04,0.27,0.23,0.27,Matches,Championship,2024-25,18,8,44.4,0.69,0.31,0.33,0.75,,,,,,,,
414,Harry Leonard,eng ENG,FW,Blackburn,20,2003,9,0,149,1.7,1,0,1,1,0,0,0,0,0.60,0.00,0.60,0.60,0.60,Matches,Championship,2024-25,7,4,57.1,4.23,2.42,0.14,0.25,,,,,,,,
415,Ryan Leonard,eng ENG,DF,Millwall,32,1992,33,29,2631,29.2,0,1,1,0,0,0,8,0,0.00,0.03,0.03,0.00,0.03,Matches,Championship,2024-25,12,0,0.0,0.41,0.00,0.00,,,,,,,,,
416,Lincoln,br BRA,MF,Hull City,25,1998,11,4,420,4.7,0,1,1,0,0,0,0,0,0.00,0.21,0.21,0.00,0.21,Matches,Championship,2024-25,3,1,33.3,0.64,0.21,0.00,0.00,,,,,,,,
417,Liam Lindsay,sct SCO,DF,Preston,28,1995,35,29,2609,29.0,1,1,2,1,0,0,10,2,0.03,0.03,0.07,0.03,0.07,Matches,Championship,2024-25,22,5,22.7,0.76,0.17,0.05,0.20,,,,,,,,
418,Alfie Lloyd,eng ENG,"MF,FW",QPR,21,2003,27,4,747,8.3,2,0,2,2,0,0,4,0,0.24,0.00,0.24,0.24,0.24,Matches,Championship,2024-25,18,4,22.2,2.17,0.48,0.11,0.50,,,,,,,,
419,Ben Lloyd,wls WAL,MF,Swansea City,19,2005,2,0,8,0.1,0,0,0,0,0,0,0,0,0.00,0.00,0.00,0.00,0.00,Matches,Championship,2024-25,0,0,,0.00,0.00,,,,,,,,,,
420,George Long,eng ENG,GK,Norwich City,30,1993,9,8,765,8.5,0,0,0,0,0,0,0,0,0.00,0.00,0.00,0.00,0.00,Matches,Championship,2024-25,0,0,,0.00,0.00,,,19,2.24,43,24,55.8,1,12.5,33.3
421,Sam Long,eng ENG,DF,Oxford United,29,1995,24,18,1657,18.4,1,1,2,1,0,0,2,0,0.05,0.05,0.11,0.05,0.11,Matches,Championship,2024-25,9,3,33.3,0.49,0.16,0.11,0.33,,,,,,,,
422,Ryan Longman,eng ENG,"MF,FW",Hull City,23,2000,9,6,478,5.3,1,0,1,1,0,0,0,0,0.19,0.00,0.19,0.19,0.19,Matches,Championship,2024-25,11,6,54.5,2.07,1.13,0.09,0.17,,,,,,,,
423,Imran Louza,ma MAR,MF,Watford,25,1999,33,30,2677,29.7,2,5,7,2,0,0,11,0,0.07,0.17,0.24,0.07,0.24,Matches,Championship,2024-25,37,15,40.5,1.24,0.50,0.05,0.13,,,,,,,,
424,Jamal Lowe,jm JAM,"FW,MF",Sheffield Weds,30,1994,24,12,960,10.7,3,2,5,3,0,0,2,0,0.28,0.19,0.47,0.28,0.47,Matches,Championship,2024-25,21,5,23.8,1.97,0.47,0.14,0.60,,,,,,,,
425,Max Lowe,eng ENG,DF,Sheffield Weds,27,1997,34,31,2684,29.8,0,0,0,0,0,0,2,0,0.00,0.00,0.00,0.00,0.00,Matches,Championship,2024-25,2,1,50.0,0.07,0.03,0.00,0.00,,,,,,,,
426,Nathan Lowe,eng ENG,"FW,MF",Stoke City,18,2005,10,5,468,5.2,1,0,1,1,0,0,2,0,0.19,0.00,0.19,0.19,0.19,Matches,Championship,2024-25,6,2,33.3,1.15,0.38,0.17,0.50,,,,,,,,
427,Lucas,br BRA,DF,Burnley,23,2001,34,32,2794,31.0,0,2,2,0,0,0,7,0,0.00,0.06,0.06,0.00,0.06,Matches,Championship,2024-25,19,3,15.8,0.61,0.10,0.00,0.00,,,,,,,,
428,Nicolas Madsen,dk DEN,MF,QPR,24,2000,31,20,1753,19.5,3,3,6,2,1,1,2,0,0.15,0.15,0.31,0.10,0.26,Matches,Championship,2024-25,21,7,33.3,1.08,0.36,0.10,0.29,,,,,,,,
429,Lucien Mahovo,eng ENG,DF,Norwich City,19,2005,8,6,524,5.8,0,0,0,0,0,0,0,0,0.00,0.00,0.00,0.00,0.00,Matches,Championship,2024-25,4,2,50.0,0.69,0.34,0.00,0.00,,,,,,,,
430,Josh Maja,ng NGA,FW,West Brom,25,1998,26,26,2056,22.8,12,2,14,12,0,0,2,0,0.53,0.09,0.61,0.53,0.61,Matches,Championship,2024-25,48,18,37.5,2.10,0.79,0.25,0.67,,,,,,,,
431,Christ Makosso,cg CGO,DF,Luton Town,20,2004,13,12,956,10.6,0,1,1,0,0,0,0,0,0.00,0.09,0.09,0.00,0.09,Matches,Championship,2024-25,7,0,0.0,0.66,0.00,0.00,,,,,,,,,
432,Million Manhoef,nl NED,"MF,FW",Stoke City,22,2002,34,28,2422,26.9,5,5,10,5,0,0,1,0,0.19,0.19,0.37,0.19,0.37,Matches,Championship,2024-25,71,25,35.2,2.64,0.93,0.07,0.20,,,,,,,,
433,Sivert Mannsverk,no NOR,MF,Cardiff City,22,2002,14,12,1004,11.2,0,1,1,0,0,0,4,0,0.00,0.09,0.09,0.00,0.09,Matches,Championship,2024-25,9,1,11.1,0.81,0.09,0.00,0.00,,,,,,,,
434,Benson Manuel,ao ANG,"FW,MF",Burnley,27,1997,3,0,46,0.5,1,0,1,1,0,0,1,0,1.96,0.00,1.96,1.96,1.96,Matches,Championship,2024-25,4,1,25.0,7.83,1.96,0.25,1.00,,,,,,,,
435,Emiliano Marcondes,dk DEN,"MF,FW",Norwich City,29,1995,33,25,2280,25.3,5,6,11,5,0,0,5,0,0.20,0.24,0.43,0.20,0.43,Matches,Championship,2024-25,39,15,38.5,1.54,0.59,0.13,0.33,,,,,,,,
436,Ephron Mason-Clark,jm JAM,"MF,FW",Coventry City,24,1999,30,17,1630,18.1,5,5,10,5,0,0,2,0,0.28,0.28,0.55,0.28,0.55,Matches,Championship,2024-25,38,17,44.7,2.10,0.94,0.13,0.29,,,,,,,,
437,Han-Noah Massengo,fr FRA,MF,Burnley,23,2001,8,1,97,1.1,0,1,1,0,0,0,1,0,0.00,0.93,0.93,0.00,0.93,Matches,Championship,2024-25,1,0,0.0,0.93,0.00,0.00,,,,,,,,,
438,Zavier Massiah,eng ENG,FW,Watford,17,2007,4,0,58,0.6,0,0,0,0,0,0,0,0,0.00,0.00,0.00,0.00,0.00,Matches,Championship,2024-25,0,0,,0.00,0.00,,,,,,,,,,
439,Eliot Matazo,be BEL,MF,Hull City,22,2002,6,4,300,3.3,1,0,1,1,0,0,1,0,0.30,0.00,0.30,0.30,0.30,Matches,Championship,2024-25,4,2,50.0,1.20,0.60,0.25,0.50,,,,,,,,
440,Alex Matos,eng ENG,"MF,FW",Oxford United,19,2004,20,10,933,10.4,0,0,0,0,0,0,5,0,0.00,0.00,0.00,0.00,0.00,Matches,Championship,2024-25,2,0,0.0,0.19,0.00,0.00,,,,,,,,,
441,Hayden Matthews,au AUS,DF,Portsmouth,20,2004,6,3,318,3.5,0,0,0,0,0,0,0,0,0.00,0.00,0.00,0.00,0.00,Matches,Championship,2024-25,0,0,,0.00,0.00,,,,,,,,,,
442,Eliezer Mayenda,es ESP,"FW,MF",Sunderland,19,2005,37,22,2155,23.9,8,5,13,8,0,0,2,0,0.33,0.21,0.54,0.33,0.54,Matches,Championship,2024-25,55,27,49.1,2.30,1.13,0.15,0.30,,,,,,,,
443,Fally Mayulu,fr FRA,FW,Bristol City,22,2002,15,3,402,4.5,2,0,2,2,0,0,0,0,0.45,0.00,0.45,0.45,0.45,Matches,Championship,2024-25,17,6,35.3,3.81,1.34,0.12,0.33,,,,,,,,
444,Sam McCallum,eng ENG,"DF,MF",Sheffield United,23,2000,33,9,1057,11.7,2,0,2,2,0,0,1,0,0.17,0.00,0.17,0.17,0.17,Matches,Championship,2024-25,15,3,20.0,1.28,0.26,0.13,0.67,,,,,,,,
445,Alistair McCann,nir NIR,MF,Preston,24,1999,29,28,2418,26.9,1,0,1,1,0,0,9,0,0.04,0.00,0.04,0.04,0.04,Matches,Championship,2024-25,17,4,23.5,0.63,0.15,0.06,0.25,,,,,,,,
446,Ruairi Mcconville,nir NIR,DF,Norwich City,19,2005,8,3,205,2.3,0,0,0,0,0,0,0,0,0.00,0.00,0.00,0.00,0.00,Matches,Championship,2024-25,2,0,0.0,0.88,0.00,0.00,,,,,,,,,
447,George McCormick,eng ENG,DF,Middlesbrough,19,2005,1,0,1,0.0,0,0,0,0,0,0,0,0,0.00,0.00,0.00,0.00,0.00,Matches,Championship,2024-25,0,0,,0.00,0.00,,,,,,,,,,
448,Ross McCrorie,sct SCO,"MF,DF",Bristol City,26,1998,23,18,1475,16.4,5,0,5,5,0,0,10,1,0.31,0.00,0.31,0.31,0.31,Matches,Championship,2024-25,23,7,30.4,1.40,0.43,0.22,0.71,,,,,,,,
449,Josh McEachran,eng ENG,MF,Oxford United,31,1993,12,6,508,5.6,0,1,1,0,0,0,1,0,0.00,0.18,0.18,0.00,0.18,Matches,Championship,2024-25,1,0,0.0,0.18,0.00,0.00,,,,,,,,,
450,Kyle McFadzean,sct SCO,DF,Blackburn,37,1987,1,0,1,0.0,0,0,0,0,0,0,0,0,0.00,0.00,0.00,0.00,0.00,Matches,Championship,2024-25,0,0,,0.00,0.00,,,,,,,,,,
451,Riley McGree,au AUS,MF,Middlesbrough,25,1998,17,11,943,10.5,1,5,6,1,0,0,2,0,0.10,0.48,0.57,0.10,0.57,Matches,Championship,2024-25,25,10,40.0,2.39,0.95,0.04,0.10,,,,,,,,
452,Marcus McGuane,eng ENG,MF,Bristol City,25,1999,21,11,1063,11.8,0,0,0,0,0,0,1,0,0.00,0.00,0.00,0.00,0.00,Matches,Championship,2024-25,7,2,28.6,0.59,0.17,0.00,0.00,,,,,,,,
453,Mark McGuinness,ie IRL,DF,Luton Town,23,2001,43,41,3753,41.7,3,3,6,3,0,0,4,0,0.07,0.07,0.14,0.07,0.14,Matches,Championship,2024-25,49,9,18.4,1.18,0.22,0.06,0.33,,,,,,,,
454,Tom McIntyre,sct SCO,DF,Portsmouth,25,1998,12,11,1019,11.3,0,0,0,0,0,0,3,0,0.00,0.00,0.00,0.00,0.00,Matches,Championship,2024-25,4,1,25.0,0.35,0.09,0.00,0.00,,,,,,,,
455,Kenny McLean,sct SCO,"MF,DF",Norwich City,32,1992,34,33,2994,33.3,0,4,4,0,0,0,6,1,0.00,0.12,0.12,0.00,0.12,Matches,Championship,2024-25,11,1,9.1,0.33,0.03,0.00,0.00,,,,,,,,
456,Sean McLoughlin,ie IRL,DF,Hull City,27,1996,37,37,3213,35.7,0,1,1,0,0,0,6,0,0.00,0.03,0.03,0.00,0.03,Matches,Championship,2024-25,29,11,37.9,0.81,0.31,0.00,0.00,,,,,,,,
457,Paddy McNair,nir NIR,DF,West Brom,29,1995,2,2,93,1.0,0,0,0,0,0,0,0,0,0.00,0.00,0.00,0.00,0.00,Matches,Championship,2024-25,0,0,,0.00,0.00,,,,,,,,,,
458,Luke McNally,ie IRL,DF,Bristol City,24,1999,26,26,2322,25.8,3,1,4,3,0,0,5,0,0.12,0.04,0.16,0.12,0.16,Matches,Championship,2024-25,29,8,27.6,1.12,0.31,0.10,0.38,,,,,,,,
459,Luke McNally,ie IRL,DF,Burnley,24,1999,2,0,4,0.0,0,0,0,0,0,0,0,0,0.00,0.00,0.00,0.00,0.00,Matches,Championship,2024-25,0,0,,0.00,0.00,,,,,,,,,,
460,Dan McNamara,ie IRL,DF,Millwall,25,1998,13,7,683,7.6,0,0,0,0,0,0,1,0,0.00,0.00,0.00,0.00,0.00,Matches,Championship,2024-25,1,1,100.0,0.13,0.13,0.00,0.00,,,,,,,,
461,Charlie McNeill,eng ENG,"FW,MF",Sheffield Weds,20,2003,4,0,57,0.6,0,0,0,0,0,0,0,0,0.00,0.00,0.00,0.00,0.00,Matches,Championship,2024-25,1,0,0.0,1.58,0.00,0.00,,,,,,,,,
462,Jayden Meghoma,eng ENG,"MF,DF",Preston,18,2006,12,11,768,8.5,0,1,1,0,0,0,1,0,0.00,0.12,0.12,0.00,0.12,Matches,Championship,2024-25,2,1,50.0,0.23,0.12,0.00,0.00,,,,,,,,
463,Marvin Mehlem,de GER,MF,Hull City,26,1997,16,9,902,10.0,0,3,3,0,0,0,2,0,0.00,0.30,0.30,0.00,0.30,Matches,Championship,2024-25,12,1,8.3,1.20,0.10,0.00,0.00,,,,,,,,
464,Anis Mehmeti,al ALB,"MF,FW",Bristol City,23,2001,42,29,2558,28.4,12,1,13,10,2,2,3,0,0.42,0.04,0.46,0.35,0.39,Matches,Championship,2024-25,86,32,37.2,3.03,1.13,0.12,0.31,,,,,,,,
465,Yakou Méïte,ci CIV,"MF,FW",Cardiff City,28,1996,34,11,1201,13.3,3,0,3,3,0,0,1,0,0.22,0.00,0.22,0.22,0.22,Matches,Championship,2024-25,45,14,31.1,3.37,1.05,0.07,0.21,,,,,,,,
466,Hannibal Mejbri,tn TUN,MF,Burnley,21,2003,37,23,1924,21.4,1,4,5,1,0,0,8,1,0.05,0.19,0.23,0.05,0.23,Matches,Championship,2024-25,33,7,21.2,1.54,0.33,0.03,0.14,,,,,,,,
467,Nathaniel Mendez-Laing,gt GUA,"MF,FW",Derby County,32,1992,41,26,2098,23.3,3,4,7,2,1,1,4,0,0.13,0.17,0.30,0.09,0.26,Matches,Championship,2024-25,40,12,30.0,1.72,0.51,0.05,0.17,,,,,,,,
468,Teden Mengi,eng ENG,DF,Luton Town,22,2002,20,17,1569,17.4,1,1,2,1,0,0,3,0,0.06,0.06,0.11,0.06,0.11,Matches,Championship,2024-25,15,5,33.3,0.86,0.29,0.07,0.20,,,,,,,,
469,Chris Mepham,wls WAL,DF,Sunderland,26,1997,38,37,3273,36.4,1,0,1,1,0,0,10,1,0.03,0.00,0.03,0.03,0.03,Matches,Championship,2024-25,14,6,42.9,0.38,0.16,0.07,0.17,,,,,,,,
470,Illan Meslier,fr FRA,GK,Leeds United,24,2000,39,39,3510,39.0,0,0,0,0,0,0,0,0,0.00,0.00,0.00,0.00,0.00,Matches,Championship,2024-25,0,0,,0.00,0.00,,,27,0.69,90,63,70.0,21,53.8,25.0
471,Liam Millar,ca CAN,"MF,FW",Hull City,24,1999,11,6,619,6.9,1,2,3,1,0,0,3,0,0.15,0.29,0.44,0.15,0.44,Matches,Championship,2024-25,18,4,22.2,2.62,0.58,0.06,0.25,,,,,,,,
472,Stanley Mills,eng ENG,MF,Oxford United,20,2003,11,3,355,3.9,1,0,1,1,0,0,2,0,0.25,0.00,0.25,0.25,0.25,Matches,Championship,2024-25,11,1,9.1,2.79,0.25,0.09,1.00,,,,,,,,
473,Yang Minhyeok,kr KOR,"MF,FW",QPR,18,2006,14,8,692,7.7,2,1,3,2,0,0,1,0,0.26,0.13,0.39,0.26,0.39,Matches,Championship,2024-25,18,7,38.9,2.34,0.91,0.11,0.29,,,,,,,,
474,Billy Mitchell,eng ENG,MF,Millwall,24,2000,19,9,891,9.9,0,0,0,0,0,0,1,0,0.00,0.00,0.00,0.00,0.00,Matches,Championship,2024-25,4,0,0.0,0.40,0.00,0.00,,,,,,,,,
475,Idris El Mizouni,tn TUN,MF,Oxford United,23,2000,28,12,1244,13.8,1,2,3,1,0,0,2,0,0.07,0.14,0.22,0.07,0.22,Matches,Championship,2024-25,18,6,33.3,1.30,0.43,0.06,0.17,,,,,,,,
476,Ryan Mmaee,ma MAR,FW,Stoke City,26,1997,3,1,111,1.2,0,0,0,0,0,0,0,0,0.00,0.00,0.00,0.00,0.00,Matches,Championship,2024-25,1,0,0.0,0.81,0.00,0.00,,,,,,,,,
477,Jayson Molumby,ie IRL,MF,West Brom,24,1999,37,30,2702,30.0,4,1,5,4,0,0,11,1,0.13,0.03,0.17,0.13,0.17,Matches,Championship,2024-25,31,13,41.9,1.03,0.43,0.13,0.31,,,,,,,,
478,Kristi Montgomery,sct SCO,DF,Blackburn,20,2004,3,1,137,1.5,0,0,0,0,0,0,2,1,0.00,0.00,0.00,0.00,0.00,Matches,Championship,2024-25,0,0,,0.00,0.00,,,,,,,,,,
479,Elliott Moore,eng ENG,DF,Oxford United,27,1997,26,24,2057,22.9,1,2,3,1,0,0,7,0,0.04,0.09,0.13,0.04,0.13,Matches,Championship,2024-25,10,4,40.0,0.44,0.18,0.10,0.25,,,,,,,,
480,Kieffer Moore,wls WAL,FW,Sheffield United,31,1992,27,18,1767,19.6,5,0,5,4,1,3,1,0,0.25,0.00,0.25,0.20,0.20,Matches,Championship,2024-25,57,19,33.3,2.90,0.97,0.07,0.21,,,,,,,,
481,Simon Moore,eng ENG,GK,Sunderland,34,1990,4,4,360,4.0,0,0,0,0,0,0,1,0,0.00,0.00,0.00,0.00,0.00,Matches,Championship,2024-25,0,0,,0.00,0.00,,,2,0.50,10,8,80.0,3,75.0,
482,Andrew Moran,ie IRL,MF,Stoke City,20,2003,35,26,2357,26.2,4,3,7,4,0,0,9,0,0.15,0.11,0.27,0.15,0.27,Matches,Championship,2024-25,28,8,28.6,1.07,0.31,0.14,0.50,,,,,,,,
483,Kieran Morgan,eng ENG,MF,QPR,18,2006,30,19,1586,17.6,1,2,3,1,0,0,5,0,0.06,0.11,0.17,0.06,0.17,Matches,Championship,2024-25,17,3,17.6,0.96,0.17,0.06,0.33,,,,,,,,
484,Aidan Morris,us USA,MF,Middlesbrough,22,2001,35,33,2915,32.4,0,2,2,0,0,0,4,0,0.00,0.06,0.06,0.00,0.06,Matches,Championship,2024-25,30,4,13.3,0.93,0.12,0.00,0.00,,,,,,,,
485,Carlton Morris,eng ENG,"FW,MF",Luton Town,28,1995,41,37,3123,34.7,8,2,10,6,2,2,10,0,0.23,0.06,0.29,0.17,0.23,Matches,Championship,2024-25,63,28,44.4,1.82,0.81,0.10,0.21,,,,,,,,
486,James Morris,eng ENG,DF,Watford,22,2001,18,13,1086,12.1,0,0,0,0,0,0,3,0,0.00,0.00,0.00,0.00,0.00,Matches,Championship,2024-25,2,0,0.0,0.17,0.00,0.00,,,,,,,,,
487,Elijah Morrison,eng ENG,MF,Bristol City,18,2006,3,0,39,0.4,0,0,0,0,0,0,1,0,0.00,0.00,0.00,0.00,0.00,Matches,Championship,2024-25,1,0,0.0,2.31,0.00,0.00,,,,,,,,,
488,Liam Morrison,sct SCO,DF,QPR,21,2003,19,14,1302,14.5,0,0,0,0,0,0,3,0,0.00,0.00,0.00,0.00,0.00,Matches,Championship,2024-25,8,0,0.0,0.55,0.00,0.00,,,,,,,,,
489,Victor Moses,ng NGA,MF,Luton Town,33,1990,18,12,1135,12.6,1,0,1,1,0,0,0,0,0.08,0.00,0.08,0.08,0.08,Matches,Championship,2024-25,12,2,16.7,0.95,0.16,0.08,0.50,,,,,,,,
490,Alex Mowatt,eng ENG,MF,West Brom,29,1995,43,39,3351,37.2,7,2,9,7,0,0,5,0,0.19,0.05,0.24,0.19,0.24,Matches,Championship,2024-25,30,10,33.3,0.81,0.27,0.23,0.70,,,,,,,,
491,Owen Moxon,eng ENG,MF,Portsmouth,26,1998,12,2,275,3.1,0,0,0,0,0,0,3,0,0.00,0.00,0.00,0.00,0.00,Matches,Championship,2024-25,4,3,75.0,1.31,0.98,0.00,0.00,,,,,,,,
492,Bali Mumba,eng ENG,"MF,DF",Plymouth Argyle,22,2001,43,37,3396,37.7,0,2,2,0,0,0,3,0,0.00,0.05,0.05,0.00,0.05,Matches,Championship,2024-25,22,3,13.6,0.58,0.08,0.00,0.00,,,,,,,,
493,Romaine Mundle,eng ENG,"MF,FW",Sunderland,21,2003,22,17,1433,15.9,5,2,7,5,0,0,1,0,0.31,0.13,0.44,0.31,0.44,Matches,Championship,2024-25,35,12,34.3,2.20,0.75,0.14,0.42,,,,,,,,
494,Josh Murphy,eng ENG,MF,Portsmouth,29,1995,42,40,3426,38.1,7,14,21,7,0,0,6,0,0.18,0.37,0.55,0.18,0.55,Matches,Championship,2024-25,107,31,29.0,2.81,0.81,0.07,0.23,,,,,,,,
495,Anthony Musaba,nl NED,"MF,FW",Sheffield Weds,23,2000,29,12,1328,14.8,3,6,9,3,0,0,0,0,0.20,0.41,0.61,0.20,0.61,Matches,Championship,2024-25,32,10,31.3,2.17,0.68,0.09,0.30,,,,,,,,
496,Elliot Myles,wls WAL,FW,Norwich City,17,2007,3,0,45,0.5,0,0,0,0,0,0,0,0,0.00,0.00,0.00,0.00,0.00,Matches,Championship,2024-25,0,0,,0.00,0.00,,,,,,,,,,
497,Amin Nabizada,af AFG,FW,Watford,17,2007,1,0,19,0.2,0,0,0,0,0,0,0,0,0.00,0.00,0.00,0.00,0.00,Matches,Championship,2024-25,0,0,,0.00,0.00,,,,,,,,,,
498,Kal Naismith,sct SCO,DF,Bristol City,32,1992,6,2,286,3.2,0,0,0,0,0,0,0,0,0.00,0.00,0.00,0.00,0.00,Matches,Championship,2024-25,0,0,,0.00,0.00,,,,,,,,,,
499,Kal Naismith,sct SCO,"DF,MF",Luton Town,32,1992,10,5,463,5.1,0,0,0,0,0,0,2,1,0.00,0.00,0.00,0.00,0.00,Matches,Championship,2024-25,3,0,0.0,0.58,0.00,0.00,,,,,,,,,
500,Marvelous Nakamba,zw ZIM,MF,Luton Town,30,1994,21,15,1295,14.4,0,0,0,0,0,0,2,0,0.00,0.00,0.00,0.00,0.00,Matches,Championship,2024-25,2,0,0.0,0.14,0.00,0.00,,,,,,,,,
501,Paul Nardi,fr FRA,GK,QPR,30,1994,45,45,4050,45.0,0,0,0,0,0,0,2,0,0.00,0.00,0.00,0.00,0.00,Matches,Championship,2024-25,2,2,100.0,0.04,0.04,0.00,0.00,63,1.40,173,112,63.6,9,20.0,0.0
502,Kyle Naughton,eng ENG,DF,Swansea City,35,1988,23,9,826,9.2,0,0,0,0,0,0,1,0,0.00,0.00,0.00,0.00,0.00,Matches,Championship,2024-25,0,0,,0.00,0.00,,,,,,,,,,
503,Camiel Neghli,nl NED,MF,Millwall,22,2001,4,2,193,2.1,1,0,1,1,0,0,0,0,0.47,0.00,0.47,0.47,0.47,Matches,Championship,2024-25,7,6,85.7,3.26,2.80,0.14,0.17,,,,,,,,
504,Dan Neil,eng ENG,MF,Sunderland,22,2001,44,44,3877,43.1,2,3,5,2,0,0,4,1,0.05,0.07,0.12,0.05,0.12,Matches,Championship,2024-25,24,5,20.8,0.56,0.12,0.08,0.40,,,,,,,,
505,Benjamin Nelson,eng ENG,DF,Oxford United,20,2004,17,16,1372,15.2,1,0,1,1,0,0,1,0,0.07,0.00,0.07,0.07,0.07,Matches,Championship,2024-25,4,2,50.0,0.26,0.13,0.25,0.50,,,,,,,,
506,Curtis Nelson,eng ENG,DF,Derby County,31,1993,27,27,2430,27.0,2,1,3,2,0,0,3,0,0.07,0.04,0.11,0.07,0.11,Matches,Championship,2024-25,20,7,35.0,0.74,0.26,0.10,0.29,,,,,,,,
507,Zack Nelson,eng ENG,"MF,FW",Luton Town,19,2005,21,7,799,8.9,0,1,1,0,0,0,4,0,0.00,0.11,0.11,0.00,0.11,Matches,Championship,2024-25,9,1,11.1,1.01,0.11,0.00,0.00,,,,,,,,
508,Perry Ng,eng ENG,DF,Cardiff City,28,1996,35,31,2793,31.0,1,1,2,1,0,0,9,0,0.03,0.03,0.06,0.03,0.06,Matches,Championship,2024-25,25,7,28.0,0.81,0.23,0.04,0.14,,,,,,,,
509,Jeremy Ngakia,,"DF,MF",Watford,23,2000,29,23,1883,20.9,1,0,1,1,0,0,5,0,0.05,0.00,0.05,0.05,0.05,Matches,Championship,2024-25,17,3,17.6,0.81,0.14,0.06,0.33,,,,,,,,
510,Kevin Nisbet,sct SCO,FW,Millwall,27,1997,1,0,7,0.1,0,0,0,0,0,0,0,0,0.00,0.00,0.00,0.00,0.00,Matches,Championship,2024-25,0,0,,0.00,0.00,,,,,,,,,,
511,Lasse Nordås,no NOR,FW,Luton Town,22,2002,10,2,255,2.8,0,1,1,0,0,0,0,0,0.00,0.35,0.35,0.00,0.35,Matches,Championship,2024-25,8,0,0.0,2.82,0.00,0.00,,,,,,,,,
512,Casper de Norre,be BEL,MF,Millwall,27,1997,46,44,3606,40.1,3,4,7,3,0,0,5,0,0.07,0.10,0.17,0.07,0.17,Matches,Championship,2024-25,30,7,23.3,0.75,0.17,0.10,0.43,,,,,,,,
513,Rhys Norrington-Davies,wls WAL,DF,Sheffield United,25,1999,14,2,251,2.8,0,0,0,0,0,0,1,0,0.00,0.00,0.00,0.00,0.00,Matches,Championship,2024-25,1,0,0.0,0.36,0.00,0.00,,,,,,,,,
514,Will Norris,eng ENG,GK,Portsmouth,30,1993,8,8,720,8.0,0,0,0,0,0,0,2,0,0.00,0.00,0.00,0.00,0.00,Matches,Championship,2024-25,0,0,,0.00,0.00,,,19,2.37,48,29,60.4,2,25.0,0.0
515,Marcelino Núñez,cl CHI,MF,Norwich City,24,2000,32,27,2245,24.9,6,4,10,6,0,0,5,0,0.24,0.16,0.40,0.24,0.40,Matches,Championship,2024-25,56,17,30.4,2.24,0.68,0.11,0.35,,,,,,,,
516,Tanatswa Nyakuhwa,wls WAL,FW,Cardiff City,18,2005,1,0,22,0.2,0,0,0,0,0,0,0,0,0.00,0.00,0.00,0.00,0.00,Matches,Championship,2024-25,0,0,,0.00,0.00,,,,,,,,,,
517,Ryan Nyambe,na NAM,"DF,MF",Derby County,26,1997,17,14,1125,12.5,0,0,0,0,0,0,2,0,0.00,0.00,0.00,0.00,0.00,Matches,Championship,2024-25,0,0,,0.00,0.00,,,,,,,,,,
518,Lewis O'Brien,eng ENG,MF,Swansea City,25,1998,16,16,1419,15.8,1,0,1,1,0,0,2,0,0.06,0.00,0.06,0.06,0.06,Matches,Championship,2024-25,23,7,30.4,1.46,0.44,0.04,0.14,,,,,,,,
519,Gatlin O'Donkor,eng ENG,FW,Oxford United,19,2004,1,0,1,0.0,0,0,0,0,0,0,0,0,0.00,0.00,0.00,0.00,0.00,Matches,Championship,2024-25,0,0,,0.00,0.00,,,,,,,,,,
520,Callum O'Dowda,ie IRL,"DF,MF",Cardiff City,29,1995,42,41,3546,39.4,2,3,5,2,0,0,7,0,0.05,0.08,0.13,0.05,0.13,Matches,Championship,2024-25,27,9,33.3,0.69,0.23,0.07,0.22,,,,,,,,
521,Callum O'Hare,eng ENG,MF,Sheffield United,26,1998,44,38,3139,34.9,2,6,8,2,0,0,2,0,0.06,0.17,0.23,0.06,0.23,Matches,Championship,2024-25,40,12,30.0,1.15,0.34,0.05,0.17,,,,,,,,
522,Max O'Leary,ie IRL,GK,Bristol City,27,1996,46,46,4140,46.0,0,0,0,0,0,0,3,0,0.00,0.00,0.00,0.00,0.00,Matches,Championship,2024-25,0,0,,0.00,0.00,,,55,1.20,172,117,68.0,10,21.7,0.0
523,Mark O'Mahony,ie IRL,FW,Portsmouth,19,2005,13,5,595,6.6,3,0,3,3,0,0,1,0,0.45,0.00,0.45,0.45,0.45,Matches,Championship,2024-25,10,4,40.0,1.51,0.61,0.30,0.75,,,,,,,,
524,Luke O'Nien,eng ENG,DF,Sunderland,29,1994,45,44,3934,43.7,3,1,4,3,0,1,9,0,0.07,0.02,0.09,0.07,0.09,Matches,Championship,2024-25,17,6,35.3,0.39,0.14,0.18,0.50,,,,,,,,
525,Dara O'Shea,ie IRL,DF,Burnley,25,1999,2,2,180,2.0,1,0,1,1,0,0,0,0,0.50,0.00,0.50,0.50,0.50,Matches,Championship,2024-25,4,2,50.0,2.00,1.00,0.25,0.50,,,,,,,,
526,Michael Obafemi,ie IRL,"FW,MF",Plymouth Argyle,24,2000,29,14,1196,13.3,2,0,2,2,0,0,0,0,0.15,0.00,0.15,0.15,0.15,Matches,Championship,2024-25,15,5,33.3,1.13,0.38,0.13,0.40,,,,,,,,
527,Wilson Odobert,fr FRA,MF,Burnley,19,2004,1,1,89,1.0,1,0,1,1,0,0,0,0,1.01,0.00,1.01,1.01,1.01,Matches,Championship,2024-25,3,1,33.3,3.03,1.01,0.33,1.00,,,,,,,,
528,Chiedozie Ogbene,ie IRL,MF,Luton Town,27,1997,3,3,246,2.7,0,0,0,0,0,0,0,0,0.00,0.00,0.00,0.00,0.00,Matches,Championship,2024-25,0,0,,0.00,0.00,,,,,,,,,,
529,Nathanael Ogbeta,eng ENG,"MF,DF",Plymouth Argyle,23,2001,17,9,626,7.0,1,1,2,1,0,0,1,0,0.14,0.14,0.29,0.14,0.29,Matches,Championship,2024-25,4,1,25.0,0.58,0.14,0.25,1.00,,,,,,,,
530,Angelo Ogbonna,it ITA,DF,Watford,36,1988,6,5,398,4.4,0,0,0,0,0,0,0,0,0.00,0.00,0.00,0.00,0.00,Matches,Championship,2024-25,0,0,,0.00,0.00,,,,,,,,,,
531,Connor Ogilvie,eng ENG,DF,Portsmouth,28,1996,45,45,4028,44.8,4,1,5,4,0,0,5,0,0.09,0.02,0.11,0.09,0.11,Matches,Championship,2024-25,39,9,23.1,0.87,0.20,0.10,0.44,,,,,,,,
532,Yuki Ohashi,jp JPN,"FW,MF",Blackburn,28,1996,36,26,2221,24.7,9,3,12,9,0,0,3,0,0.36,0.12,0.49,0.36,0.49,Matches,Championship,2024-25,52,19,36.5,2.11,0.77,0.17,0.47,,,,,,,,
533,Jeppe Okkels,dk DEN,MF,Preston,25,1999,7,1,125,1.4,0,0,0,0,0,0,0,0,0.00,0.00,0.00,0.00,0.00,Matches,Championship,2024-25,0,0,,0.00,0.00,,,,,,,,,,
534,Abdülkadir Ömür,tr TUR,"MF,FW",Hull City,25,1999,20,12,1064,11.8,0,0,0,0,0,0,1,0,0.00,0.00,0.00,0.00,0.00,Matches,Championship,2024-25,8,3,37.5,0.68,0.25,0.00,0.00,,,,,,,,
535,Ryan One,sct SCO,FW,Sheffield United,18,2006,12,2,292,3.2,1,0,1,1,0,0,2,0,0.31,0.00,0.31,0.31,0.31,Matches,Championship,2024-25,8,2,25.0,2.47,0.62,0.13,0.50,,,,,,,,
536,Ben Osborn,eng ENG,"MF,DF",Derby County,29,1994,25,18,1702,18.9,0,1,1,0,0,0,2,0,0.00,0.05,0.05,0.00,0.05,Matches,Championship,2024-25,6,0,0.0,0.32,0.00,0.00,,,,,,,,,
537,Milutin Osmajić,me MNE,FW,Preston,25,1999,34,20,1918,21.3,9,3,12,9,0,0,4,0,0.42,0.14,0.56,0.42,0.56,Matches,Championship,2024-25,43,18,41.9,2.02,0.84,0.21,0.50,,,,,,,,
538,Gabriel Otegbayo,,DF,Sheffield Weds,,,11,4,480,5.3,1,0,1,1,0,0,0,0,0.19,0.00,0.19,0.19,0.19,Matches,Championship,2024-25,3,2,66.7,0.56,0.37,0.33,0.50,,,,,,,,
539,David Ozoh,eng ENG,MF,Derby County,19,2005,10,9,699,7.8,1,0,1,1,0,0,0,0,0.13,0.00,0.13,0.13,0.13,Matches,Championship,2024-25,6,2,33.3,0.77,0.26,0.17,0.50,,,,,,,,
540,Kenneth Paal,sr SUR,DF,QPR,27,1997,39,34,2879,32.0,1,3,4,1,0,0,4,0,0.03,0.09,0.13,0.03,0.13,Matches,Championship,2024-25,16,6,37.5,0.50,0.19,0.06,0.17,,,,,,,,
541,Marlon Pack,eng ENG,"DF,MF",Portsmouth,33,1991,41,30,2712,30.1,0,2,2,0,0,0,8,1,0.00,0.07,0.07,0.00,0.07,Matches,Championship,2024-25,13,2,15.4,0.43,0.07,0.00,0.00,,,,,,,,
542,Alex Palmer,eng ENG,GK,West Brom,27,1996,30,30,2700,30.0,0,0,0,0,0,0,2,0,0.00,0.00,0.00,0.00,0.00,Matches,Championship,2024-25,0,0,,0.00,0.00,,,27,0.90,105,78,74.3,11,36.7,0.0
543,Kasey Palmer,jm JAM,MF,Hull City,27,1996,26,11,1086,12.1,1,2,3,1,0,1,2,0,0.08,0.17,0.25,0.08,0.25,Matches,Championship,2024-25,23,9,39.1,1.91,0.75,0.04,0.11,,,,,,,,
544,Kasey Palmer,jm JAM,MF,Coventry City,27,1996,3,0,54,0.6,1,0,1,1,0,0,1,0,1.67,0.00,1.67,1.67,1.67,Matches,Championship,2024-25,3,1,33.3,5.00,1.67,0.33,1.00,,,,,,,,
545,Liam Palmer,sct SCO,"DF,MF",Sheffield Weds,32,1991,23,7,876,9.7,0,0,0,0,0,0,3,0,0.00,0.00,0.00,0.00,0.00,Matches,Championship,2024-25,4,1,25.0,0.41,0.10,0.00,0.00,,,,,,,,
546,Victor Pálsson,is ISL,DF,Plymouth Argyle,33,1991,25,19,1736,19.3,0,1,1,0,0,0,3,0,0.00,0.05,0.05,0.00,0.05,Matches,Championship,2024-25,5,1,20.0,0.26,0.05,0.00,0.00,,,,,,,,
547,Ivor Pandur,hr CRO,GK,Hull City,24,2000,44,44,3960,44.0,0,0,0,0,0,0,3,0,0.00,0.00,0.00,0.00,0.00,Matches,Championship,2024-25,0,0,,0.00,0.00,,,52,1.18,172,120,69.8,6,13.6,20.0
548,Samuel Parker,wls WAL,DF,Swansea City,18,2006,7,0,86,1.0,0,0,0,0,0,0,0,0,0.00,0.00,0.00,0.00,0.00,Matches,Championship,2024-25,2,0,0.0,2.09,0.00,0.00,,,,,,,,,
549,Callum Paterson,sct SCO,"MF,FW",Sheffield Weds,29,1994,27,14,1187,13.2,6,2,8,6,0,0,2,0,0.45,0.15,0.61,0.45,0.61,Matches,Championship,2024-25,26,9,34.6,1.97,0.68,0.23,0.67,,,,,,,,
550,Jamie Paterson,eng ENG,"FW,MF",Coventry City,32,1991,8,0,79,0.9,1,0,1,1,0,0,1,0,1.14,0.00,1.14,1.14,1.14,Matches,Championship,2024-25,2,1,50.0,2.28,1.14,0.50,1.00,,,,,,,,
551,Anthony Patterson,eng ENG,GK,Sunderland,24,2000,42,42,3780,42.0,0,0,0,0,0,0,3,0,0.00,0.00,0.00,0.00,0.00,Matches,Championship,2024-25,1,1,100.0,0.02,0.02,0.00,0.00,42,1.00,131,89,67.9,14,33.3,20.0
552,Aynsley Pears,eng ENG,GK,Blackburn,26,1998,40,40,3600,40.0,0,0,0,0,0,0,3,0,0.00,0.00,0.00,0.00,0.00,Matches,Championship,2024-25,0,0,,0.00,0.00,,,43,1.07,152,109,71.7,13,32.5,25.0
553,Ben Pearson,eng ENG,MF,Stoke City,29,1995,13,8,570,6.3,0,0,0,0,0,0,5,0,0.00,0.00,0.00,0.00,0.00,Matches,Championship,2024-25,1,0,0.0,0.16,0.00,0.00,,,,,,,,,
554,Myles Peart-Harris,eng ENG,MF,Swansea City,21,2002,29,18,1665,18.5,3,4,7,3,0,0,6,0,0.16,0.22,0.38,0.16,0.38,Matches,Championship,2024-25,24,9,37.5,1.30,0.49,0.13,0.33,,,,,,,,
555,Sydie Peck,eng ENG,MF,Sheffield United,19,2004,42,32,2927,32.5,0,2,2,0,0,0,6,0,0.00,0.06,0.06,0.00,0.06,Matches,Championship,2024-25,39,11,28.2,1.20,0.34,0.00,0.00,,,,,,,,
556,João Pedro,it ITA,FW,Hull City,32,1992,35,25,2145,23.8,6,2,8,6,0,0,4,1,0.25,0.08,0.34,0.25,0.34,Matches,Championship,2024-25,34,13,38.2,1.43,0.55,0.18,0.46,,,,,,,,
557,Ashley Phillips,wls WAL,DF,Stoke City,19,2005,35,35,3077,34.2,0,0,0,0,0,0,6,0,0.00,0.00,0.00,0.00,0.00,Matches,Championship,2024-25,12,5,41.7,0.35,0.15,0.00,0.00,,,,,,,,
558,Joshua Phillips,eng ENG,MF,Luton Town,18,2005,1,0,3,0.0,0,0,0,0,0,0,0,0,0.00,0.00,0.00,0.00,0.00,Matches,Championship,2024-25,0,0,,0.00,0.00,,,,,,,,,,
559,Matt Phillips,sct SCO,"MF,DF",Oxford United,33,1991,28,10,955,10.6,0,2,2,0,0,0,2,0,0.00,0.19,0.19,0.00,0.19,Matches,Championship,2024-25,7,2,28.6,0.66,0.19,0.00,0.00,,,,,,,,
560,Nathaniel Phillips,eng ENG,DF,Derby County,27,1997,32,24,2236,24.8,1,3,4,1,0,0,5,0,0.04,0.12,0.16,0.04,0.16,Matches,Championship,2024-25,25,3,12.0,1.01,0.12,0.04,0.33,,,,,,,,
561,Harry Pickering,eng ENG,DF,Blackburn,25,1998,15,12,1039,11.5,0,1,1,0,0,0,2,0,0.00,0.09,0.09,0.00,0.09,Matches,Championship,2024-25,3,1,33.3,0.26,0.09,0.00,0.00,,,,,,,,
562,Erik Pieters,nl NED,"DF,MF",Derby County,35,1988,1,0,1,0.0,0,0,0,0,0,0,0,0,0.00,0.00,0.00,0.00,0.00,Matches,Championship,2024-25,0,0,,0.00,0.00,,,,,,,,,,
563,Joël Piroe,sr SUR,FW,Leeds United,24,1999,46,36,3080,34.2,19,7,26,18,1,1,2,0,0.56,0.20,0.76,0.53,0.73,Matches,Championship,2024-25,102,41,40.2,2.98,1.20,0.18,0.44,,,,,,,,
564,Julio Pleguezuelo,es ESP,DF,Plymouth Argyle,27,1997,24,23,1964,21.8,1,0,1,1,0,0,8,0,0.05,0.00,0.05,0.05,0.05,Matches,Championship,2024-25,4,1,25.0,0.18,0.05,0.25,1.00,,,,,,,,
565,Matthew Pollock,eng ENG,DF,Watford,22,2001,45,42,3815,42.4,2,4,6,2,0,0,7,0,0.05,0.09,0.14,0.05,0.14,Matches,Championship,2024-25,27,8,29.6,0.64,0.19,0.07,0.25,,,,,,,,
566,Regan Poole,wls WAL,DF,Portsmouth,26,1998,27,23,2144,23.8,1,0,1,1,0,0,5,0,0.04,0.00,0.04,0.04,0.04,Matches,Championship,2024-25,5,3,60.0,0.21,0.13,0.20,0.33,,,,,,,,
567,Ryan Porteous,sct SCO,DF,Preston,25,1999,11,9,823,9.1,1,0,1,1,0,0,2,0,0.11,0.00,0.11,0.11,0.11,Matches,Championship,2024-25,8,2,25.0,0.87,0.22,0.13,0.50,,,,,,,,
568,Ryan Porteous,sct SCO,DF,Watford,25,1999,22,18,1662,18.5,2,0,2,2,0,0,7,0,0.11,0.00,0.11,0.11,0.11,Matches,Championship,2024-25,9,2,22.2,0.49,0.11,0.22,1.00,,,,,,,,
569,Brad Potts,eng ENG,"MF,DF",Preston,30,1994,29,22,2056,22.8,4,2,6,4,0,0,4,0,0.18,0.09,0.26,0.18,0.26,Matches,Championship,2024-25,29,10,34.5,1.27,0.44,0.14,0.40,,,,,,,,
570,Freddie Potts,eng ENG,MF,Portsmouth,20,2003,37,35,3057,34.0,1,4,5,1,0,0,7,0,0.03,0.12,0.15,0.03,0.15,Matches,Championship,2024-25,21,4,19.0,0.62,0.12,0.05,0.25,,,,,,,,
571,Ian Poveda,eng ENG,"FW,MF",Sunderland,24,2000,6,0,86,1.0,0,0,0,0,0,0,2,0,0.00,0.00,0.00,0.00,0.00,Matches,Championship,2024-25,2,0,0.0,2.09,0.00,0.00,,,,,,,,,
572,Isaac Price,nir NIR,MF,West Brom,20,2003,15,13,1049,11.7,1,1,2,1,0,0,2,0,0.09,0.09,0.17,0.09,0.17,Matches,Championship,2024-25,16,4,25.0,1.37,0.34,0.06,0.25,,,,,,,,
573,Cameron Pring,eng ENG,"DF,MF",Bristol City,26,1998,32,27,2228,24.8,0,3,3,0,0,0,8,0,0.00,0.12,0.12,0.00,0.12,Matches,Championship,2024-25,7,2,28.6,0.28,0.08,0.00,0.00,,,,,,,,
574,Tymoteusz Puchacz,pl POL,"MF,DF",Plymouth Argyle,25,1999,15,12,1123,12.5,0,1,1,0,0,0,1,0,0.00,0.08,0.08,0.00,0.08,Matches,Championship,2024-25,3,0,0.0,0.24,0.00,0.00,,,,,,,,,
575,Gustavo Puerta,co COL,MF,Hull City,21,2003,30,22,1889,21.0,0,0,0,0,0,0,3,1,0.00,0.00,0.00,0.00,0.00,Matches,Championship,2024-25,22,4,18.2,1.05,0.19,0.00,0.00,,,,,,,,
576,Przemysław Płacheta,pl POL,MF,Oxford United,26,1998,32,27,2073,23.0,3,3,6,3,0,0,4,0,0.13,0.13,0.26,0.13,0.26,Matches,Championship,2024-25,49,13,26.5,2.13,0.56,0.06,0.23,,,,,,,,
577,Uroš Račić,rs SRB,MF,West Brom,26,1998,21,9,916,10.2,0,2,2,0,0,0,2,0,0.00,0.20,0.20,0.00,0.20,Matches,Championship,2024-25,21,5,23.8,2.06,0.49,0.00,0.00,,,,,,,,
578,Mileta Rajovic,dk DEN,FW,Watford,25,1999,3,0,46,0.5,1,0,1,1,0,0,2,0,1.96,0.00,1.96,1.96,1.96,Matches,Championship,2024-25,2,1,50.0,3.91,1.96,0.50,1.00,,,,,,,,
579,Jesurun Rak Sakyi,gh GHA,MF,Sheffield United,21,2002,34,22,1725,19.2,7,2,9,7,0,0,1,0,0.37,0.10,0.47,0.37,0.47,Matches,Championship,2024-25,46,17,37.0,2.40,0.89,0.15,0.41,,,,,,,,
580,Joe Ralls,eng ENG,MF,Cardiff City,30,1993,21,15,1148,12.8,0,1,1,0,0,0,6,0,0.00,0.08,0.08,0.00,0.08,Matches,Championship,2024-25,15,4,26.7,1.18,0.31,0.00,0.00,,,,,,,,
581,Largie Ramazani,be BEL,MF,Leeds United,23,2001,29,7,797,8.9,6,2,8,6,0,0,2,0,0.68,0.23,0.90,0.68,0.90,Matches,Championship,2024-25,36,16,44.4,4.07,1.81,0.17,0.38,,,,,,,,
582,Aaron Ramsey,wls WAL,MF,Cardiff City,33,1990,8,6,557,6.2,0,0,0,0,0,0,1,0,0.00,0.00,0.00,0.00,0.00,Matches,Championship,2024-25,10,5,50.0,1.62,0.81,0.00,0.00,,,,,,,,
583,Aaron Ramsey,eng ENG,MF,Burnley,21,2003,1,0,7,0.1,0,0,0,0,0,0,0,0,0.00,0.00,0.00,0.00,0.00,Matches,Championship,2024-25,0,0,,0.00,0.00,,,,,,,,,,
584,Adam Randell,eng ENG,MF,Plymouth Argyle,23,2000,39,39,3378,37.5,1,3,4,1,0,0,7,0,0.03,0.08,0.11,0.03,0.11,Matches,Championship,2024-25,30,7,23.3,0.80,0.19,0.03,0.14,,,,,,,,
585,Joe Rankin-Costello,eng ENG,"DF,MF",Blackburn,25,1999,29,13,1249,13.9,2,2,4,2,0,0,4,0,0.14,0.14,0.29,0.14,0.29,Matches,Championship,2024-25,21,8,38.1,1.51,0.58,0.10,0.25,,,,,,,,
586,Nathan Redmond,eng ENG,"FW,MF",Burnley,30,1994,2,0,14,0.2,0,1,1,0,0,0,0,0,0.00,6.43,6.43,0.00,6.43,Matches,Championship,2024-25,0,0,,0.00,0.00,,,,,,,,,,
587,Michael Reindorf,eng ENG,MF,Cardiff City,19,2005,2,0,52,0.6,0,0,0,0,0,0,0,0,0.00,0.00,0.00,0.00,0.00,Matches,Championship,2024-25,1,0,0.0,1.73,0.00,0.00,,,,,,,,,
588,Vicente Reyes,cl CHI,GK,Norwich City,20,2003,4,3,271,3.0,0,0,0,0,0,0,0,0,0.00,0.00,0.00,0.00,0.00,Matches,Championship,2024-25,0,0,,0.00,0.00,,,7,2.32,12,5,41.7,0,0.0,
589,Yuri Ribeiro,pt POR,DF,Blackburn,27,1997,15,15,1350,15.0,0,1,1,0,0,0,0,0,0.00,0.07,0.07,0.00,0.07,Matches,Championship,2024-25,8,0,0.0,0.53,0.00,0.00,,,,,,,,,
590,Chris Rigg,eng ENG,"MF,FW",Sunderland,17,2007,42,36,3055,33.9,4,1,5,4,0,0,8,0,0.12,0.03,0.15,0.12,0.15,Matches,Championship,2024-25,48,14,29.2,1.41,0.41,0.08,0.29,,,,,,,,
591,Emil Riis Jakobsen,dk DEN,FW,Preston,26,1998,45,29,2716,30.2,12,2,14,12,0,0,2,0,0.40,0.07,0.46,0.40,0.46,Matches,Championship,2024-25,72,31,43.1,2.39,1.03,0.17,0.39,,,,,,,,
592,Andy Rinomhota,zw ZIM,"MF,DF",Cardiff City,27,1997,30,24,2106,23.4,0,1,1,0,0,0,6,0,0.00,0.04,0.04,0.00,0.04,Matches,Championship,2024-25,6,1,16.7,0.26,0.04,0.00,0.00,,,,,,,,
593,Matt Ritchie,sct SCO,MF,Portsmouth,34,1989,39,28,2190,24.3,5,1,6,5,0,0,7,0,0.21,0.04,0.25,0.21,0.25,Matches,Championship,2024-25,41,17,41.5,1.68,0.70,0.12,0.29,,,,,,,,
594,Caleb Roberts,eng ENG,MF,Plymouth Argyle,18,2005,5,2,192,2.1,0,0,0,0,0,0,1,0,0.00,0.00,0.00,0.00,0.00,Matches,Championship,2024-25,3,0,0.0,1.41,0.00,0.00,,,,,,,,,
595,Connor Roberts,wls WAL,DF,Burnley,28,1995,41,40,3636,40.4,2,3,5,2,0,0,4,0,0.05,0.07,0.12,0.05,0.12,Matches,Championship,2024-25,27,6,22.2,0.67,0.15,0.07,0.33,,,,,,,,
596,Haydon Roberts,eng ENG,"MF,DF",Bristol City,22,2002,30,15,1635,18.2,1,1,2,1,0,0,5,0,0.06,0.06,0.11,0.06,0.11,Matches,Championship,2024-25,7,2,28.6,0.39,0.11,0.14,0.50,,,,,,,,
597,Liam Roberts,eng ENG,GK,Millwall,29,1994,2,1,91,1.0,0,0,0,0,0,0,0,0,0.00,0.00,0.00,0.00,0.00,Matches,Championship,2024-25,0,0,,0.00,0.00,,,0,0.00,3,3,100.0,2,200.0,
598,Patrick Roberts,eng ENG,"MF,FW",Sunderland,27,1997,45,38,3280,36.4,2,7,9,1,1,2,8,0,0.05,0.19,0.25,0.03,0.22,Matches,Championship,2024-25,79,18,22.8,2.17,0.49,0.01,0.06,,,,,,,,
599,Alex Robertson,au AUS,MF,Cardiff City,21,2003,35,29,2409,26.8,3,3,6,3,0,0,7,0,0.11,0.11,0.22,0.11,0.22,Matches,Championship,2024-25,18,7,38.9,0.67,0.26,0.17,0.43,,,,,,,,
600,Callum Robinson,ie IRL,FW,Cardiff City,29,1995,34,24,2023,22.5,12,1,13,12,0,0,1,1,0.53,0.04,0.58,0.53,0.58,Matches,Championship,2024-25,57,26,45.6,2.54,1.16,0.21,0.46,,,,,,,,
601,Jack Robinson,eng ENG,DF,Sheffield United,30,1993,34,31,2841,31.6,0,0,0,0,0,0,9,0,0.00,0.00,0.00,0.00,0.00,Matches,Championship,2024-25,13,2,15.4,0.41,0.06,0.00,0.00,,,,,,,,
602,Joe Rodon,wls WAL,DF,Leeds United,26,1997,46,46,4135,45.9,1,0,1,1,0,0,5,0,0.02,0.00,0.02,0.02,0.02,Matches,Championship,2024-25,21,2,9.5,0.46,0.04,0.05,0.50,,,,,,,,
603,Ruben Rodrigues,pt POR,MF,Oxford United,27,1996,39,28,2251,25.0,4,3,7,4,0,0,3,0,0.16,0.12,0.28,0.16,0.28,Matches,Championship,2024-25,36,10,27.8,1.44,0.40,0.11,0.40,,,,,,,,
604,Jay Rodriguez,eng ENG,FW,Burnley,35,1989,20,8,747,8.3,2,0,2,1,1,1,1,0,0.24,0.00,0.24,0.12,0.12,Matches,Championship,2024-25,13,3,23.1,1.57,0.36,0.08,0.33,,,,,,,,
605,Ole Romeny,id IDN,"FW,MF",Oxford United,24,2000,14,7,591,6.6,1,0,1,1,0,0,2,0,0.15,0.00,0.15,0.15,0.15,Matches,Championship,2024-25,5,3,60.0,0.76,0.46,0.20,0.33,,,,,,,,
606,Ronald,br BRA,MF,Swansea City,23,2001,46,43,3761,41.8,2,7,9,2,0,0,3,0,0.05,0.17,0.22,0.05,0.22,Matches,Championship,2024-25,51,16,31.4,1.22,0.38,0.04,0.13,,,,,,,,
607,Kemar Roofe,jm JAM,"FW,MF",Derby County,31,1993,3,0,12,0.1,0,0,0,0,0,0,0,0,0.00,0.00,0.00,0.00,0.00,Matches,Championship,2024-25,0,0,,0.00,0.00,,,,,,,,,,
608,Michael Rose,sct SCO,DF,Stoke City,28,1995,22,13,1296,14.4,0,0,0,0,0,0,3,0,0.00,0.00,0.00,0.00,0.00,Matches,Championship,2024-25,3,0,0.0,0.21,0.00,0.00,,,,,,,,,
609,Joe Rothwell,eng ENG,MF,Leeds United,29,1995,36,24,2249,25.0,0,4,4,0,0,0,2,0,0.00,0.16,0.16,0.00,0.16,Matches,Championship,2024-25,13,2,15.4,0.52,0.08,0.00,0.00,,,,,,,,
610,Pelly Ruddock Mpanzu,cd COD,MF,Luton Town,31,1993,10,1,228,2.5,0,1,1,0,0,0,1,0,0.00,0.39,0.39,0.00,0.39,Matches,Championship,2024-25,2,0,0.0,0.79,0.00,0.00,,,,,,,,,
611,Jack Rudoni,eng ENG,MF,Coventry City,24,2000,43,40,3502,38.9,9,12,21,9,0,0,3,0,0.23,0.31,0.54,0.23,0.54,Matches,Championship,2024-25,75,29,38.7,1.93,0.75,0.12,0.31,,,,,,,,
612,Carl Rushworth,eng ENG,GK,Hull City,23,2001,2,2,180,2.0,0,0,0,0,0,0,0,0,0.00,0.00,0.00,0.00,0.00,Matches,Championship,2024-25,0,0,,0.00,0.00,,,2,1.00,4,2,50.0,1,50.0,
613,Nazariy Rusyn,ua UKR,"FW,MF",Sunderland,25,1998,8,0,72,0.8,0,0,0,0,0,0,1,0,0.00,0.00,0.00,0.00,0.00,Matches,Championship,2024-25,0,0,,0.00,0.00,,,,,,,,,,
614,Georginio Rutter,fr FRA,MF,Leeds United,22,2002,1,1,90,1.0,0,1,1,0,0,0,0,0,0.00,1.00,1.00,0.00,1.00,Matches,Championship,2024-25,2,1,50.0,2.00,1.00,0.00,0.00,,,,,,,,
615,Sai Sachdev,eng ENG,DF,Sheffield United,19,2005,1,0,1,0.0,0,0,0,0,0,0,0,0,0.00,0.00,0.00,0.00,0.00,Matches,Championship,2024-25,0,0,,0.00,0.00,,,,,,,,,,
616,Borja Sainz,es ESP,"FW,MF",Norwich City,23,2001,41,41,3607,40.1,18,4,22,18,0,0,8,0,0.45,0.10,0.55,0.45,0.55,Matches,Championship,2024-25,119,51,42.9,2.97,1.27,0.15,0.35,,,,,,,,
617,Koki Saito,jp JPN,MF,QPR,22,2001,39,25,2295,25.5,3,2,5,3,0,0,0,1,0.12,0.08,0.20,0.12,0.20,Matches,Championship,2024-25,38,10,26.3,1.49,0.39,0.08,0.30,,,,,,,,
618,Tatsuhiro Sakamoto,jp JPN,"MF,FW",Coventry City,27,1996,42,30,2587,28.7,4,6,10,4,0,0,4,0,0.14,0.21,0.35,0.14,0.35,Matches,Championship,2024-25,34,9,26.5,1.18,0.31,0.12,0.44,,,,,,,,
619,Yousef Salech,dk DEN,FW,Cardiff City,22,2002,20,14,1276,14.2,8,1,9,7,1,1,2,0,0.56,0.07,0.63,0.49,0.56,Matches,Championship,2024-25,45,21,46.7,3.17,1.48,0.16,0.33,,,,,,,,
620,Lars-Jørgen Salvesen,no NOR,FW,Derby County,28,1996,8,6,488,5.4,1,0,1,1,0,0,0,0,0.18,0.00,0.18,0.18,0.18,Matches,Championship,2024-25,13,8,61.5,2.40,1.48,0.08,0.13,,,,,,,,
621,Shurandy Sambo,cw CUW,DF,Burnley,22,2001,1,0,19,0.2,0,0,0,0,0,0,0,0,0.00,0.00,0.00,0.00,0.00,Matches,Championship,2024-25,0,0,,0.00,0.00,,,,,,,,,,
622,Dion Sanderson,eng ENG,DF,Blackburn,24,1999,12,4,567,6.3,0,0,0,0,0,0,1,0,0.00,0.00,0.00,0.00,0.00,Matches,Championship,2024-25,0,0,,0.00,0.00,,,,,,,,,,
623,Hevertton Santos,br BRA,DF,QPR,23,2001,6,4,319,3.5,0,0,0,0,0,0,1,0,0.00,0.00,0.00,0.00,0.00,Matches,Championship,2024-25,2,1,50.0,0.56,0.28,0.00,0.00,,,,,,,,
624,Josh Sargent,us USA,FW,Norwich City,24,2000,32,28,2500,27.8,15,5,20,14,1,2,3,0,0.54,0.18,0.72,0.50,0.68,Matches,Championship,2024-25,64,29,45.3,2.30,1.04,0.22,0.48,,,,,,,,
625,Jeremy Sarmiento,ec ECU,MF,Burnley,22,2002,35,11,1166,13.0,4,0,4,4,0,0,4,0,0.31,0.00,0.31,0.31,0.31,Matches,Championship,2024-25,27,11,40.7,2.08,0.85,0.15,0.36,,,,,,,,
626,George Saville,nir NIR,MF,Millwall,31,1993,45,36,3300,36.7,1,3,4,1,0,0,8,0,0.03,0.08,0.11,0.03,0.11,Matches,Championship,2024-25,37,5,13.5,1.01,0.14,0.03,0.20,,,,,,,,
627,Christian Saydee,lr LBR,"MF,FW",Portsmouth,22,2002,29,10,1152,12.8,3,0,3,3,0,0,5,0,0.23,0.00,0.23,0.23,0.23,Matches,Championship,2024-25,20,8,40.0,1.56,0.62,0.15,0.38,,,,,,,,
628,Calum Scanlon,eng ENG,MF,Millwall,19,2005,4,3,167,1.9,1,0,1,1,0,0,0,0,0.54,0.00,0.54,0.54,0.54,Matches,Championship,2024-25,3,1,33.3,1.62,0.54,0.33,1.00,,,,,,,,
629,Dane Scarlett,eng ENG,FW,Oxford United,20,2004,20,7,792,8.8,4,0,4,4,0,0,1,0,0.45,0.00,0.45,0.45,0.45,Matches,Championship,2024-25,12,7,58.3,1.36,0.80,0.33,0.57,,,,,,,,
630,Nicolas Schmid,at AUT,GK,Portsmouth,27,1997,35,35,3090,34.3,0,2,2,0,0,0,1,0,0.00,0.06,0.06,0.00,0.06,Matches,Championship,2024-25,0,0,,0.00,0.00,,,48,1.40,152,103,68.4,8,22.9,0.0
631,Isaac Schmidt,ch SUI,"DF,MF",Leeds United,24,1999,12,0,78,0.9,0,0,0,0,0,0,0,0,0.00,0.00,0.00,0.00,0.00,Matches,Championship,2024-25,2,1,50.0,2.31,1.15,0.00,0.00,,,,,,,,
632,Oscar Schwartau,dk DEN,"MF,FW",Norwich City,18,2006,40,17,1564,17.4,1,0,1,1,0,0,3,0,0.06,0.00,0.06,0.06,0.06,Matches,Championship,2024-25,22,7,31.8,1.27,0.40,0.05,0.14,,,,,,,,
633,Jenson Seelt,nl NED,DF,Sunderland,21,2003,1,0,22,0.2,0,0,0,0,0,0,0,0,0.00,0.00,0.00,0.00,0.00,Matches,Championship,2024-25,0,0,,0.00,0.00,,,,,,,,,,
634,Tatsuki Seko,jp JPN,MF,Stoke City,26,1997,25,18,1597,17.7,0,0,0,0,0,0,1,0,0.00,0.00,0.00,0.00,0.00,Matches,Championship,2024-25,9,1,11.1,0.51,0.06,0.00,0.00,,,,,,,,
635,Tyrell Sellars-Fleming,eng ENG,MF,Hull City,19,2005,4,0,8,0.1,0,0,0,0,0,0,0,0,0.00,0.00,0.00,0.00,0.00,Matches,Championship,2024-25,1,0,0.0,11.25,0.00,0.00,,,,,,,,,
636,Egil Selvik,no NOR,GK,Watford,27,1997,16,16,1440,16.0,0,0,0,0,0,0,2,0,0.00,0.00,0.00,0.00,0.00,Matches,Championship,2024-25,0,0,,0.00,0.00,,,19,1.19,71,52,73.2,6,37.5,
637,Ken Sema,se SWE,MF,Watford,30,1993,14,4,521,5.8,0,1,1,0,0,0,0,0,0.00,0.17,0.17,0.00,0.17,Matches,Championship,2024-25,4,2,50.0,0.69,0.35,0.00,0.00,,,,,,,,
638,Femi Seriki,eng ENG,DF,Sheffield United,22,2002,25,8,1091,12.1,0,1,1,0,0,0,2,0,0.00,0.08,0.08,0.00,0.08,Matches,Championship,2024-25,8,3,37.5,0.66,0.25,0.00,0.00,,,,,,,,
639,Jamie Shackleton,eng ENG,"MF,DF",Sheffield United,24,1999,12,2,291,3.2,0,0,0,0,0,0,0,0,0.00,0.00,0.00,0.00,0.00,Matches,Championship,2024-25,4,2,50.0,1.24,0.62,0.00,0.00,,,,,,,,
640,Conor Shaughnessy,ie IRL,DF,Portsmouth,28,1996,9,7,512,5.7,1,0,1,1,0,0,2,0,0.18,0.00,0.18,0.18,0.18,Matches,Championship,2024-25,6,4,66.7,1.05,0.70,0.17,0.25,,,,,,,,
641,James Shea,eng ENG,GK,Luton Town,33,1991,2,1,147,1.6,0,0,0,0,0,0,0,0,0.00,0.00,0.00,0.00,0.00,Matches,Championship,2024-25,0,0,,0.00,0.00,,,1,0.61,5,4,80.0,1,100.0,
642,Ben Sheaf,eng ENG,MF,Coventry City,26,1998,29,23,2130,23.7,0,2,2,0,0,0,6,0,0.00,0.08,0.08,0.00,0.08,Matches,Championship,2024-25,32,6,18.8,1.35,0.25,0.00,0.00,,,,,,,,
643,Jonjo Shelvey,eng ENG,MF,Burnley,32,1992,2,0,12,0.1,0,0,0,0,0,0,0,0,0.00,0.00,0.00,0.00,0.00,Matches,Championship,2024-25,0,0,,0.00,0.00,,,,,,,,,,
644,Louie Sibley,eng ENG,MF,Oxford United,22,2001,11,1,170,1.9,1,0,1,1,0,0,3,0,0.53,0.00,0.53,0.53,0.53,Matches,Championship,2024-25,5,2,40.0,2.65,1.06,0.20,0.50,,,,,,,,
645,Sol Sidibé,eng ENG,MF,Stoke City,17,2007,8,3,306,3.4,0,1,1,0,0,0,0,0,0.00,0.29,0.29,0.00,0.29,Matches,Championship,2024-25,0,0,,0.00,0.00,,,,,,,,,,
646,Francisco Sierralta,cl CHI,DF,Watford,27,1997,33,21,1897,21.1,0,0,0,0,0,0,9,0,0.00,0.00,0.00,0.00,0.00,Matches,Championship,2024-25,9,3,33.3,0.43,0.14,0.00,0.00,,,,,,,,
647,Arnór Sigurðsson,is ISL,"FW,MF",Blackburn,25,1999,5,0,62,0.7,1,0,1,1,0,0,0,0,1.45,0.00,1.45,1.45,1.45,Matches,Championship,2024-25,2,1,50.0,2.90,1.45,0.50,1.00,,,,,,,,
648,Sam Silvera,au AUS,MF,Portsmouth,23,2000,11,5,446,5.0,0,0,0,0,0,0,0,0,0.00,0.00,0.00,0.00,0.00,Matches,Championship,2024-25,7,4,57.1,1.41,0.81,0.00,0.00,,,,,,,,
649,Ellis Simms,eng ENG,FW,Coventry City,23,2001,43,26,2286,25.4,6,2,8,6,0,1,1,0,0.24,0.08,0.31,0.24,0.31,Matches,Championship,2024-25,62,28,45.2,2.44,1.10,0.10,0.21,,,,,,,,
650,Xavier Simons,eng ENG,MF,Hull City,21,2003,20,13,1208,13.4,2,0,2,2,0,0,3,0,0.15,0.00,0.15,0.15,0.15,Matches,Championship,2024-25,16,4,25.0,1.19,0.30,0.13,0.50,,,,,,,,
651,Nathan Simpson,eng ENG,MF,Middlesbrough,20,2004,1,0,1,0.0,0,0,0,0,0,0,0,0,0.00,0.00,0.00,0.00,0.00,Matches,Championship,2024-25,0,0,,0.00,0.00,,,,,,,,,,
652,Emmanouil Siopis,gr GRE,MF,Cardiff City,30,1994,21,16,1444,16.0,0,0,0,0,0,0,4,0,0.00,0.00,0.00,0.00,0.00,Matches,Championship,2024-25,10,2,20.0,0.62,0.12,0.00,0.00,,,,,,,,
653,Moussa Sissoko,fr FRA,MF,Watford,34,1989,40,33,2888,32.1,6,1,7,6,0,0,6,1,0.19,0.03,0.22,0.19,0.22,Matches,Championship,2024-25,22,11,50.0,0.69,0.34,0.27,0.55,,,,,,,,
654,Regan Slater,eng ENG,MF,Hull City,24,1999,44,36,2966,33.0,1,1,2,1,0,0,6,0,0.03,0.03,0.06,0.03,0.06,Matches,Championship,2024-25,40,8,20.0,1.21,0.24,0.03,0.13,,,,,,,,
655,Michael Smith,eng ENG,FW,Sheffield Weds,32,1991,41,16,1844,20.5,8,4,12,7,1,1,3,0,0.39,0.20,0.59,0.34,0.54,Matches,Championship,2024-25,60,26,43.3,2.93,1.27,0.12,0.27,,,,,,,,
656,Paul Smyth,nir NIR,"MF,FW",QPR,26,1997,43,30,2770,30.8,1,4,5,1,0,0,6,0,0.03,0.13,0.16,0.03,0.16,Matches,Championship,2024-25,44,14,31.8,1.43,0.45,0.02,0.07,,,,,,,,
657,Manor Solomon,il ISR,MF,Leeds United,25,1999,39,30,2589,28.8,10,12,22,10,0,0,3,0,0.35,0.42,0.76,0.35,0.76,Matches,Championship,2024-25,60,25,41.7,2.09,0.87,0.17,0.40,,,,,,,,
658,Oliver Sonne,pe PER,DF,Burnley,23,2000,2,0,25,0.3,0,0,0,0,0,0,0,0,0.00,0.00,0.00,0.00,0.00,Matches,Championship,2024-25,0,0,,0.00,0.00,,,,,,,,,,
659,Matthew Sorinola,eng ENG,"MF,DF",Plymouth Argyle,23,2001,25,19,1674,18.6,0,1,1,0,0,0,9,1,0.00,0.05,0.05,0.00,0.05,Matches,Championship,2024-25,2,1,50.0,0.11,0.05,0.00,0.00,,,,,,,,
660,Harry Souttar,au AUS,DF,Sheffield United,25,1998,21,20,1768,19.6,0,0,0,0,0,0,5,1,0.00,0.00,0.00,0.00,0.00,Matches,Championship,2024-25,9,2,22.2,0.46,0.10,0.00,0.00,,,,,,,,
661,Vinicius Souza,br BRA,MF,Sheffield United,25,1999,35,32,2787,31.0,0,1,1,0,0,0,8,0,0.00,0.03,0.03,0.00,0.03,Matches,Championship,2024-25,15,6,40.0,0.48,0.19,0.00,0.00,,,,,,,,
662,Jack Stacey,eng ENG,"DF,MF",Norwich City,28,1996,41,20,2143,23.8,2,6,8,2,0,0,5,0,0.08,0.25,0.34,0.08,0.34,Matches,Championship,2024-25,12,4,33.3,0.50,0.17,0.17,0.50,,,,,,,,
663,Enda Stevens,ie IRL,DF,Stoke City,34,1990,18,13,1194,13.3,0,2,2,0,0,0,3,0,0.00,0.15,0.15,0.00,0.15,Matches,Championship,2024-25,7,2,28.6,0.53,0.15,0.00,0.00,,,,,,,,
664,Ben Stevenson,eng ENG,MF,Portsmouth,27,1997,1,0,7,0.1,0,0,0,0,0,0,0,0,0.00,0.00,0.00,0.00,0.00,Matches,Championship,2024-25,0,0,,0.00,0.00,,,,,,,,,,
665,Jordan Storey,eng ENG,DF,Preston,26,1997,35,35,3062,34.0,1,1,2,1,0,0,6,0,0.03,0.03,0.06,0.03,0.06,Matches,Championship,2024-25,19,2,10.5,0.56,0.06,0.05,0.50,,,,,,,,
666,Pascal Struijk,nl NED,DF,Leeds United,24,1999,35,31,2824,31.4,5,0,5,3,2,3,3,0,0.16,0.00,0.16,0.10,0.10,Matches,Championship,2024-25,28,11,39.3,0.89,0.35,0.11,0.27,,,,,,,,
667,Zak Sturge,eng ENG,DF,Millwall,20,2004,5,3,303,3.4,0,0,0,0,0,0,0,0,0.00,0.00,0.00,0.00,0.00,Matches,Championship,2024-25,1,0,0.0,0.30,0.00,0.00,,,,,,,,,
668,Callum Styles,hu HUN,"DF,MF",West Brom,24,2000,34,29,2613,29.0,3,1,4,3,0,0,11,1,0.10,0.03,0.14,0.10,0.14,Matches,Championship,2024-25,24,7,29.2,0.83,0.24,0.13,0.43,,,,,,,,
669,Emmerson Sutton,eng ENG,FW,QPR,17,2006,2,0,56,0.6,0,0,0,0,0,0,0,0,0.00,0.00,0.00,0.00,0.00,Matches,Championship,2024-25,1,0,0.0,1.61,0.00,0.00,,,,,,,,,
670,Zak Swanson,eng ENG,DF,Portsmouth,23,2000,30,23,1972,21.9,1,1,2,1,0,0,5,0,0.05,0.05,0.09,0.05,0.09,Matches,Championship,2024-25,9,2,22.2,0.41,0.09,0.11,0.50,,,,,,,,
671,John Swift,eng ENG,MF,West Brom,29,1995,36,19,1741,19.3,3,1,4,3,0,0,4,0,0.16,0.05,0.21,0.16,0.21,Matches,Championship,2024-25,34,7,20.6,1.76,0.36,0.09,0.43,,,,,,,,
672,Mark Sykes,ie IRL,MF,Bristol City,26,1997,27,21,1707,19.0,3,4,7,3,0,0,5,0,0.16,0.21,0.37,0.16,0.37,Matches,Championship,2024-25,22,10,45.5,1.16,0.53,0.14,0.30,,,,,,,,
673,Sammie Szmodics,ie IRL,"FW,MF",Blackburn,28,1995,1,0,26,0.3,1,1,2,1,0,0,0,0,3.46,3.46,6.92,3.46,6.92,Matches,Championship,2024-25,1,1,100.0,3.46,3.46,1.00,1.00,,,,,,,,
674,Kornél Szűcs,hu HUN,DF,Plymouth Argyle,22,2001,36,31,2839,31.5,0,1,1,0,0,0,6,0,0.00,0.03,0.03,0.00,0.03,Matches,Championship,2024-25,11,2,18.2,0.35,0.06,0.00,0.00,,,,,,,,
675,Elias Sørensen,dk DEN,"MF,FW",Portsmouth,24,1999,12,4,322,3.6,1,0,1,1,0,1,0,0,0.28,0.00,0.28,0.28,0.28,Matches,Championship,2024-25,6,3,50.0,1.68,0.84,0.17,0.33,,,,,,,,
676,Jakob Sørensen,dk DEN,MF,Norwich City,26,1998,27,14,1327,14.7,0,0,0,0,0,0,2,0,0.00,0.00,0.00,0.00,0.00,Matches,Championship,2024-25,7,2,28.6,0.47,0.14,0.00,0.00,,,,,,,,
677,Maksym Talovierov,ua UKR,DF,Plymouth Argyle,24,2000,11,10,934,10.4,1,1,2,1,0,0,3,0,0.10,0.10,0.19,0.10,0.19,Matches,Championship,2024-25,3,1,33.3,0.29,0.10,0.33,1.00,,,,,,,,
678,Ao Tanaka,jp JPN,MF,Leeds United,25,1998,43,37,3314,36.8,5,2,7,5,0,0,8,0,0.14,0.05,0.19,0.14,0.19,Matches,Championship,2024-25,43,11,25.6,1.17,0.30,0.12,0.45,,,,,,,,
679,Japhet Tanganga,eng ENG,DF,Millwall,25,1999,40,40,3552,39.5,2,0,2,2,0,0,6,0,0.05,0.00,0.05,0.05,0.05,Matches,Championship,2024-25,43,9,20.9,1.09,0.23,0.05,0.22,,,,,,,,
680,George Tanner,eng ENG,"DF,MF",Bristol City,24,1999,32,23,2002,22.2,2,0,2,2,0,0,2,0,0.09,0.00,0.09,0.09,0.09,Matches,Championship,2024-25,11,4,36.4,0.49,0.18,0.18,0.50,,,,,,,,
681,Ollie Tanner,eng ENG,MF,Cardiff City,22,2002,29,15,1387,15.4,2,2,4,2,0,0,1,0,0.13,0.13,0.26,0.13,0.26,Matches,Championship,2024-25,36,12,33.3,2.34,0.78,0.06,0.17,,,,,,,,
682,Fabio Tavares,eng ENG,FW,Coventry City,23,2001,1,0,1,0.0,0,0,0,0,0,0,0,0,0.00,0.00,0.00,0.00,0.00,Matches,Championship,2024-25,0,0,,0.00,0.00,,,,,,,,,,
683,Joe Taylor,wls WAL,FW,Luton Town,21,2002,13,0,157,1.7,0,0,0,0,0,0,0,0,0.00,0.00,0.00,0.00,0.00,Matches,Championship,2024-25,5,1,20.0,2.87,0.57,0.00,0.00,,,,,,,,
684,Junior Tchamadeu,cm CMR,DF,Stoke City,20,2003,41,35,3136,34.8,1,2,3,1,0,0,10,0,0.03,0.06,0.09,0.03,0.09,Matches,Championship,2024-25,17,3,17.6,0.49,0.09,0.06,0.33,,,,,,,,
685,Hidde ter Avest,nl NED,"DF,MF",Oxford United,27,1997,21,10,997,11.1,1,0,1,1,0,0,1,0,0.09,0.00,0.09,0.09,0.09,Matches,Championship,2024-25,5,4,80.0,0.45,0.36,0.20,0.25,,,,,,,,
686,Emre Tezgel,eng ENG,FW,Stoke City,18,2005,12,2,298,3.3,0,0,0,0,0,0,1,0,0.00,0.00,0.00,0.00,0.00,Matches,Championship,2024-25,7,3,42.9,2.11,0.91,0.00,0.00,,,,,,,,
687,Bobby Thomas,eng ENG,DF,Coventry City,23,2001,38,37,3334,37.0,5,0,5,5,0,0,4,0,0.13,0.00,0.13,0.13,0.13,Matches,Championship,2024-25,44,11,25.0,1.19,0.30,0.11,0.45,,,,,,,,
688,Joshua Thomas,wls WAL,FW,Swansea City,21,2002,1,0,1,0.0,0,0,0,0,0,0,1,0,0.00,0.00,0.00,0.00,0.00,Matches,Championship,2024-25,0,0,,0.00,0.00,,,,,,,,,,
689,Brandon Thomas-Asante,gh GHA,FW,Coventry City,25,1998,36,14,1449,16.1,4,3,7,4,0,0,3,0,0.25,0.19,0.43,0.25,0.43,Matches,Championship,2024-25,45,10,22.2,2.80,0.62,0.09,0.40,,,,,,,,
690,Jordan Thompson,nir NIR,MF,Stoke City,27,1997,23,13,1353,15.0,0,1,1,0,0,0,7,0,0.00,0.07,0.07,0.00,0.07,Matches,Championship,2024-25,7,0,0.0,0.47,0.00,0.00,,,,,,,,,
691,Liam Thompson,eng ENG,MF,Derby County,22,2002,28,18,1610,17.9,0,0,0,0,0,0,6,0,0.00,0.00,0.00,0.00,0.00,Matches,Championship,2024-25,9,1,11.1,0.50,0.06,0.00,0.00,,,,,,,,
692,Jordan Thorniley,eng ENG,DF,Oxford United,27,1996,2,0,81,0.9,0,0,0,0,0,0,0,0,0.00,0.00,0.00,0.00,0.00,Matches,Championship,2024-25,1,0,0.0,1.11,0.00,0.00,,,,,,,,,
693,Muhamed Tijani,ng NGA,FW,Plymouth Argyle,24,2000,13,4,448,5.0,2,1,3,2,0,0,2,0,0.40,0.20,0.60,0.40,0.60,Matches,Championship,2024-25,6,4,66.7,1.21,0.80,0.33,0.50,,,,,,,,
694,Nathan Tjoe-A-On,id IDN,DF,Swansea City,22,2001,1,0,3,0.0,0,0,0,0,0,0,0,0,0.00,0.00,0.00,0.00,0.00,Matches,Championship,2024-25,0,0,,0.00,0.00,,,,,,,,,,
695,Victor Torp,dk DEN,MF,Coventry City,25,1999,36,25,2107,23.4,6,4,10,5,1,2,2,0,0.26,0.17,0.43,0.21,0.38,Matches,Championship,2024-25,51,19,37.3,2.18,0.81,0.10,0.26,,,,,,,,
696,Balázs Tóth,hu HUN,GK,Blackburn,26,1997,6,6,540,6.0,0,0,0,0,0,0,1,0,0.00,0.00,0.00,0.00,0.00,Matches,Championship,2024-25,0,0,,0.00,0.00,,,5,0.83,22,16,77.3,2,33.3,
697,Ryley Towler,eng ENG,DF,Portsmouth,23,2001,12,10,936,10.4,1,0,1,1,0,0,3,0,0.10,0.00,0.10,0.10,0.10,Matches,Championship,2024-25,2,1,50.0,0.19,0.10,0.50,1.00,,,,,,,,
698,Andros Townsend,eng ENG,"FW,MF",Luton Town,33,1991,1,0,11,0.1,0,0,0,0,0,0,0,0,0.00,0.00,0.00,0.00,0.00,Matches,Championship,2024-25,0,0,,0.00,0.00,,,,,,,,,,
699,James Trafford,eng ENG,GK,Burnley,21,2002,45,45,4050,45.0,0,0,0,0,0,0,7,0,0.00,0.00,0.00,0.00,0.00,Matches,Championship,2024-25,0,0,,0.00,0.00,,,16,0.36,100,85,84.0,29,64.4,100.0
700,Mark Travers,ie IRL,GK,Middlesbrough,25,1999,17,17,1530,17.0,0,0,0,0,0,0,1,0,0.00,0.00,0.00,0.00,0.00,Matches,Championship,2024-25,0,0,,0.00,0.00,,,20,1.18,84,64,76.2,4,23.5,
701,Lewis Travis,eng ENG,MF,Blackburn,26,1997,38,37,3216,35.7,2,1,3,2,0,0,11,0,0.06,0.03,0.08,0.06,0.08,Matches,Championship,2024-25,15,4,26.7,0.42,0.11,0.13,0.50,,,,,,,,
702,Nectarios Triantis,gr GRE,"DF,MF",Sunderland,21,2003,1,0,1,0.0,0,0,0,0,0,0,0,0,0.00,0.00,0.00,0.00,0.00,Matches,Championship,2024-25,0,0,,0.00,0.00,,,,,,,,,,
703,Sondre Tronstad,no NOR,MF,Blackburn,28,1995,38,36,3130,34.8,2,0,2,2,0,0,5,0,0.06,0.00,0.06,0.06,0.06,Matches,Championship,2024-25,21,5,23.8,0.60,0.14,0.10,0.40,,,,,,,,
704,Auston Trusty,us USA,DF,Sheffield United,25,1998,1,1,90,1.0,0,0,0,0,0,0,0,0,0.00,0.00,0.00,0.00,0.00,Matches,Championship,2024-25,0,0,,0.00,0.00,,,,,,,,,,
705,David Turnbull,sct SCO,MF,Cardiff City,25,1999,19,10,826,9.2,1,0,1,1,0,1,2,0,0.11,0.00,0.11,0.11,0.11,Matches,Championship,2024-25,20,11,55.0,2.18,1.20,0.05,0.09,,,,,,,,
706,Scott Twine,eng ENG,"MF,FW",Bristol City,25,1999,35,26,2119,23.5,5,3,8,5,0,0,6,0,0.21,0.13,0.34,0.21,0.34,Matches,Championship,2024-25,82,24,29.3,3.48,1.02,0.06,0.21,,,,,,,,
707,Igor Tyjon,eng ENG,FW,Blackburn,16,2008,2,0,7,0.1,0,0,0,0,0,0,0,0,0.00,0.00,0.00,0.00,0.00,Matches,Championship,2024-25,0,0,,0.00,0.00,,,,,,,,,,
708,Josh Tymon,eng ENG,DF,Swansea City,25,1999,45,44,3940,43.8,2,7,9,2,0,1,7,0,0.05,0.16,0.21,0.05,0.21,Matches,Championship,2024-25,24,10,41.7,0.55,0.23,0.08,0.20,,,,,,,,
709,Ike Ugbo,ca CAN,FW,Sheffield Weds,25,1998,34,15,1278,14.2,0,0,0,0,0,1,1,0,0.00,0.00,0.00,0.00,0.00,Matches,Championship,2024-25,22,5,22.7,1.55,0.35,0.00,0.00,,,,,,,,
710,Pol Valentín,es ESP,"MF,DF",Sheffield Weds,27,1997,34,13,1527,17.0,1,0,1,1,0,0,4,0,0.06,0.00,0.06,0.06,0.06,Matches,Championship,2024-25,9,2,22.2,0.53,0.12,0.11,0.50,,,,,,,,
711,Yan Valery,tn TUN,"DF,MF",Sheffield Weds,25,1999,39,38,3154,35.0,3,4,7,3,0,0,7,0,0.09,0.11,0.20,0.09,0.20,Matches,Championship,2024-25,20,5,25.0,0.57,0.14,0.15,0.60,,,,,,,,
712,Jonathan Varane,mq MTQ,MF,QPR,22,2001,39,29,2598,28.9,0,2,2,0,0,0,8,1,0.00,0.07,0.07,0.00,0.07,Matches,Championship,2024-25,20,4,20.0,0.69,0.14,0.00,0.00,,,,,,,,
713,Rocco Vata,ie IRL,"MF,FW",Watford,19,2005,33,15,1536,17.1,3,4,7,3,0,0,0,0,0.18,0.23,0.41,0.18,0.41,Matches,Championship,2024-25,43,12,27.9,2.52,0.70,0.07,0.25,,,,,,,,
714,Harry Vaughan,ie IRL,MF,Hull City,20,2004,3,1,103,1.1,0,0,0,0,0,0,1,0,0.00,0.00,0.00,0.00,0.00,Matches,Championship,2024-25,3,1,33.3,2.62,0.87,0.00,0.00,,,,,,,,
715,Will Vaulks,wls WAL,MF,Oxford United,30,1993,44,38,3339,37.1,1,2,3,1,0,0,4,0,0.03,0.05,0.08,0.03,0.08,Matches,Championship,2024-25,24,7,29.2,0.65,0.19,0.04,0.14,,,,,,,,
716,Josh Vickers,eng ENG,GK,Derby County,28,1995,6,6,540,6.0,0,0,0,0,0,0,0,0,0.00,0.00,0.00,0.00,0.00,Matches,Championship,2024-25,0,0,,0.00,0.00,,,6,1.00,17,11,64.7,3,50.0,
717,André Vidigal,ao ANG,"FW,MF",Stoke City,25,1998,10,0,104,1.2,0,0,0,0,0,0,0,0,0.00,0.00,0.00,0.00,0.00,Matches,Championship,2024-25,7,1,14.3,6.06,0.87,0.00,0.00,,,,,,,,
718,Lawrence Vigouroux,cl CHI,GK,Swansea City,30,1993,46,46,4140,46.0,0,0,0,0,0,0,0,0,0.00,0.00,0.00,0.00,0.00,Matches,Championship,2024-25,0,0,,0.00,0.00,,,56,1.22,166,113,66.3,14,30.4,0.0
719,Žan Vipotnik,si SVN,FW,Swansea City,22,2002,42,24,2087,23.2,7,0,7,6,1,1,1,0,0.30,0.00,0.30,0.26,0.26,Matches,Championship,2024-25,56,21,37.5,2.41,0.91,0.11,0.29,,,,,,,,
720,Vitinho,br BRA,MF,Burnley,25,1999,3,3,235,2.6,1,1,2,1,0,0,0,0,0.38,0.38,0.77,0.38,0.77,Matches,Championship,2024-25,4,1,25.0,1.53,0.38,0.25,1.00,,,,,,,,
721,Zak Vyner,ke KEN,DF,Bristol City,27,1997,46,46,4140,46.0,1,0,1,1,0,0,3,0,0.02,0.00,0.02,0.02,0.02,Matches,Championship,2024-25,15,1,6.7,0.33,0.02,0.07,1.00,,,,,,,,
722,Thomas Waddingham,au AUS,FW,Portsmouth,19,2005,5,1,103,1.1,1,0,1,1,0,0,1,0,0.87,0.00,0.87,0.87,0.87,Matches,Championship,2024-25,4,2,50.0,3.50,1.75,0.25,0.50,,,,,,,,
723,Ben Waine,nz NZL,FW,Plymouth Argyle,23,2001,1,0,9,0.1,0,0,0,0,0,0,0,0,0.00,0.00,0.00,0.00,0.00,Matches,Championship,2024-25,0,0,,0.00,0.00,,,,,,,,,,
724,Jed Wallace,eng ENG,"MF,FW",West Brom,30,1994,29,6,809,9.0,1,1,2,1,0,0,2,0,0.11,0.11,0.22,0.11,0.22,Matches,Championship,2024-25,14,4,28.6,1.56,0.44,0.07,0.25,,,,,,,,
725,Murray Wallace,sct SCO,DF,Millwall,31,1993,11,8,733,8.1,0,0,0,0,0,0,0,0,0.00,0.00,0.00,0.00,0.00,Matches,Championship,2024-25,5,1,20.0,0.61,0.12,0.00,0.00,,,,,,,,
726,Joe Walsh,eng ENG,GK,QPR,22,2002,1,1,90,1.0,0,0,0,0,0,0,0,0,0.00,0.00,0.00,0.00,0.00,Matches,Championship,2024-25,0,0,,0.00,0.00,,,0,0.00,4,4,100.0,1,100.0,
727,Liam Walsh,eng ENG,MF,Luton Town,26,1997,26,18,1411,15.7,0,1,1,0,0,0,3,3,0.00,0.06,0.06,0.00,0.06,Matches,Championship,2024-25,23,6,26.1,1.47,0.38,0.00,0.00,,,,,,,,
728,Reuell Walters,eng ENG,"DF,MF",Luton Town,19,2004,14,11,979,10.9,0,0,0,0,0,0,2,0,0.00,0.00,0.00,0.00,0.00,Matches,Championship,2024-25,2,0,0.0,0.18,0.00,0.00,,,,,,,,,
729,Joe Ward,eng ENG,DF,Derby County,28,1995,7,2,150,1.7,0,0,0,0,0,0,1,0,0.00,0.00,0.00,0.00,0.00,Matches,Championship,2024-25,1,1,100.0,0.60,0.60,0.00,0.00,,,,,,,,
730,Duncan Watmore,eng ENG,MF,Millwall,30,1994,26,19,1578,17.5,5,1,6,5,0,0,0,0,0.29,0.06,0.34,0.29,0.34,Matches,Championship,2024-25,26,12,46.2,1.48,0.68,0.19,0.42,,,,,,,,
731,Tom Watson,eng ENG,MF,Sunderland,18,2006,20,11,891,9.9,2,0,2,2,0,0,2,0,0.20,0.00,0.20,0.20,0.20,Matches,Championship,2024-25,26,5,19.2,2.63,0.51,0.08,0.40,,,,,,,,
732,Wout Weghorst,nl NED,FW,Burnley,31,1992,2,0,25,0.3,0,0,0,0,0,0,0,0,0.00,0.00,0.00,0.00,0.00,Matches,Championship,2024-25,0,0,,0.00,0.00,,,,,,,,,,
733,Andreas Weimann,at AUT,MF,Blackburn,32,1991,30,15,1411,15.7,7,2,9,7,0,0,2,0,0.45,0.13,0.57,0.45,0.57,Matches,Championship,2024-25,32,20,62.5,2.04,1.28,0.22,0.35,,,,,,,,
734,Nahki Wells,bm BER,FW,Bristol City,34,1990,39,26,2052,22.8,10,4,14,9,1,1,3,0,0.44,0.18,0.61,0.39,0.57,Matches,Championship,2024-25,56,26,46.4,2.46,1.14,0.16,0.35,,,,,,,,
735,Jack Whatmough,eng ENG,DF,Preston,27,1996,16,12,1118,12.4,0,1,1,0,0,0,4,0,0.00,0.08,0.08,0.00,0.08,Matches,Championship,2024-25,5,0,0.0,0.40,0.00,0.00,,,,,,,,,
736,Lennon Wheeldon,eng ENG,FW,Derby County,17,2006,1,0,2,0.0,0,0,0,0,0,0,0,0,0.00,0.00,0.00,0.00,0.00,Matches,Championship,2024-25,0,0,,0.00,0.00,,,,,,,,,,
737,Ben Whiteman,eng ENG,MF,Preston,28,1996,35,27,2495,27.7,0,2,2,0,0,0,12,0,0.00,0.07,0.07,0.00,0.07,Matches,Championship,2024-25,25,5,20.0,0.90,0.18,0.00,0.00,,,,,,,,
738,Morgan Whittaker,eng ENG,MF,Plymouth Argyle,23,2001,20,20,1747,19.4,3,1,4,3,0,0,3,0,0.15,0.05,0.21,0.15,0.21,Matches,Championship,2024-25,53,16,30.2,2.73,0.82,0.06,0.19,,,,,,,,
739,Morgan Whittaker,eng ENG,MF,Middlesbrough,23,2001,16,11,990,11.0,0,1,1,0,0,0,0,0,0.00,0.09,0.09,0.00,0.09,Matches,Championship,2024-25,32,9,28.1,2.91,0.82,0.00,0.00,,,,,,,,
740,Harry Whitwell,eng ENG,MF,West Brom,18,2005,1,0,13,0.1,0,0,0,0,0,0,0,0,0.00,0.00,0.00,0.00,0.00,Matches,Championship,2024-25,0,0,,0.00,0.00,,,,,,,,,,
741,Jacob Widell Zetterström,se SWE,GK,Derby County,26,1998,40,40,3600,40.0,0,0,0,0,0,0,2,0,0.00,0.00,0.00,0.00,0.00,Matches,Championship,2024-25,0,0,,0.00,0.00,,,50,1.25,147,98,66.0,9,22.5,66.7
742,Joe Wildsmith,eng ENG,GK,West Brom,28,1995,10,10,900,10.0,0,0,0,0,0,0,1,0,0.00,0.00,0.00,0.00,0.00,Matches,Championship,2024-25,0,0,,0.00,0.00,,,9,0.90,28,19,67.9,2,20.0,
743,Caleb Wiley,us USA,"DF,MF",Watford,19,2004,10,8,722,8.0,0,1,1,0,0,0,0,0,0.00,0.12,0.12,0.00,0.12,Matches,Championship,2024-25,3,0,0.0,0.37,0.00,0.00,,,,,,,,,
744,Joe Williams,eng ENG,MF,Bristol City,27,1996,24,18,1417,15.7,0,4,4,0,0,0,6,1,0.00,0.25,0.25,0.00,0.25,Matches,Championship,2024-25,11,0,0.0,0.70,0.00,0.00,,,,,,,,,
745,Jordan Williams,eng ENG,DF,Portsmouth,24,1999,20,15,1265,14.1,0,0,0,0,0,0,6,0,0.00,0.00,0.00,0.00,0.00,Matches,Championship,2024-25,1,0,0.0,0.07,0.00,0.00,,,,,,,,,
746,Chris Willock,eng ENG,"MF,FW",Cardiff City,26,1998,32,17,1548,17.2,2,2,4,2,0,0,0,0,0.12,0.12,0.23,0.12,0.23,Matches,Championship,2024-25,28,7,25.0,1.63,0.41,0.07,0.29,,,,,,,,
747,Ben Wilmot,eng ENG,DF,Stoke City,24,1999,39,36,3242,36.0,3,0,3,3,0,0,9,0,0.08,0.00,0.08,0.08,0.08,Matches,Championship,2024-25,22,7,31.8,0.61,0.19,0.14,0.43,,,,,,,,
748,Ben Wilson,eng ENG,GK,Coventry City,31,1992,4,4,360,4.0,0,0,0,0,0,0,1,0,0.00,0.00,0.00,0.00,0.00,Matches,Championship,2024-25,0,0,,0.00,0.00,,,5,1.25,22,17,77.3,2,50.0,
749,Kane Wilson,eng ENG,"DF,MF",Derby County,24,2000,33,26,2430,27.0,2,1,3,2,0,0,0,0,0.07,0.04,0.11,0.07,0.11,Matches,Championship,2024-25,24,9,37.5,0.89,0.33,0.08,0.22,,,,,,,,
750,Josh Wilson-Esbrand,eng ENG,"DF,MF",Stoke City,21,2002,6,4,269,3.0,0,1,1,0,0,0,0,0,0.00,0.33,0.33,0.00,0.33,Matches,Championship,2024-25,3,1,33.3,1.00,0.33,0.00,0.00,,,,,,,,
751,Josh Windass,eng ENG,"MF,FW",Sheffield Weds,30,1994,44,38,3222,35.8,13,5,18,12,1,2,8,0,0.36,0.14,0.50,0.34,0.47,Matches,Championship,2024-25,109,39,35.8,3.04,1.09,0.11,0.31,,,,,,,,
752,Ryan Wintle,eng ENG,MF,Millwall,27,1997,22,3,513,5.7,1,0,1,1,0,0,3,0,0.18,0.00,0.18,0.18,0.18,Matches,Championship,2024-25,8,2,25.0,1.40,0.35,0.13,0.50,,,,,,,,
753,Maximilian Wöber,at AUT,DF,Leeds United,26,1998,8,2,335,3.7,1,0,1,1,0,0,1,0,0.27,0.00,0.27,0.27,0.27,Matches,Championship,2024-25,11,2,18.2,2.96,0.54,0.09,0.50,,,,,,,,
754,Freddie Woodman,eng ENG,GK,Preston,27,1997,37,37,3329,37.0,0,0,0,0,0,0,6,1,0.00,0.00,0.00,0.00,0.00,Matches,Championship,2024-25,0,0,,0.00,0.00,,,43,1.16,130,87,66.9,13,35.1,25.0
755,Cauley Woodrow,eng ENG,MF,Blackburn,29,1994,9,2,222,2.5,0,1,1,0,0,0,0,0,0.00,0.41,0.41,0.00,0.41,Matches,Championship,2024-25,3,1,33.3,1.22,0.41,0.00,0.00,,,,,,,,
756,Cauley Woodrow,eng ENG,FW,Luton Town,29,1994,15,1,270,3.0,0,0,0,0,0,0,1,0,0.00,0.00,0.00,0.00,0.00,Matches,Championship,2024-25,7,4,57.1,2.33,1.33,0.00,0.00,,,,,,,,
757,Joe Worrall,eng ENG,DF,Burnley,27,1997,9,3,285,3.2,0,1,1,0,0,0,1,0,0.00,0.32,0.32,0.00,0.32,Matches,Championship,2024-25,2,0,0.0,0.63,0.00,0.00,,,,,,,,,
758,Callum Wright,eng ENG,MF,Plymouth Argyle,24,2000,35,14,1462,16.2,1,0,1,1,0,0,0,1,0.06,0.00,0.06,0.06,0.06,Matches,Championship,2024-25,22,3,13.6,1.35,0.18,0.05,0.33,,,,,,,,
759,Haji Wright,us USA,"MF,FW",Coventry City,26,1998,27,21,1947,21.6,12,1,13,11,1,1,1,0,0.55,0.05,0.60,0.51,0.55,Matches,Championship,2024-25,63,27,42.9,2.91,1.25,0.17,0.41,,,,,,,,
760,Jacob Wright,eng ENG,MF,Norwich City,18,2005,15,10,888,9.9,0,4,4,0,0,0,2,0,0.00,0.41,0.41,0.00,0.41,Matches,Championship,2024-25,7,1,14.3,0.71,0.10,0.00,0.00,,,,,,,,
761,Jerry Yates,eng ENG,FW,Derby County,27,1996,42,40,3419,38.0,10,4,14,9,1,1,1,0,0.26,0.11,0.37,0.24,0.34,Matches,Championship,2024-25,58,24,41.4,1.53,0.63,0.16,0.38,,,,,,,,
762,Kusini Yengi,au AUS,FW,Portsmouth,25,1999,14,4,538,6.0,0,0,0,0,0,0,2,0,0.00,0.00,0.00,0.00,0.00,Matches,Championship,2024-25,8,0,0.0,1.34,0.00,0.00,,,,,,,,,
763,Óscar Zambrano,ec ECU,MF,Hull City,20,2004,8,5,390,4.3,1,1,2,1,0,0,0,0,0.23,0.23,0.46,0.23,0.46,Matches,Championship,2024-25,7,1,14.3,1.62,0.23,0.14,1.00,,,,,,,,
764,Anass Zaroury,ma MAR,"FW,MF",Burnley,23,2000,1,0,25,0.3,0,0,0,0,0,0,0,0,0.00,0.00,0.00,0.00,0.00,Matches,Championship,2024-25,0,0,,0.00,0.00,,,,,,,,,,
765,Stefán Þórðarson,is ISL,MF,Preston,25,1998,39,29,2503,27.8,3,2,5,3,0,0,6,0,0.11,0.07,0.18,0.11,0.18,Matches,Championship,2024-25,32,7,21.9,1.15,0.25,0.09,0.43,,,,,,,,
