{
  "min_observations": 3,
  "q": 0.75,
  "values": {
    "bb": [
      16.836080226976826,
      5.575052785013324,
      3.834004565201473,
      4.958196257123991,
      11.199037476697923,
      9.697041066912016,
      10.452450194074087,
      9.96878144042261,
      8.172524908609248,
      9.284247430845117,
      10.32546120888343,
      7.4976212747841355,
      9.94960099536606,
      8.766188557455441,
      9.36648719901302,
      13.866317967546209,
      7.130826171323578,
      10.690797263011792,
      10.391071204844975,
      13.464285752198608,
      10.074487243277234,
      10.946626253535253,
      10.601494122013257,
      7.783776217925459,
      9.10380287445586,
      10.135931467355388,
      9.462280727756019,
      9.831109022911694,
      8.4377078046777,
      6.338013205314975,
      7.7721957932960075,
      6.318719222698117,
      13.078333045661862
    ],
    "tc": [
      19.686686328273428,
      8.80733307866558,
      6.426530267130825,
      6.5062656604446705,
      8.321271642204115,
      9.019185973083566,
      9.576464053259308,
      9.427280988594507,
      10.665923007096529,
      10.594934055011503,
      11.987089688717607,
      9.544507271433096,
      7.286091779848472,
      6.116359598905992,
      7.030600222901472,
      6.359273367659609,
      9.295595634408638,
      11.449482641113198,
      8.391388238562763,
      8.268166719587988,
      6.499284904582975,
      10.741025875793989,
      7.363356936089237,
      6.362111588228739,
      9.015844842266493
    ],
    "wc": [
      0.0,
      6.451802408779081,
      6.937264050056456,
      2.4200304708788396,
      3.661507309758201,
      1.4935751438883975,
      0.7795482200502601,
      1.7471327276250674,
      4.867888564230077,
      3.0572009465629004,
      0.945275789152833,
      9.063224568209886,
      2.0546029789230813,
      3.1665391881711344,
      5.143935576549165,
      4.182961186398508,
      4.474303409303186,
      1.132651689683299,
      1.163497790682639,
      10.332238030494551
    ]
  },
  "version": 1
}