{
  "min_observations": 99,
  "q": 0.75,
  "values": {
    "bb": [
      18.775093706273093,
      6.097155159091396,
      5.923984136163986,
      5.477636064018707,
      5.622461307097208,
      5.8489165901171045,
      6.1816752734243,
      7.971871137819594,
      9.29573716578925,
      12.30272346193875,
      9.195615908323793,
      8.983264650048625,
      9.572786559768225,
      9.553276456336148,
      9.384644673036739,
      9.617977653183614,
      8.739797885992258,
      6.9454794248487985,
      12.00071191813198,
      9.592785803839721,
      11.706699446326986,
      10.217908471768213
    ],
    "tc": [
      18.75783542725594,
      8.352369195693864,
      9.1727834479022,
      7.827409505158949,
      11.917377312226325,
      12.125492143830227,
      11.837694414386332,
      9.314112912254666,
      10.412034180936214,
      9.689965627014152,
      10.149350098381566,
      10.57313221825211,
      10.958605759618795,
      10.868727912775547,
      12.421913706894024,
      9.932398175187707,
      11.573761868313987,
      8.8109739730713,
      9.489050710682566,
      14.13534576155286,
      11.09025051567476,
      12.544273909199614
    ],
    "wc": [
      0.0,
      6.078618024646776,
      3.9632605563879455,
      3.2253582519321786,
      2.5087189185605556,
      2.5855619229363125,
      1.9771549308834424,
      2.9655032547253084,
      1.5936379077083656,
      0.12934051867711904,
      1.00378286543416,
      0.7620346449406585,
      0.5649350320818427,
      0.3115387732003385,
      0.6211471973747758,
      0.05504539345545334,
      0.29971764220541264,
      0.7934515651212207,
      4.212106870626146
    ]
  },
  "version": 1
}