{
  "min_observations": 3,
  "q": 0.75,
  "values": {
    "bb": [
      16.78152550012124,
      6.407714389737141,
      4.867937029140952,
      7.642588569616661,
      9.72882163835509,
      9.841247386146803,
      11.80506371648866,
      13.640912652954174,
      10.436566955637433,
      10.433393614874722,
      9.261819517794573,
      9.28153722739066,
      7.403840728238416,
      8.518630541199935,
      8.21542894771444,
      10.819333602444981,
      7.7728277066358675,
      10.907075273307717,
      7.655883381242026,
      4.657263930822723,
      8.059865288178658,
      7.236936855663851,
      8.314495965677475,
      6.575527723829772,
      9.833741063230171,
      6.1907763188848985,
      7.996039883142597,
      9.055150573516368,
      8.357390462404659,
      10.274971900610275
    ],
    "tc": [
      19.686686328273428,
      8.80733307866558,
      6.426530267130825,
      6.5062656604446705,
      8.321271642204115,
      9.019185973083566,
      9.135161417674247,
      8.425136124537502,
      10.665923007096529,
      10.594934055011503,
      11.987089688717607,
      9.544507271433096,
      7.170302383680037,
      6.081353544549175,
      6.744044315032199,
      5.834705119124668,
      9.081243512547374,
      6.891472649349501,
      6.881913047790637,
      7.819292883609673,
      7.932193144294246,
      10.741025875793989,
      7.115333802911761,
      6.085433762500373,
      8.502552940828288
    ],
    "wc": [
      0.0,
      6.167985952457465,
      7.486498838082025,
      1.7226480393727424,
      1.6482094807637568,
      1.3125176069954025,
      6.4887498697150345,
      1.2916069096197274,
      1.434716359200842,
      1.1448985933254825,
      1.8989067244058857,
      3.308949068286333,
      4.093375866920217,
      1.3137477241217184,
      3.3238720607995793,
      0.6812670908777712,
      3.6265845527377256,
      0.08239035408332684,
      1.845207614509479,
      6.159607340079141,
      4.298275982860755,
      2.4589670192025754,
      1.3165990448360767,
      3.4528920732992363,
      0.6345142485980912,
      5.222077022912457,
      2.613435989152608,
      0.833060277208431,
      1.2607081086122371,
      3.255423380055702,
      1.079723152497365
    ]
  },
  "version": 1
}