{
  "min_observations": 3,
  "q": 0.75,
  "values": {
    "bb": [
      24.648144680383282,
      6.787851605305491
    ],
    "tc": [
      17.526846697512582,
      6.593780382275995
    ],
    "wc": [
      0.0,
      4.35737440527619
    ]
  },
  "version": 1
}