{
  "min_observations": 3,
  "q": 0.75,
  "values": {
    "bb": [
      18.775093706273093,
      6.097155159091396,
      5.923984136163986
    ],
    "tc": [
      17.990369784391195,
      7.470369195693864,
      8.2907834479022
    ],
    "wc": [
      0.0,
      6.078618024646776,
      3.9632605563879455
    ]
  },
  "version": 1
}