{
  "min_observations": 3,
  "q": 0.5281248274964869,
  "values": {
    "bb": [
      22.889977973308163,
      6.388189102996181,
      8.455206137160854,
      11.987410920426022,
      9.135799979842666,
      6.7879556046338685,
      10.369573554272918,
      10.636852417901649,
      8.70065298709952,
      8.472693593831007,
      8.925171345008811,
      9.165278907130208,
      9.854571394857308,
      8.575201513456928,
      9.49412279570694,
      9.779270542452394,
      8.619976429022117,
      7.748940151420559,
      7.881720782988595,
      7.035196325519704,
      8.034986616979573
    ],
    "tc": [
      18.191849651286976,
      7.3691712613829035,
      5.89870315300874,
      7.818248884941527,
      12.401971298249602,
      8.49040983446613,
      8.712947712017938,
      9.75568384166137,
      10.000161148225391,
      11.843166561281592,
      9.55272547718676,
      10.494287332858406,
      10.902636365196212,
      10.10548827266614,
      11.153076727765466,
      10.908585406027383,
      10.629520314880471,
      7.799545848844244,
      6.542162544382747,
      8.991840122647158
    ],
    "wc": [
      0.0,
      3.8553430569827194,
      2.442888244322188,
      1.8242550640815058,
      0.5869633961799154,
      3.966925340164786,
      0.9236105033974953,
      0.0,
      1.3445156058159227,
      1.9107486352565217,
      3.099352361140172,
      3.4373223995682243,
      0.0,
      1.1325286779624313,
      0.6033649672686279,
      0.06311673688724584,
      0.5915422989789119,
      1.9996963462065585,
      3.1296648248451975,
      2.4500998448438622,
      1.3331736385816735,
      1.0916235455837087,
      1.9793140541403644,
      0.886104516650557,
      3.9958020180266587
    ]
  },
  "version": 1
}