{
  "min_observations": 99,
  "q": 0.75,
  "values": {
    "bb": [
      24.648144680383282,
      6.787851605305491,
      8.195068302433766,
      8.058536660626997,
      8.792833787098026,
      8.376801995930155,
      9.546343410280764,
      9.245813022825596,
      12.059535591619888,
      8.83497843049594,
      7.739890877053719,
      9.277397379453499,
      11.147275994560594,
      9.51175730969673,
      15.438206841556735,
      6.079107281229358,
      5.554094292395549,
      7.738281114308448,
      8.27890027944522,
      7.453626797498419,
      9.837175684299783
    ],
    "tc": [
      18.283281446789722,
      7.475780382275995,
      5.945444405677688,
      7.92412252452952,
      7.086528893270839,
      8.636154556301678,
      8.863856281872524,
      9.862229543485439,
      10.12508458087632,
      12.017337519127137,
      9.703702997171929,
      10.640975333886374,
      11.063691322895613,
      10.272147043130433,
      11.300229584260569,
      11.033491080059052,
      10.785011803972695,
      7.877142578830183,
      6.633352799117577,
      9.101258595148508
    ],
    "wc": [
      0.0,
      4.35737440527619,
      4.658711718585663,
      3.480561167882451,
      1.9301402715340719,
      4.468432645898156,
      2.4301170251137556,
      1.3454500597817682,
      0.15280727960606244,
      1.589756866938625,
      3.0095111180315377,
      2.752403080462858,
      2.096643740753535,
      0.1294715311879031,
      0.02056212695238635,
      2.113819263970949,
      1.4040680331348363,
      2.6327568223691205,
      3.1117910474765074,
      2.533772849545527,
      0.0,
      2.185853916914876,
      1.082885416041838,
      1.5637250241573994,
      1.8247609464699945
    ]
  },
  "version": 1
}