{
  "min_observations": 99,
  "q": 0.75,
  "values": {
    "bb": [
      16.836080226976826,
      5.575052785013324,
      3.834004565201473,
      4.958196257123991,
      11.199037476697923,
      9.697041066912016,
      13.748346740291836,
      8.906123484704086,
      8.095246081035434,
      8.765122887371888,
      10.82785465796291,
      9.621829945969788,
      10.100820218617319,
      9.353772645292878,
      9.36648719901302,
      10.338661073352558,
      9.934349478471965,
      10.18698625381428,
      8.099314304497764,
      13.50108297688879,
      9.671409178811786,
      10.762495085730754,
      10.746453871085908,
      8.031010328542472,
      7.903588533949998,
      8.516462375465121,
      7.255927764748122,
      6.858120081260618,
      5.954321648665131,
      7.366105089131162,
      10.192041680722056,
      11.034872893311302,
      14.895907886542883
    ],
    "tc": [
      20.632741475556738,
      9.787333078665581,
      7.308530267130824,
      7.587850508929519,
      8.887688308870782,
      9.611559091363137,
      10.242331254685332,
      10.085881395098573,
      11.268215439867012,
      11.284917652895102,
      12.586336355384276,
      10.268302662379599,
      8.014937541165343,
      7.004309269181405,
      7.96636507711739,
      8.38137788952372,
      10.270293715391178,
      12.402865709896266,
      9.491841127451654,
      9.385424793662061,
      7.791461936991287,
      7.961094976593798,
      8.065884304432853,
      7.972421384990523,
      9.908418111187588
    ],
    "wc": [
      0.0,
      6.451802408779081,
      6.937264050056456,
      2.4200304708788396,
      3.661507309758201,
      1.4935751438883975,
      0.7795482200502601,
      3.1115238566134313,
      4.867888564230077,
      3.7590417152723568,
      0.945275789152833,
      5.530962219543359,
      2.0546029789230813,
      0.7648779356164894,
      3.6469336811319293,
      1.011232380689902,
      1.2539233769033609,
      1.1144992361309716,
      2.117454448813329,
      6.216013542308793
    ]
  },
  "version": 1
}