{
  "min_observations": 3,
  "q": 0.5281248274964869,
  "values": {
    "bb": [
      17.479633423800152,
      5.517310735264385,
      5.360608417723807,
      4.956708410941186,
      5.087760655393722,
      5.292679856473918,
      5.63923328196455,
      5.888760668423302,
      5.884332533129598,
      9.814352954254936,
      8.051478460092799,
      8.097801084798368,
      8.652695691987208,
      7.974464680499331,
      8.16950682691083,
      7.025711667541689,
      7.071875648861962,
      5.514936609455978,
      4.477658851897959,
      4.630770528926569,
      6.795074724642732,
      7.64703732455207,
      8.762216204730166,
      7.924499612857106,
      7.487205552151353,
      8.58773551046706,
      8.936477317759541
    ],
    "tc": [
      18.665070305372193,
      8.245760074800772,
      9.083165228202835,
      7.780672706486451,
      11.851613084975812,
      12.044649885096874,
      11.73218056116019,
      9.18683887303149,
      10.237080602826685,
      9.523552459285552,
      8.48359225522541,
      10.47881140089562,
      10.868653954127097,
      9.195166379140012,
      12.249774436647396,
      9.771635441239454,
      11.410328077362262,
      11.124190812083258,
      9.34646915169626,
      14.02728647134323,
      10.97095491767314,
      12.406643574133572
    ],
    "wc": [
      0.0,
      6.078618024646776,
      3.9632605563879455,
      3.535969022636268,
      2.5087189185605556,
      2.5855619229363125,
      1.9771549308834424,
      1.585763047913172,
      1.799807239370605,
      0.6287510163391024,
      1.3868366599027095,
      1.4430723273552841,
      0.577516104515222,
      2.46872928408657,
      0.919547311260482,
      0.30286844893662446,
      0.29971764220541264,
      0.7287754026349856,
      4.212106870626146,
      0.9496633701964364,
      0.9210397492541862,
      0.28699990078541093,
      0.40677450510579094,
      1.3885663809799724,
      0.5825110386014205,
      1.8569347912738057,
      1.0558649797134168
    ]
  },
  "version": 1
}