player_id,gameweek,opponent_team_id,opponent_team,is_home,difficulty
1,2,,,False,4
1,3,,,True,4
1,4,,,False,3
1,5,,,False,3
1,6,,,True,2
1,7,,,False,3
1,8,,,True,3
1,9,,,False,4
1,10,,,True,2
1,11,,,False,3
1,12,,,True,4
1,13,,,False,3
1,14,,,False,3
1,15,,,True,3
1,16,,,True,4
1,17,,,False,3
1,18,,,False,3
1,19,,,True,2
1,20,,,True,3
1,21,,,False,2
1,22,,,True,2
1,23,,,False,5
1,24,,,True,4
1,25,,,False,2
1,26,,,True,2
1,27,,,False,4
1,28,,,True,3
1,29,,,False,4
1,30,,,True,2
1,31,,,False,2
1,32,,,True,3
1,33,,,False,3
1,34,,,True,3
1,35,,,False,3
1,36,,,True,3
1,37,,,False,3
1,38,,,True,2
2,2,,,False,4
2,3,,,True,4
2,4,,,False,3
2,5,,,False,3
2,6,,,True,2
2,7,,,False,3
2,8,,,True,3
2,9,,,False,4
2,10,,,True,2
2,11,,,False,3
2,12,,,True,4
2,13,,,False,3
2,14,,,False,3
2,15,,,True,3
2,16,,,True,4
2,17,,,False,3
2,18,,,False,3
2,19,,,True,2
2,20,,,True,3
2,21,,,False,2
2,22,,,True,2
2,23,,,False,5
2,24,,,True,4
2,25,,,False,2
2,26,,,True,2
2,27,,,False,4
2,28,,,True,3
2,29,,,False,4
2,30,,,True,2
2,31,,,False,2
2,32,,,True,3
2,33,,,False,3
2,34,,,True,3
2,35,,,False,3
2,36,,,True,3
2,37,,,False,3
2,38,,,True,2
3,2,,,False,4
3,3,,,True,4
3,4,,,False,3
3,5,,,False,3
3,6,,,True,2
3,7,,,False,3
3,8,,,True,3
3,9,,,False,4
3,10,,,True,2
3,11,,,False,3
3,12,,,True,4
3,13,,,False,3
3,14,,,False,3
3,15,,,True,3
3,16,,,True,4
3,17,,,False,3
3,18,,,False,3
3,19,,,True,2
3,20,,,True,3
3,21,,,False,2
3,22,,,True,2
3,23,,,False,5
3,24,,,True,4
3,25,,,False,2
3,26,,,True,2
3,27,,,False,4
3,28,,,True,3
3,29,,,False,4
3,30,,,True,2
3,31,,,False,2
3,32,,,True,3
3,33,,,False,3
3,34,,,True,3
3,35,,,False,3
3,36,,,True,3
3,37,,,False,3
3,38,,,True,2
4,2,,,False,4
4,3,,,True,4
4,4,,,False,3
4,5,,,False,3
4,6,,,True,2
4,7,,,False,3
4,8,,,True,3
4,9,,,False,4
4,10,,,True,2
4,11,,,False,3
4,12,,,True,4
4,13,,,False,3
4,14,,,False,3
4,15,,,True,3
4,16,,,True,4
4,17,,,False,3
4,18,,,False,3
4,19,,,True,2
4,20,,,True,3
4,21,,,False,2
4,22,,,True,2
4,23,,,False,5
4,24,,,True,4
4,25,,,False,2
4,26,,,True,2
4,27,,,False,4
4,28,,,True,3
4,29,,,False,4
4,30,,,True,2
4,31,,,False,2
4,32,,,True,3
4,33,,,False,3
4,34,,,True,3
4,35,,,False,3
4,36,,,True,3
4,37,,,False,3
4,38,,,True,2
5,2,,,False,4
5,3,,,True,4
5,4,,,False,3
5,5,,,False,3
5,6,,,True,2
5,7,,,False,3
5,8,,,True,3
5,9,,,False,4
5,10,,,True,2
5,11,,,False,3
5,12,,,True,4
5,13,,,False,3
5,14,,,False,3
5,15,,,True,3
5,16,,,True,4
5,17,,,False,3
5,18,,,False,3
5,19,,,True,2
5,20,,,True,3
5,21,,,False,2
5,22,,,True,2
5,23,,,False,5
5,24,,,True,4
5,25,,,False,2
5,26,,,True,2
5,27,,,False,4
5,28,,,True,3
5,29,,,False,4
5,30,,,True,2
5,31,,,False,2
5,32,,,True,3
5,33,,,False,3
5,34,,,True,3
5,35,,,False,3
5,36,,,True,3
5,37,,,False,3
5,38,,,True,2
6,2,,,False,4
6,3,,,True,4
6,4,,,False,3
6,5,,,False,3
6,6,,,True,2
6,7,,,False,3
6,8,,,True,3
6,9,,,False,4
6,10,,,True,2
6,11,,,False,3
6,12,,,True,4
6,13,,,False,3
6,14,,,False,3
6,15,,,True,3
6,16,,,True,4
6,17,,,False,3
6,18,,,False,3
6,19,,,True,2
6,20,,,True,3
6,21,,,False,2
6,22,,,True,2
6,23,,,False,5
6,24,,,True,4
6,25,,,False,2
6,26,,,True,2
6,27,,,False,4
6,28,,,True,3
6,29,,,False,4
6,30,,,True,2
6,31,,,False,2
6,32,,,True,3
6,33,,,False,3
6,34,,,True,3
6,35,,,False,3
6,36,,,True,3
6,37,,,False,3
6,38,,,True,2
7,2,,,False,4
7,3,,,True,4
7,4,,,False,3
7,5,,,False,3
7,6,,,True,2
7,7,,,False,3
7,8,,,True,3
7,9,,,False,4
7,10,,,True,2
7,11,,,False,3
7,12,,,True,4
7,13,,,False,3
7,14,,,False,3
7,15,,,True,3
7,16,,,True,4
7,17,,,False,3
7,18,,,False,3
7,19,,,True,2
7,20,,,True,3
7,21,,,False,2
7,22,,,True,2
7,23,,,False,5
7,24,,,True,4
7,25,,,False,2
7,26,,,True,2
7,27,,,False,4
7,28,,,True,3
7,29,,,False,4
7,30,,,True,2
7,31,,,False,2
7,32,,,True,3
7,33,,,False,3
7,34,,,True,3
7,35,,,False,3
7,36,,,True,3
7,37,,,False,3
7,38,,,True,2
8,2,,,False,4
8,3,,,True,4
8,4,,,False,3
8,5,,,False,3
8,6,,,True,2
8,7,,,False,3
8,8,,,True,3
8,9,,,False,4
8,10,,,True,2
8,11,,,False,3
8,12,,,True,4
8,13,,,False,3
8,14,,,False,3
8,15,,,True,3
8,16,,,True,4
8,17,,,False,3
8,18,,,False,3
8,19,,,True,2
8,20,,,True,3
8,21,,,False,2
8,22,,,True,2
8,23,,,False,5
8,24,,,True,4
8,25,,,False,2
8,26,,,True,2
8,27,,,False,4
8,28,,,True,3
8,29,,,False,4
8,30,,,True,2
8,31,,,False,2
8,32,,,True,3
8,33,,,False,3
8,34,,,True,3
8,35,,,False,3
8,36,,,True,3
8,37,,,False,3
8,38,,,True,2
9,2,,,False,4
9,3,,,True,4
9,4,,,False,3
9,5,,,False,3
9,6,,,True,2
9,7,,,False,3
9,8,,,True,3
9,9,,,False,4
9,10,,,True,2
9,11,,,False,3
9,12,,,True,4
9,13,,,False,3
9,14,,,False,3
9,15,,,True,3
9,16,,,True,4
9,17,,,False,3
9,18,,,False,3
9,19,,,True,2
9,20,,,True,3
9,21,,,False,2
9,22,,,True,2
9,23,,,False,5
9,24,,,True,4
9,25,,,False,2
9,26,,,True,2
9,27,,,False,4
9,28,,,True,3
9,29,,,False,4
9,30,,,True,2
9,31,,,False,2
9,32,,,True,3
9,33,,,False,3
9,34,,,True,3
9,35,,,False,3
9,36,,,True,3
9,37,,,False,3
9,38,,,True,2
10,2,,,False,4
10,3,,,True,4
10,4,,,False,3
10,5,,,False,3
10,6,,,True,2
10,7,,,False,3
10,8,,,True,3
10,9,,,False,4
10,10,,,True,2
10,11,,,False,3
10,12,,,True,4
10,13,,,False,3
10,14,,,False,3
10,15,,,True,3
10,16,,,True,4
10,17,,,False,3
10,18,,,False,3
10,19,,,True,2
10,20,,,True,3
10,21,,,False,2
10,22,,,True,2
10,23,,,False,5
10,24,,,True,4
10,25,,,False,2
10,26,,,True,2
10,27,,,False,4
10,28,,,True,3
10,29,,,False,4
10,30,,,True,2
10,31,,,False,2
10,32,,,True,3
10,33,,,False,3
10,34,,,True,3
10,35,,,False,3
10,36,,,True,3
10,37,,,False,3
10,38,,,True,2
11,2,,,False,4
11,3,,,True,4
11,4,,,False,3
11,5,,,False,3
11,6,,,True,2
11,7,,,False,3
11,8,,,True,3
11,9,,,False,4
11,10,,,True,2
11,11,,,False,3
11,12,,,True,4
11,13,,,False,3
11,14,,,False,3
11,15,,,True,3
11,16,,,True,4
11,17,,,False,3
11,18,,,False,3
11,19,,,True,2
11,20,,,True,3
11,21,,,False,2
11,22,,,True,2
11,23,,,False,5
11,24,,,True,4
11,25,,,False,2
11,26,,,True,2
11,27,,,False,4
11,28,,,True,3
11,29,,,False,4
11,30,,,True,2
11,31,,,False,2
11,32,,,True,3
11,33,,,False,3
11,34,,,True,3
11,35,,,False,3
11,36,,,True,3
11,37,,,False,3
11,38,,,True,2
12,2,,,False,4
12,3,,,True,4
12,4,,,False,3
12,5,,,False,3
12,6,,,True,2
12,7,,,False,3
12,8,,,True,3
12,9,,,False,4
12,10,,,True,2
12,11,,,False,3
12,12,,,True,4
12,13,,,False,3
12,14,,,False,3
12,15,,,True,3
12,16,,,True,4
12,17,,,False,3
12,18,,,False,3
12,19,,,True,2
12,20,,,True,3
12,21,,,False,2
12,22,,,True,2
12,23,,,False,5
12,24,,,True,4
12,25,,,False,2
12,26,,,True,2
12,27,,,False,4
12,28,,,True,3
12,29,,,False,4
12,30,,,True,2
12,31,,,False,2
12,32,,,True,3
12,33,,,False,3
12,34,,,True,3
12,35,,,False,3
12,36,,,True,3
12,37,,,False,3
12,38,,,True,2
13,2,,,False,4
13,3,,,True,4
13,4,,,False,3
13,5,,,False,3
13,6,,,True,2
13,7,,,False,3
13,8,,,True,3
13,9,,,False,4
13,10,,,True,2
13,11,,,False,3
13,12,,,True,4
13,13,,,False,3
13,14,,,False,3
13,15,,,True,3
13,16,,,True,4
13,17,,,False,3
13,18,,,False,3
13,19,,,True,2
13,20,,,True,3
13,21,,,False,2
13,22,,,True,2
13,23,,,False,5
13,24,,,True,4
13,25,,,False,2
13,26,,,True,2
13,27,,,False,4
13,28,,,True,3
13,29,,,False,4
13,30,,,True,2
13,31,,,False,2
13,32,,,True,3
13,33,,,False,3
13,34,,,True,3
13,35,,,False,3
13,36,,,True,3
13,37,,,False,3
13,38,,,True,2
14,2,,,False,4
14,3,,,True,4
14,4,,,False,3
14,5,,,False,3
14,6,,,True,2
14,7,,,False,3
14,8,,,True,3
14,9,,,False,4
14,10,,,True,2
14,11,,,False,3
14,12,,,True,4
14,13,,,False,3
14,14,,,False,3
14,15,,,True,3
14,16,,,True,4
14,17,,,False,3
14,18,,,False,3
14,19,,,True,2
14,20,,,True,3
14,21,,,False,2
14,22,,,True,2
14,23,,,False,5
14,24,,,True,4
14,25,,,False,2
14,26,,,True,2
14,27,,,False,4
14,28,,,True,3
14,29,,,False,4
14,30,,,True,2
14,31,,,False,2
14,32,,,True,3
14,33,,,False,3
14,34,,,True,3
14,35,,,False,3
14,36,,,True,3
14,37,,,False,3
14,38,,,True,2
15,2,,,False,4
15,3,,,True,4
15,4,,,False,3
15,5,,,False,3
15,6,,,True,2
15,7,,,False,3
15,8,,,True,3
15,9,,,False,4
15,10,,,True,2
15,11,,,False,3
15,12,,,True,4
15,13,,,False,3
15,14,,,False,3
15,15,,,True,3
15,16,,,True,4
15,17,,,False,3
15,18,,,False,3
15,19,,,True,2
15,20,,,True,3
15,21,,,False,2
15,22,,,True,2
15,23,,,False,5
15,24,,,True,4
15,25,,,False,2
15,26,,,True,2
15,27,,,False,4
15,28,,,True,3
15,29,,,False,4
15,30,,,True,2
15,31,,,False,2
15,32,,,True,3
15,33,,,False,3
15,34,,,True,3
15,35,,,False,3
15,36,,,True,3
15,37,,,False,3
15,38,,,True,2
16,2,,,False,4
16,3,,,True,4
16,4,,,False,3
16,5,,,False,3
16,6,,,True,2
16,7,,,False,3
16,8,,,True,3
16,9,,,False,4
16,10,,,True,2
16,11,,,False,3
16,12,,,True,4
16,13,,,False,3
16,14,,,False,3
16,15,,,True,3
16,16,,,True,4
16,17,,,False,3
16,18,,,False,3
16,19,,,True,2
16,20,,,True,3
16,21,,,False,2
16,22,,,True,2
16,23,,,False,5
16,24,,,True,4
16,25,,,False,2
16,26,,,True,2
16,27,,,False,4
16,28,,,True,3
16,29,,,False,4
16,30,,,True,2
16,31,,,False,2
16,32,,,True,3
16,33,,,False,3
16,34,,,True,3
16,35,,,False,3
16,36,,,True,3
16,37,,,False,3
16,38,,,True,2
17,2,,,False,4
17,3,,,True,4
17,4,,,False,3
17,5,,,False,3
17,6,,,True,2
17,7,,,False,3
17,8,,,True,3
17,9,,,False,4
17,10,,,True,2
17,11,,,False,3
17,12,,,True,4
17,13,,,False,3
17,14,,,False,3
17,15,,,True,3
17,16,,,True,4
17,17,,,False,3
17,18,,,False,3
17,19,,,True,2
17,20,,,True,3
17,21,,,False,2
17,22,,,True,2
17,23,,,False,5
17,24,,,True,4
17,25,,,False,2
17,26,,,True,2
17,27,,,False,4
17,28,,,True,3
17,29,,,False,4
17,30,,,True,2
17,31,,,False,2
17,32,,,True,3
17,33,,,False,3
17,34,,,True,3
17,35,,,False,3
17,36,,,True,3
17,37,,,False,3
17,38,,,True,2
18,2,,,False,4
18,3,,,True,4
18,4,,,False,3
18,5,,,False,3
18,6,,,True,2
18,7,,,False,3
18,8,,,True,3
18,9,,,False,4
18,10,,,True,2
18,11,,,False,3
18,12,,,True,4
18,13,,,False,3
18,14,,,False,3
18,15,,,True,3
18,16,,,True,4
18,17,,,False,3
18,18,,,False,3
18,19,,,True,2
18,20,,,True,3
18,21,,,False,2
18,22,,,True,2
18,23,,,False,5
18,24,,,True,4
18,25,,,False,2
18,26,,,True,2
18,27,,,False,4
18,28,,,True,3
18,29,,,False,4
18,30,,,True,2
18,31,,,False,2
18,32,,,True,3
18,33,,,False,3
18,34,,,True,3
18,35,,,False,3
18,36,,,True,3
18,37,,,False,3
18,38,,,True,2
19,2,,,False,4
19,3,,,True,4
19,4,,,False,3
19,5,,,False,3
19,6,,,True,2
19,7,,,False,3
19,8,,,True,3
19,9,,,False,4
19,10,,,True,2
19,11,,,False,3
19,12,,,True,4
19,13,,,False,3
19,14,,,False,3
19,15,,,True,3
19,16,,,True,4
19,17,,,False,3
19,18,,,False,3
19,19,,,True,2
19,20,,,True,3
19,21,,,False,2
19,22,,,True,2
19,23,,,False,5
19,24,,,True,4
19,25,,,False,2
19,26,,,True,2
19,27,,,False,4
19,28,,,True,3
19,29,,,False,4
19,30,,,True,2
19,31,,,False,2
19,32,,,True,3
19,33,,,False,3
19,34,,,True,3
19,35,,,False,3
19,36,,,True,3
19,37,,,False,3
19,38,,,True,2
20,2,,,False,4
20,3,,,True,4
20,4,,,False,3
20,5,,,False,3
20,6,,,True,2
20,7,,,False,3
20,8,,,True,3
20,9,,,False,4
20,10,,,True,2
20,11,,,False,3
20,12,,,True,4
20,13,,,False,3
20,14,,,False,3
20,15,,,True,3
20,16,,,True,4
20,17,,,False,3
20,18,,,False,3
20,19,,,True,2
20,20,,,True,3
20,21,,,False,2
20,22,,,True,2
20,23,,,False,5
20,24,,,True,4
20,25,,,False,2
20,26,,,True,2
20,27,,,False,4
20,28,,,True,3
20,29,,,False,4
20,30,,,True,2
20,31,,,False,2
20,32,,,True,3
20,33,,,False,3
20,34,,,True,3
20,35,,,False,3
20,36,,,True,3
20,37,,,False,3
20,38,,,True,2
22,2,,,False,4
22,3,,,True,4
22,4,,,False,3
22,5,,,False,3
22,6,,,True,2
22,7,,,False,3
22,8,,,True,3
22,9,,,False,4
22,10,,,True,2
22,11,,,False,3
22,12,,,True,4
22,13,,,False,3
22,14,,,False,3
22,15,,,True,3
22,16,,,True,4
22,17,,,False,3
22,18,,,False,3
22,19,,,True,2
22,20,,,True,3
22,21,,,False,2
22,22,,,True,2
22,23,,,False,5
22,24,,,True,4
22,25,,,False,2
22,26,,,True,2
22,27,,,False,4
22,28,,,True,3
22,29,,,False,4
22,30,,,True,2
22,31,,,False,2
22,32,,,True,3
22,33,,,False,3
22,34,,,True,3
22,35,,,False,3
22,36,,,True,3
22,37,,,False,3
22,38,,,True,2
23,2,,,False,4
23,3,,,True,4
23,4,,,False,3
23,5,,,False,3
23,6,,,True,2
23,7,,,False,3
23,8,,,True,3
23,9,,,False,4
23,10,,,True,2
23,11,,,False,3
23,12,,,True,4
23,13,,,False,3
23,14,,,False,3
23,15,,,True,3
23,16,,,True,4
23,17,,,False,3
23,18,,,False,3
23,19,,,True,2
23,20,,,True,3
23,21,,,False,2
23,22,,,True,2
23,23,,,False,5
23,24,,,True,4
23,25,,,False,2
23,26,,,True,2
23,27,,,False,4
23,28,,,True,3
23,29,,,False,4
23,30,,,True,2
23,31,,,False,2
23,32,,,True,3
23,33,,,False,3
23,34,,,True,3
23,35,,,False,3
23,36,,,True,3
23,37,,,False,3
23,38,,,True,2
24,2,,,False,4
24,3,,,True,4
24,4,,,False,3
24,5,,,False,3
24,6,,,True,2
24,7,,,False,3
24,8,,,True,3
24,9,,,False,4
24,10,,,True,2
24,11,,,False,3
24,12,,,True,4
24,13,,,False,3
24,14,,,False,3
24,15,,,True,3
24,16,,,True,4
24,17,,,False,3
24,18,,,False,3
24,19,,,True,2
24,20,,,True,3
24,21,,,False,2
24,22,,,True,2
24,23,,,False,5
24,24,,,True,4
24,25,,,False,2
24,26,,,True,2
24,27,,,False,4
24,28,,,True,3
24,29,,,False,4
24,30,,,True,2
24,31,,,False,2
24,32,,,True,3
24,33,,,False,3
24,34,,,True,3
24,35,,,False,3
24,36,,,True,3
24,37,,,False,3
24,38,,,True,2
25,2,,,False,4
25,3,,,True,4
25,4,,,False,3
25,5,,,False,3
25,6,,,True,2
25,7,,,False,3
25,8,,,True,3
25,9,,,False,4
25,10,,,True,2
25,11,,,False,3
25,12,,,True,4
25,13,,,False,3
25,14,,,False,3
25,15,,,True,3
25,16,,,True,4
25,17,,,False,3
25,18,,,False,3
25,19,,,True,2
25,20,,,True,3
25,21,,,False,2
25,22,,,True,2
25,23,,,False,5
25,24,,,True,4
25,25,,,False,2
25,26,,,True,2
25,27,,,False,4
25,28,,,True,3
25,29,,,False,4
25,30,,,True,2
25,31,,,False,2
25,32,,,True,3
25,33,,,False,3
25,34,,,True,3
25,35,,,False,3
25,36,,,True,3
25,37,,,False,3
25,38,,,True,2
26,2,,,False,4
26,3,,,True,4
26,4,,,False,3
26,5,,,False,3
26,6,,,True,2
26,7,,,False,3
26,8,,,True,3
26,9,,,False,4
26,10,,,True,2
26,11,,,False,3
26,12,,,True,4
26,13,,,False,3
26,14,,,False,3
26,15,,,True,3
26,16,,,True,4
26,17,,,False,3
26,18,,,False,3
26,19,,,True,2
26,20,,,True,3
26,21,,,False,2
26,22,,,True,2
26,23,,,False,5
26,24,,,True,4
26,25,,,False,2
26,26,,,True,2
26,27,,,False,4
26,28,,,True,3
26,29,,,False,4
26,30,,,True,2
26,31,,,False,2
26,32,,,True,3
26,33,,,False,3
26,34,,,True,3
26,35,,,False,3
26,36,,,True,3
26,37,,,False,3
26,38,,,True,2
27,2,,,False,4
27,3,,,True,4
27,4,,,False,3
27,5,,,False,3
27,6,,,True,2
27,7,,,False,3
27,8,,,True,3
27,9,,,False,4
27,10,,,True,2
27,11,,,False,3
27,12,,,True,4
27,13,,,False,3
27,14,,,False,3
27,15,,,True,3
27,16,,,True,4
27,17,,,False,3
27,18,,,False,3
27,19,,,True,2
27,20,,,True,3
27,21,,,False,2
27,22,,,True,2
27,23,,,False,5
27,24,,,True,4
27,25,,,False,2
27,26,,,True,2
27,27,,,False,4
27,28,,,True,3
27,29,,,False,4
27,30,,,True,2
27,31,,,False,2
27,32,,,True,3
27,33,,,False,3
27,34,,,True,3
27,35,,,False,3
27,36,,,True,3
27,37,,,False,3
27,38,,,True,2
31,2,,,False,4
31,3,,,True,4
31,4,,,False,3
31,5,,,False,3
31,6,,,True,2
31,7,,,False,3
31,8,,,True,3
31,9,,,False,4
31,10,,,True,2
31,11,,,False,3
31,12,,,True,4
31,13,,,False,3
31,14,,,False,3
31,15,,,True,3
31,16,,,True,4
31,17,,,False,3
31,18,,,False,3
31,19,,,True,2
31,20,,,True,3
31,21,,,False,2
31,22,,,True,2
31,23,,,False,5
31,24,,,True,4
31,25,,,False,2
31,26,,,True,2
31,27,,,False,4
31,28,,,True,3
31,29,,,False,4
31,30,,,True,2
31,31,,,False,2
31,32,,,True,3
31,33,,,False,3
31,34,,,True,3
31,35,,,False,3
31,36,,,True,3
31,37,,,False,3
31,38,,,True,2
452,2,,,False,4
452,3,,,True,4
452,4,,,False,3
452,5,,,False,3
452,6,,,True,2
452,7,,,False,3
452,8,,,True,3
452,9,,,False,4
452,10,,,True,2
452,11,,,False,3
452,12,,,True,4
452,13,,,False,3
452,14,,,False,3
452,15,,,True,3
452,16,,,True,4
452,17,,,False,3
452,18,,,False,3
452,19,,,True,2
452,20,,,True,3
452,21,,,False,2
452,22,,,True,2
452,23,,,False,5
452,24,,,True,4
452,25,,,False,2
452,26,,,True,2
452,27,,,False,4
452,28,,,True,3
452,29,,,False,4
452,30,,,True,2
452,31,,,False,2
452,32,,,True,3
452,33,,,False,3
452,34,,,True,3
452,35,,,False,3
452,36,,,True,3
452,37,,,False,3
452,38,,,True,2
557,2,,,False,4
557,3,,,True,4
557,4,,,False,3
557,5,,,False,3
557,6,,,True,2
557,7,,,False,3
557,8,,,True,3
557,9,,,False,4
557,10,,,True,2
557,11,,,False,3
557,12,,,True,4
557,13,,,False,3
557,14,,,False,3
557,15,,,True,3
557,16,,,True,4
557,17,,,False,3
557,18,,,False,3
557,19,,,True,2
557,20,,,True,3
557,21,,,False,2
557,22,,,True,2
557,23,,,False,5
557,24,,,True,4
557,25,,,False,2
557,26,,,True,2
557,27,,,False,4
557,28,,,True,3
557,29,,,False,4
557,30,,,True,2
557,31,,,False,2
557,32,,,True,3
557,33,,,False,3
557,34,,,True,3
557,35,,,False,3
557,36,,,True,3
557,37,,,False,3
557,38,,,True,2
28,2,,,True,4
28,3,,,False,2
28,4,,,True,3
28,5,,,False,3
28,6,,,True,3
28,7,,,False,3
28,8,,,True,4
28,9,,,True,2
28,10,,,False,4
28,11,,,True,2
28,12,,,False,2
28,13,,,True,3
28,14,,,True,3
28,15,,,False,2
28,16,,,False,4
28,17,,,True,2
28,18,,,True,4
28,19,,,False,3
28,20,,,False,3
28,21,,,True,4
28,22,,,False,3
28,23,,,True,2
28,24,,,False,3
28,25,,,True,3
28,26,,,False,3
28,27,,,True,4
28,28,,,False,4
28,29,,,True,2
28,30,,,False,3
28,31,,,True,2
28,32,,,False,5
28,33,,,True,2
28,34,,,False,3
28,35,,,False,3
28,36,,,True,2
28,37,,,False,5
28,38,,,True,3
29,2,,,True,4
29,3,,,False,2
29,4,,,True,3
29,5,,,False,3
29,6,,,True,3
29,7,,,False,3
29,8,,,True,4
29,9,,,True,2
29,10,,,False,4
29,11,,,True,2
29,12,,,False,2
29,13,,,True,3
29,14,,,True,3
29,15,,,False,2
29,16,,,False,4
29,17,,,True,2
29,18,,,True,4
29,19,,,False,3
29,20,,,False,3
29,21,,,True,4
29,22,,,False,3
29,23,,,True,2
29,24,,,False,3
29,25,,,True,3
29,26,,,False,3
29,27,,,True,4
29,28,,,False,4
29,29,,,True,2
29,30,,,False,3
29,31,,,True,2
29,32,,,False,5
29,33,,,True,2
29,34,,,False,3
29,35,,,False,3
29,36,,,True,2
29,37,,,False,5
29,38,,,True,3
30,2,,,True,4
30,3,,,False,2
30,4,,,True,3
30,5,,,False,3
30,6,,,True,3
30,7,,,False,3
30,8,,,True,4
30,9,,,True,2
30,10,,,False,4
30,11,,,True,2
30,12,,,False,2
30,13,,,True,3
30,14,,,True,3
30,15,,,False,2
30,16,,,False,4
30,17,,,True,2
30,18,,,True,4
30,19,,,False,3
30,20,,,False,3
30,21,,,True,4
30,22,,,False,3
30,23,,,True,2
30,24,,,False,3
30,25,,,True,3
30,26,,,False,3
30,27,,,True,4
30,28,,,False,4
30,29,,,True,2
30,30,,,False,3
30,31,,,True,2
30,32,,,False,5
30,33,,,True,2
30,34,,,False,3
30,35,,,False,3
30,36,,,True,2
30,37,,,False,5
30,38,,,True,3
32,2,,,True,4
32,3,,,False,2
32,4,,,True,3
32,5,,,False,3
32,6,,,True,3
32,7,,,False,3
32,8,,,True,4
32,9,,,True,2
32,10,,,False,4
32,11,,,True,2
32,12,,,False,2
32,13,,,True,3
32,14,,,True,3
32,15,,,False,2
32,16,,,False,4
32,17,,,True,2
32,18,,,True,4
32,19,,,False,3
32,20,,,False,3
32,21,,,True,4
32,22,,,False,3
32,23,,,True,2
32,24,,,False,3
32,25,,,True,3
32,26,,,False,3
32,27,,,True,4
32,28,,,False,4
32,29,,,True,2
32,30,,,False,3
32,31,,,True,2
32,32,,,False,5
32,33,,,True,2
32,34,,,False,3
32,35,,,False,3
32,36,,,True,2
32,37,,,False,5
32,38,,,True,3
33,2,,,True,4
33,3,,,False,2
33,4,,,True,3
33,5,,,False,3
33,6,,,True,3
33,7,,,False,3
33,8,,,True,4
33,9,,,True,2
33,10,,,False,4
33,11,,,True,2
33,12,,,False,2
33,13,,,True,3
33,14,,,True,3
33,15,,,False,2
33,16,,,False,4
33,17,,,True,2
33,18,,,True,4
33,19,,,False,3
33,20,,,False,3
33,21,,,True,4
33,22,,,False,3
33,23,,,True,2
33,24,,,False,3
33,25,,,True,3
33,26,,,False,3
33,27,,,True,4
33,28,,,False,4
33,29,,,True,2
33,30,,,False,3
33,31,,,True,2
33,32,,,False,5
33,33,,,True,2
33,34,,,False,3
33,35,,,False,3
33,36,,,True,2
33,37,,,False,5
33,38,,,True,3
34,2,,,True,4
34,3,,,False,2
34,4,,,True,3
34,5,,,False,3
34,6,,,True,3
34,7,,,False,3
34,8,,,True,4
34,9,,,True,2
34,10,,,False,4
34,11,,,True,2
34,12,,,False,2
34,13,,,True,3
34,14,,,True,3
34,15,,,False,2
34,16,,,False,4
34,17,,,True,2
34,18,,,True,4
34,19,,,False,3
34,20,,,False,3
34,21,,,True,4
34,22,,,False,3
34,23,,,True,2
34,24,,,False,3
34,25,,,True,3
34,26,,,False,3
34,27,,,True,4
34,28,,,False,4
34,29,,,True,2
34,30,,,False,3
34,31,,,True,2
34,32,,,False,5
34,33,,,True,2
34,34,,,False,3
34,35,,,False,3
34,36,,,True,2
34,37,,,False,5
34,38,,,True,3
35,2,,,True,4
35,3,,,False,2
35,4,,,True,3
35,5,,,False,3
35,6,,,True,3
35,7,,,False,3
35,8,,,True,4
35,9,,,True,2
35,10,,,False,4
35,11,,,True,2
35,12,,,False,2
35,13,,,True,3
35,14,,,True,3
35,15,,,False,2
35,16,,,False,4
35,17,,,True,2
35,18,,,True,4
35,19,,,False,3
35,20,,,False,3
35,21,,,True,4
35,22,,,False,3
35,23,,,True,2
35,24,,,False,3
35,25,,,True,3
35,26,,,False,3
35,27,,,True,4
35,28,,,False,4
35,29,,,True,2
35,30,,,False,3
35,31,,,True,2
35,32,,,False,5
35,33,,,True,2
35,34,,,False,3
35,35,,,False,3
35,36,,,True,2
35,37,,,False,5
35,38,,,True,3
36,2,,,True,4
36,3,,,False,2
36,4,,,True,3
36,5,,,False,3
36,6,,,True,3
36,7,,,False,3
36,8,,,True,4
36,9,,,True,2
36,10,,,False,4
36,11,,,True,2
36,12,,,False,2
36,13,,,True,3
36,14,,,True,3
36,15,,,False,2
36,16,,,False,4
36,17,,,True,2
36,18,,,True,4
36,19,,,False,3
36,20,,,False,3
36,21,,,True,4
36,22,,,False,3
36,23,,,True,2
36,24,,,False,3
36,25,,,True,3
36,26,,,False,3
36,27,,,True,4
36,28,,,False,4
36,29,,,True,2
36,30,,,False,3
36,31,,,True,2
36,32,,,False,5
36,33,,,True,2
36,34,,,False,3
36,35,,,False,3
36,36,,,True,2
36,37,,,False,5
36,38,,,True,3
37,2,,,True,4
37,3,,,False,2
37,4,,,True,3
37,5,,,False,3
37,6,,,True,3
37,7,,,False,3
37,8,,,True,4
37,9,,,True,2
37,10,,,False,4
37,11,,,True,2
37,12,,,False,2
37,13,,,True,3
37,14,,,True,3
37,15,,,False,2
37,16,,,False,4
37,17,,,True,2
37,18,,,True,4
37,19,,,False,3
37,20,,,False,3
37,21,,,True,4
37,22,,,False,3
37,23,,,True,2
37,24,,,False,3
37,25,,,True,3
37,26,,,False,3
37,27,,,True,4
37,28,,,False,4
37,29,,,True,2
37,30,,,False,3
37,31,,,True,2
37,32,,,False,5
37,33,,,True,2
37,34,,,False,3
37,35,,,False,3
37,36,,,True,2
37,37,,,False,5
37,38,,,True,3
38,2,,,True,4
38,3,,,False,2
38,4,,,True,3
38,5,,,False,3
38,6,,,True,3
38,7,,,False,3
38,8,,,True,4
38,9,,,True,2
38,10,,,False,4
38,11,,,True,2
38,12,,,False,2
38,13,,,True,3
38,14,,,True,3
38,15,,,False,2
38,16,,,False,4
38,17,,,True,2
38,18,,,True,4
38,19,,,False,3
38,20,,,False,3
38,21,,,True,4
38,22,,,False,3
38,23,,,True,2
38,24,,,False,3
38,25,,,True,3
38,26,,,False,3
38,27,,,True,4
38,28,,,False,4
38,29,,,True,2
38,30,,,False,3
38,31,,,True,2
38,32,,,False,5
38,33,,,True,2
38,34,,,False,3
38,35,,,False,3
38,36,,,True,2
38,37,,,False,5
38,38,,,True,3
39,2,,,True,4
39,3,,,False,2
39,4,,,True,3
39,5,,,False,3
39,6,,,True,3
39,7,,,False,3
39,8,,,True,4
39,9,,,True,2
39,10,,,False,4
39,11,,,True,2
39,12,,,False,2
39,13,,,True,3
39,14,,,True,3
39,15,,,False,2
39,16,,,False,4
39,17,,,True,2
39,18,,,True,4
39,19,,,False,3
39,20,,,False,3
39,21,,,True,4
39,22,,,False,3
39,23,,,True,2
39,24,,,False,3
39,25,,,True,3
39,26,,,False,3
39,27,,,True,4
39,28,,,False,4
39,29,,,True,2
39,30,,,False,3
39,31,,,True,2
39,32,,,False,5
39,33,,,True,2
39,34,,,False,3
39,35,,,False,3
39,36,,,True,2
39,37,,,False,5
39,38,,,True,3
41,2,,,True,4
41,3,,,False,2
41,4,,,True,3
41,5,,,False,3
41,6,,,True,3
41,7,,,False,3
41,8,,,True,4
41,9,,,True,2
41,10,,,False,4
41,11,,,True,2
41,12,,,False,2
41,13,,,True,3
41,14,,,True,3
41,15,,,False,2
41,16,,,False,4
41,17,,,True,2
41,18,,,True,4
41,19,,,False,3
41,20,,,False,3
41,21,,,True,4
41,22,,,False,3
41,23,,,True,2
41,24,,,False,3
41,25,,,True,3
41,26,,,False,3
41,27,,,True,4
41,28,,,False,4
41,29,,,True,2
41,30,,,False,3
41,31,,,True,2
41,32,,,False,5
41,33,,,True,2
41,34,,,False,3
41,35,,,False,3
41,36,,,True,2
41,37,,,False,5
41,38,,,True,3
44,2,,,True,4
44,3,,,False,2
44,4,,,True,3
44,5,,,False,3
44,6,,,True,3
44,7,,,False,3
44,8,,,True,4
44,9,,,True,2
44,10,,,False,4
44,11,,,True,2
44,12,,,False,2
44,13,,,True,3
44,14,,,True,3
44,15,,,False,2
44,16,,,False,4
44,17,,,True,2
44,18,,,True,4
44,19,,,False,3
44,20,,,False,3
44,21,,,True,4
44,22,,,False,3
44,23,,,True,2
44,24,,,False,3
44,25,,,True,3
44,26,,,False,3
44,27,,,True,4
44,28,,,False,4
44,29,,,True,2
44,30,,,False,3
44,31,,,True,2
44,32,,,False,5
44,33,,,True,2
44,34,,,False,3
44,35,,,False,3
44,36,,,True,2
44,37,,,False,5
44,38,,,True,3
45,2,,,True,4
45,3,,,False,2
45,4,,,True,3
45,5,,,False,3
45,6,,,True,3
45,7,,,False,3
45,8,,,True,4
45,9,,,True,2
45,10,,,False,4
45,11,,,True,2
45,12,,,False,2
45,13,,,True,3
45,14,,,True,3
45,15,,,False,2
45,16,,,False,4
45,17,,,True,2
45,18,,,True,4
45,19,,,False,3
45,20,,,False,3
45,21,,,True,4
45,22,,,False,3
45,23,,,True,2
45,24,,,False,3
45,25,,,True,3
45,26,,,False,3
45,27,,,True,4
45,28,,,False,4
45,29,,,True,2
45,30,,,False,3
45,31,,,True,2
45,32,,,False,5
45,33,,,True,2
45,34,,,False,3
45,35,,,False,3
45,36,,,True,2
45,37,,,False,5
45,38,,,True,3
46,2,,,True,4
46,3,,,False,2
46,4,,,True,3
46,5,,,False,3
46,6,,,True,3
46,7,,,False,3
46,8,,,True,4
46,9,,,True,2
46,10,,,False,4
46,11,,,True,2
46,12,,,False,2
46,13,,,True,3
46,14,,,True,3
46,15,,,False,2
46,16,,,False,4
46,17,,,True,2
46,18,,,True,4
46,19,,,False,3
46,20,,,False,3
46,21,,,True,4
46,22,,,False,3
46,23,,,True,2
46,24,,,False,3
46,25,,,True,3
46,26,,,False,3
46,27,,,True,4
46,28,,,False,4
46,29,,,True,2
46,30,,,False,3
46,31,,,True,2
46,32,,,False,5
46,33,,,True,2
46,34,,,False,3
46,35,,,False,3
46,36,,,True,2
46,37,,,False,5
46,38,,,True,3
47,2,,,True,4
47,3,,,False,2
47,4,,,True,3
47,5,,,False,3
47,6,,,True,3
47,7,,,False,3
47,8,,,True,4
47,9,,,True,2
47,10,,,False,4
47,11,,,True,2
47,12,,,False,2
47,13,,,True,3
47,14,,,True,3
47,15,,,False,2
47,16,,,False,4
47,17,,,True,2
47,18,,,True,4
47,19,,,False,3
47,20,,,False,3
47,21,,,True,4
47,22,,,False,3
47,23,,,True,2
47,24,,,False,3
47,25,,,True,3
47,26,,,False,3
47,27,,,True,4
47,28,,,False,4
47,29,,,True,2
47,30,,,False,3
47,31,,,True,2
47,32,,,False,5
47,33,,,True,2
47,34,,,False,3
47,35,,,False,3
47,36,,,True,2
47,37,,,False,5
47,38,,,True,3
48,2,,,True,4
48,3,,,False,2
48,4,,,True,3
48,5,,,False,3
48,6,,,True,3
48,7,,,False,3
48,8,,,True,4
48,9,,,True,2
48,10,,,False,4
48,11,,,True,2
48,12,,,False,2
48,13,,,True,3
48,14,,,True,3
48,15,,,False,2
48,16,,,False,4
48,17,,,True,2
48,18,,,True,4
48,19,,,False,3
48,20,,,False,3
48,21,,,True,4
48,22,,,False,3
48,23,,,True,2
48,24,,,False,3
48,25,,,True,3
48,26,,,False,3
48,27,,,True,4
48,28,,,False,4
48,29,,,True,2
48,30,,,False,3
48,31,,,True,2
48,32,,,False,5
48,33,,,True,2
48,34,,,False,3
48,35,,,False,3
48,36,,,True,2
48,37,,,False,5
48,38,,,True,3
49,2,,,True,4
49,3,,,False,2
49,4,,,True,3
49,5,,,False,3
49,6,,,True,3
49,7,,,False,3
49,8,,,True,4
49,9,,,True,2
49,10,,,False,4
49,11,,,True,2
49,12,,,False,2
49,13,,,True,3
49,14,,,True,3
49,15,,,False,2
49,16,,,False,4
49,17,,,True,2
49,18,,,True,4
49,19,,,False,3
49,20,,,False,3
49,21,,,True,4
49,22,,,False,3
49,23,,,True,2
49,24,,,False,3
49,25,,,True,3
49,26,,,False,3
49,27,,,True,4
49,28,,,False,4
49,29,,,True,2
49,30,,,False,3
49,31,,,True,2
49,32,,,False,5
49,33,,,True,2
49,34,,,False,3
49,35,,,False,3
49,36,,,True,2
49,37,,,False,5
49,38,,,True,3
50,2,,,True,4
50,3,,,False,2
50,4,,,True,3
50,5,,,False,3
50,6,,,True,3
50,7,,,False,3
50,8,,,True,4
50,9,,,True,2
50,10,,,False,4
50,11,,,True,2
50,12,,,False,2
50,13,,,True,3
50,14,,,True,3
50,15,,,False,2
50,16,,,False,4
50,17,,,True,2
50,18,,,True,4
50,19,,,False,3
50,20,,,False,3
50,21,,,True,4
50,22,,,False,3
50,23,,,True,2
50,24,,,False,3
50,25,,,True,3
50,26,,,False,3
50,27,,,True,4
50,28,,,False,4
50,29,,,True,2
50,30,,,False,3
50,31,,,True,2
50,32,,,False,5
50,33,,,True,2
50,34,,,False,3
50,35,,,False,3
50,36,,,True,2
50,37,,,False,5
50,38,,,True,3
51,2,,,True,4
51,3,,,False,2
51,4,,,True,3
51,5,,,False,3
51,6,,,True,3
51,7,,,False,3
51,8,,,True,4
51,9,,,True,2
51,10,,,False,4
51,11,,,True,2
51,12,,,False,2
51,13,,,True,3
51,14,,,True,3
51,15,,,False,2
51,16,,,False,4
51,17,,,True,2
51,18,,,True,4
51,19,,,False,3
51,20,,,False,3
51,21,,,True,4
51,22,,,False,3
51,23,,,True,2
51,24,,,False,3
51,25,,,True,3
51,26,,,False,3
51,27,,,True,4
51,28,,,False,4
51,29,,,True,2
51,30,,,False,3
51,31,,,True,2
51,32,,,False,5
51,33,,,True,2
51,34,,,False,3
51,35,,,False,3
51,36,,,True,2
51,37,,,False,5
51,38,,,True,3
52,2,,,True,4
52,3,,,False,2
52,4,,,True,3
52,5,,,False,3
52,6,,,True,3
52,7,,,False,3
52,8,,,True,4
52,9,,,True,2
52,10,,,False,4
52,11,,,True,2
52,12,,,False,2
52,13,,,True,3
52,14,,,True,3
52,15,,,False,2
52,16,,,False,4
52,17,,,True,2
52,18,,,True,4
52,19,,,False,3
52,20,,,False,3
52,21,,,True,4
52,22,,,False,3
52,23,,,True,2
52,24,,,False,3
52,25,,,True,3
52,26,,,False,3
52,27,,,True,4
52,28,,,False,4
52,29,,,True,2
52,30,,,False,3
52,31,,,True,2
52,32,,,False,5
52,33,,,True,2
52,34,,,False,3
52,35,,,False,3
52,36,,,True,2
52,37,,,False,5
52,38,,,True,3
53,2,,,True,4
53,3,,,False,2
53,4,,,True,3
53,5,,,False,3
53,6,,,True,3
53,7,,,False,3
53,8,,,True,4
53,9,,,True,2
53,10,,,False,4
53,11,,,True,2
53,12,,,False,2
53,13,,,True,3
53,14,,,True,3
53,15,,,False,2
53,16,,,False,4
53,17,,,True,2
53,18,,,True,4
53,19,,,False,3
53,20,,,False,3
53,21,,,True,4
53,22,,,False,3
53,23,,,True,2
53,24,,,False,3
53,25,,,True,3
53,26,,,False,3
53,27,,,True,4
53,28,,,False,4
53,29,,,True,2
53,30,,,False,3
53,31,,,True,2
53,32,,,False,5
53,33,,,True,2
53,34,,,False,3
53,35,,,False,3
53,36,,,True,2
53,37,,,False,5
53,38,,,True,3
54,2,,,True,4
54,3,,,False,2
54,4,,,True,3
54,5,,,False,3
54,6,,,True,3
54,7,,,False,3
54,8,,,True,4
54,9,,,True,2
54,10,,,False,4
54,11,,,True,2
54,12,,,False,2
54,13,,,True,3
54,14,,,True,3
54,15,,,False,2
54,16,,,False,4
54,17,,,True,2
54,18,,,True,4
54,19,,,False,3
54,20,,,False,3
54,21,,,True,4
54,22,,,False,3
54,23,,,True,2
54,24,,,False,3
54,25,,,True,3
54,26,,,False,3
54,27,,,True,4
54,28,,,False,4
54,29,,,True,2
54,30,,,False,3
54,31,,,True,2
54,32,,,False,5
54,33,,,True,2
54,34,,,False,3
54,35,,,False,3
54,36,,,True,2
54,37,,,False,5
54,38,,,True,3
55,2,,,True,4
55,3,,,False,2
55,4,,,True,3
55,5,,,False,3
55,6,,,True,3
55,7,,,False,3
55,8,,,True,4
55,9,,,True,2
55,10,,,False,4
55,11,,,True,2
55,12,,,False,2
55,13,,,True,3
55,14,,,True,3
55,15,,,False,2
55,16,,,False,4
55,17,,,True,2
55,18,,,True,4
55,19,,,False,3
55,20,,,False,3
55,21,,,True,4
55,22,,,False,3
55,23,,,True,2
55,24,,,False,3
55,25,,,True,3
55,26,,,False,3
55,27,,,True,4
55,28,,,False,4
55,29,,,True,2
55,30,,,False,3
55,31,,,True,2
55,32,,,False,5
55,33,,,True,2
55,34,,,False,3
55,35,,,False,3
55,36,,,True,2
55,37,,,False,5
55,38,,,True,3
56,2,,,True,4
56,3,,,False,2
56,4,,,True,3
56,5,,,False,3
56,6,,,True,3
56,7,,,False,3
56,8,,,True,4
56,9,,,True,2
56,10,,,False,4
56,11,,,True,2
56,12,,,False,2
56,13,,,True,3
56,14,,,True,3
56,15,,,False,2
56,16,,,False,4
56,17,,,True,2
56,18,,,True,4
56,19,,,False,3
56,20,,,False,3
56,21,,,True,4
56,22,,,False,3
56,23,,,True,2
56,24,,,False,3
56,25,,,True,3
56,26,,,False,3
56,27,,,True,4
56,28,,,False,4
56,29,,,True,2
56,30,,,False,3
56,31,,,True,2
56,32,,,False,5
56,33,,,True,2
56,34,,,False,3
56,35,,,False,3
56,36,,,True,2
56,37,,,False,5
56,38,,,True,3
160,2,,,True,4
160,3,,,False,2
160,4,,,True,3
160,5,,,False,3
160,6,,,True,3
160,7,,,False,3
160,8,,,True,4
160,9,,,True,2
160,10,,,False,4
160,11,,,True,2
160,12,,,False,2
160,13,,,True,3
160,14,,,True,3
160,15,,,False,2
160,16,,,False,4
160,17,,,True,2
160,18,,,True,4
160,19,,,False,3
160,20,,,False,3
160,21,,,True,4
160,22,,,False,3
160,23,,,True,2
160,24,,,False,3
160,25,,,True,3
160,26,,,False,3
160,27,,,True,4
160,28,,,False,4
160,29,,,True,2
160,30,,,False,3
160,31,,,True,2
160,32,,,False,5
160,33,,,True,2
160,34,,,False,3
160,35,,,False,3
160,36,,,True,2
160,37,,,False,5
160,38,,,True,3
166,2,,,True,2
166,3,,,False,5
166,4,,,True,2
166,5,,,False,3
166,6,,,True,3
166,7,,,False,3
166,8,,,True,3
166,9,,,True,4
166,10,,,False,3
166,11,,,True,2
166,12,,,False,3
166,13,,,True,3
166,14,,,True,4
166,15,,,False,5
166,16,,,True,3
166,17,,,False,2
166,18,,,False,2
166,19,,,True,2
166,20,,,False,3
166,21,,,True,2
166,22,,,False,3
166,23,,,True,3
166,24,,,False,4
166,25,,,False,3
166,26,,,True,2
166,27,,,False,4
166,28,,,True,2
166,29,,,True,4
166,30,,,False,2
166,31,,,True,2
166,32,,,False,3
166,33,,,True,4
166,34,,,False,4
166,35,,,False,3
166,36,,,True,3
166,37,,,False,3
166,38,,,True,3
582,2,,,True,4
582,3,,,False,2
582,4,,,True,3
582,5,,,False,3
582,6,,,True,3
582,7,,,False,3
582,8,,,True,4
582,9,,,True,2
582,10,,,False,4
582,11,,,True,2
582,12,,,False,2
582,13,,,True,3
582,14,,,True,3
582,15,,,False,2
582,16,,,False,4
582,17,,,True,2
582,18,,,True,4
582,19,,,False,3
582,20,,,False,3
582,21,,,True,4
582,22,,,False,3
582,23,,,True,2
582,24,,,False,3
582,25,,,True,3
582,26,,,False,3
582,27,,,True,4
582,28,,,False,4
582,29,,,True,2
582,30,,,False,3
582,31,,,True,2
582,32,,,False,5
582,33,,,True,2
582,34,,,False,3
582,35,,,False,3
582,36,,,True,2
582,37,,,False,5
582,38,,,True,3
596,2,,,True,4
596,3,,,False,2
596,4,,,True,3
596,5,,,False,3
596,6,,,True,3
596,7,,,False,3
596,8,,,True,4
596,9,,,True,2
596,10,,,False,4
596,11,,,True,2
596,12,,,False,2
596,13,,,True,3
596,14,,,True,3
596,15,,,False,2
596,16,,,False,4
596,17,,,True,2
596,18,,,True,4
596,19,,,False,3
596,20,,,False,3
596,21,,,True,4
596,22,,,False,3
596,23,,,True,2
596,24,,,False,3
596,25,,,True,3
596,26,,,False,3
596,27,,,True,4
596,28,,,False,4
596,29,,,True,2
596,30,,,False,3
596,31,,,True,2
596,32,,,False,5
596,33,,,True,2
596,34,,,False,3
596,35,,,False,3
596,36,,,True,2
596,37,,,False,5
596,38,,,True,3
597,2,,,True,4
597,3,,,False,2
597,4,,,True,3
597,5,,,False,3
597,6,,,True,3
597,7,,,False,3
597,8,,,True,4
597,9,,,True,2
597,10,,,False,4
597,11,,,True,2
597,12,,,False,2
597,13,,,True,3
597,14,,,True,3
597,15,,,False,2
597,16,,,False,4
597,17,,,True,2
597,18,,,True,4
597,19,,,False,3
597,20,,,False,3
597,21,,,True,4
597,22,,,False,3
597,23,,,True,2
597,24,,,False,3
597,25,,,True,3
597,26,,,False,3
597,27,,,True,4
597,28,,,False,4
597,29,,,True,2
597,30,,,False,3
597,31,,,True,2
597,32,,,False,5
597,33,,,True,2
597,34,,,False,3
597,35,,,False,3
597,36,,,True,2
597,37,,,False,5
597,38,,,True,3
606,2,,,True,4
606,3,,,False,2
606,4,,,True,3
606,5,,,False,3
606,6,,,True,3
606,7,,,False,3
606,8,,,True,4
606,9,,,True,2
606,10,,,False,4
606,11,,,True,2
606,12,,,False,2
606,13,,,True,3
606,14,,,True,3
606,15,,,False,2
606,16,,,False,4
606,17,,,True,2
606,18,,,True,4
606,19,,,False,3
606,20,,,False,3
606,21,,,True,4
606,22,,,False,3
606,23,,,True,2
606,24,,,False,3
606,25,,,True,3
606,26,,,False,3
606,27,,,True,4
606,28,,,False,4
606,29,,,True,2
606,30,,,False,3
606,31,,,True,2
606,32,,,False,5
606,33,,,True,2
606,34,,,False,3
606,35,,,False,3
606,36,,,True,2
606,37,,,False,5
606,38,,,True,3
607,2,,,True,4
607,3,,,False,2
607,4,,,True,3
607,5,,,False,3
607,6,,,True,3
607,7,,,False,3
607,8,,,True,4
607,9,,,True,2
607,10,,,False,4
607,11,,,True,2
607,12,,,False,2
607,13,,,True,3
607,14,,,True,3
607,15,,,False,2
607,16,,,False,4
607,17,,,True,2
607,18,,,True,4
607,19,,,False,3
607,20,,,False,3
607,21,,,True,4
607,22,,,False,3
607,23,,,True,2
607,24,,,False,3
607,25,,,True,3
607,26,,,False,3
607,27,,,True,4
607,28,,,False,4
607,29,,,True,2
607,30,,,False,3
607,31,,,True,2
607,32,,,False,5
607,33,,,True,2
607,34,,,False,3
607,35,,,False,3
607,36,,,True,2
607,37,,,False,5
607,38,,,True,3
611,2,,,True,4
611,3,,,False,2
611,4,,,True,3
611,5,,,False,3
611,6,,,True,3
611,7,,,False,3
611,8,,,True,4
611,9,,,True,2
611,10,,,False,4
611,11,,,True,2
611,12,,,False,2
611,13,,,True,3
611,14,,,True,3
611,15,,,False,2
611,16,,,False,4
611,17,,,True,2
611,18,,,True,4
611,19,,,False,3
611,20,,,False,3
611,21,,,True,4
611,22,,,False,3
611,23,,,True,2
611,24,,,False,3
611,25,,,True,3
611,26,,,False,3
611,27,,,True,4
611,28,,,False,4
611,29,,,True,2
611,30,,,False,3
611,31,,,True,2
611,32,,,False,5
611,33,,,True,2
611,34,,,False,3
611,35,,,False,3
611,36,,,True,2
611,37,,,False,5
611,38,,,True,3
618,2,,,True,4
618,3,,,False,2
618,4,,,True,3
618,5,,,False,3
618,6,,,True,3
618,7,,,False,3
618,8,,,True,4
618,9,,,True,2
618,10,,,False,4
618,11,,,True,2
618,12,,,False,2
618,13,,,True,3
618,14,,,True,3
618,15,,,False,2
618,16,,,False,4
618,17,,,True,2
618,18,,,True,4
618,19,,,False,3
618,20,,,False,3
618,21,,,True,4
618,22,,,False,3
618,23,,,True,2
618,24,,,False,3
618,25,,,True,3
618,26,,,False,3
618,27,,,True,4
618,28,,,False,4
618,29,,,True,2
618,30,,,False,3
618,31,,,True,2
618,32,,,False,5
618,33,,,True,2
618,34,,,False,3
618,35,,,False,3
618,36,,,True,2
618,37,,,False,5
618,38,,,True,3
57,2,,,True,3
57,3,,,False,3
57,4,,,True,3
57,5,,,True,4
57,6,,,False,4
57,7,,,True,2
57,8,,,False,4
57,9,,,True,2
57,10,,,False,2
57,11,,,True,3
57,12,,,False,3
57,13,,,True,2
57,14,,,True,2
57,15,,,False,5
57,16,,,True,2
57,17,,,False,3
57,18,,,False,3
57,19,,,True,3
57,20,,,False,3
57,21,,,True,2
57,22,,,False,3
57,23,,,True,2
57,24,,,False,3
57,25,,,False,4
57,26,,,True,3
57,27,,,False,2
57,28,,,True,3
57,29,,,True,2
57,30,,,False,3
57,31,,,True,4
57,32,,,False,3
57,33,,,True,4
57,34,,,False,2
57,35,,,True,4
57,36,,,False,3
57,37,,,True,4
57,38,,,False,4
58,2,,,True,3
58,3,,,False,3
58,4,,,True,3
58,5,,,True,4
58,6,,,False,4
58,7,,,True,2
58,8,,,False,4
58,9,,,True,2
58,10,,,False,2
58,11,,,True,3
58,12,,,False,3
58,13,,,True,2
58,14,,,True,2
58,15,,,False,5
58,16,,,True,2
58,17,,,False,3
58,18,,,False,3
58,19,,,True,3
58,20,,,False,3
58,21,,,True,2
58,22,,,False,3
58,23,,,True,2
58,24,,,False,3
58,25,,,False,4
58,26,,,True,3
58,27,,,False,2
58,28,,,True,3
58,29,,,True,2
58,30,,,False,3
58,31,,,True,4
58,32,,,False,3
58,33,,,True,4
58,34,,,False,2
58,35,,,True,4
58,36,,,False,3
58,37,,,True,4
58,38,,,False,4
59,2,,,True,3
59,3,,,False,3
59,4,,,True,3
59,5,,,True,4
59,6,,,False,4
59,7,,,True,2
59,8,,,False,4
59,9,,,True,2
59,10,,,False,2
59,11,,,True,3
59,12,,,False,3
59,13,,,True,2
59,14,,,True,2
59,15,,,False,5
59,16,,,True,2
59,17,,,False,3
59,18,,,False,3
59,19,,,True,3
59,20,,,False,3
59,21,,,True,2
59,22,,,False,3
59,23,,,True,2
59,24,,,False,3
59,25,,,False,4
59,26,,,True,3
59,27,,,False,2
59,28,,,True,3
59,29,,,True,2
59,30,,,False,3
59,31,,,True,4
59,32,,,False,3
59,33,,,True,4
59,34,,,False,2
59,35,,,True,4
59,36,,,False,3
59,37,,,True,4
59,38,,,False,4
60,2,,,True,3
60,3,,,False,3
60,4,,,True,3
60,5,,,True,4
60,6,,,False,4
60,7,,,True,2
60,8,,,False,4
60,9,,,True,2
60,10,,,False,2
60,11,,,True,3
60,12,,,False,3
60,13,,,True,2
60,14,,,True,2
60,15,,,False,5
60,16,,,True,2
60,17,,,False,3
60,18,,,False,3
60,19,,,True,3
60,20,,,False,3
60,21,,,True,2
60,22,,,False,3
60,23,,,True,2
60,24,,,False,3
60,25,,,False,4
60,26,,,True,3
60,27,,,False,2
60,28,,,True,3
60,29,,,True,2
60,30,,,False,3
60,31,,,True,4
60,32,,,False,3
60,33,,,True,4
60,34,,,False,2
60,35,,,True,4
60,36,,,False,3
60,37,,,True,4
60,38,,,False,4
61,2,,,True,3
61,3,,,False,3
61,4,,,True,3
61,5,,,True,4
61,6,,,False,4
61,7,,,True,2
61,8,,,False,4
61,9,,,True,2
61,10,,,False,2
61,11,,,True,3
61,12,,,False,3
61,13,,,True,2
61,14,,,True,2
61,15,,,False,5
61,16,,,True,2
61,17,,,False,3
61,18,,,False,3
61,19,,,True,3
61,20,,,False,3
61,21,,,True,2
61,22,,,False,3
61,23,,,True,2
61,24,,,False,3
61,25,,,False,4
61,26,,,True,3
61,27,,,False,2
61,28,,,True,3
61,29,,,True,2
61,30,,,False,3
61,31,,,True,4
61,32,,,False,3
61,33,,,True,4
61,34,,,False,2
61,35,,,True,4
61,36,,,False,3
61,37,,,True,4
61,38,,,False,4
62,2,,,True,3
62,3,,,False,3
62,4,,,True,3
62,5,,,True,4
62,6,,,False,4
62,7,,,True,2
62,8,,,False,4
62,9,,,True,2
62,10,,,False,2
62,11,,,True,3
62,12,,,False,3
62,13,,,True,2
62,14,,,True,2
62,15,,,False,5
62,16,,,True,2
62,17,,,False,3
62,18,,,False,3
62,19,,,True,3
62,20,,,False,3
62,21,,,True,2
62,22,,,False,3
62,23,,,True,2
62,24,,,False,3
62,25,,,False,4
62,26,,,True,3
62,27,,,False,2
62,28,,,True,3
62,29,,,True,2
62,30,,,False,3
62,31,,,True,4
62,32,,,False,3
62,33,,,True,4
62,34,,,False,2
62,35,,,True,4
62,36,,,False,3
62,37,,,True,4
62,38,,,False,4
63,2,,,True,3
63,3,,,False,3
63,4,,,True,3
63,5,,,True,4
63,6,,,False,4
63,7,,,True,2
63,8,,,False,4
63,9,,,True,2
63,10,,,False,2
63,11,,,True,3
63,12,,,False,3
63,13,,,True,2
63,14,,,True,2
63,15,,,False,5
63,16,,,True,2
63,17,,,False,3
63,18,,,False,3
63,19,,,True,3
63,20,,,False,3
63,21,,,True,2
63,22,,,False,3
63,23,,,True,2
63,24,,,False,3
63,25,,,False,4
63,26,,,True,3
63,27,,,False,2
63,28,,,True,3
63,29,,,True,2
63,30,,,False,3
63,31,,,True,4
63,32,,,False,3
63,33,,,True,4
63,34,,,False,2
63,35,,,True,4
63,36,,,False,3
63,37,,,True,4
63,38,,,False,4
64,2,,,True,3
64,3,,,False,3
64,4,,,True,3
64,5,,,True,4
64,6,,,False,4
64,7,,,True,2
64,8,,,False,4
64,9,,,True,2
64,10,,,False,2
64,11,,,True,3
64,12,,,False,3
64,13,,,True,2
64,14,,,True,2
64,15,,,False,5
64,16,,,True,2
64,17,,,False,3
64,18,,,False,3
64,19,,,True,3
64,20,,,False,3
64,21,,,True,2
64,22,,,False,3
64,23,,,True,2
64,24,,,False,3
64,25,,,False,4
64,26,,,True,3
64,27,,,False,2
64,28,,,True,3
64,29,,,True,2
64,30,,,False,3
64,31,,,True,4
64,32,,,False,3
64,33,,,True,4
64,34,,,False,2
64,35,,,True,4
64,36,,,False,3
64,37,,,True,4
64,38,,,False,4
65,2,,,True,3
65,3,,,False,3
65,4,,,True,3
65,5,,,True,4
65,6,,,False,4
65,7,,,True,2
65,8,,,False,4
65,9,,,True,2
65,10,,,False,2
65,11,,,True,3
65,12,,,False,3
65,13,,,True,2
65,14,,,True,2
65,15,,,False,5
65,16,,,True,2
65,17,,,False,3
65,18,,,False,3
65,19,,,True,3
65,20,,,False,3
65,21,,,True,2
65,22,,,False,3
65,23,,,True,2
65,24,,,False,3
65,25,,,False,4
65,26,,,True,3
65,27,,,False,2
65,28,,,True,3
65,29,,,True,2
65,30,,,False,3
65,31,,,True,4
65,32,,,False,3
65,33,,,True,4
65,34,,,False,2
65,35,,,True,4
65,36,,,False,3
65,37,,,True,4
65,38,,,False,4
66,2,,,True,3
66,3,,,False,3
66,4,,,True,3
66,5,,,True,4
66,6,,,False,4
66,7,,,True,2
66,8,,,False,4
66,9,,,True,2
66,10,,,False,2
66,11,,,True,3
66,12,,,False,3
66,13,,,True,2
66,14,,,True,2
66,15,,,False,5
66,16,,,True,2
66,17,,,False,3
66,18,,,False,3
66,19,,,True,3
66,20,,,False,3
66,21,,,True,2
66,22,,,False,3
66,23,,,True,2
66,24,,,False,3
66,25,,,False,4
66,26,,,True,3
66,27,,,False,2
66,28,,,True,3
66,29,,,True,2
66,30,,,False,3
66,31,,,True,4
66,32,,,False,3
66,33,,,True,4
66,34,,,False,2
66,35,,,True,4
66,36,,,False,3
66,37,,,True,4
66,38,,,False,4
67,2,,,True,3
67,3,,,False,3
67,4,,,True,3
67,5,,,True,4
67,6,,,False,4
67,7,,,True,2
67,8,,,False,4
67,9,,,True,2
67,10,,,False,2
67,11,,,True,3
67,12,,,False,3
67,13,,,True,2
67,14,,,True,2
67,15,,,False,5
67,16,,,True,2
67,17,,,False,3
67,18,,,False,3
67,19,,,True,3
67,20,,,False,3
67,21,,,True,2
67,22,,,False,3
67,23,,,True,2
67,24,,,False,3
67,25,,,False,4
67,26,,,True,3
67,27,,,False,2
67,28,,,True,3
67,29,,,True,2
67,30,,,False,3
67,31,,,True,4
67,32,,,False,3
67,33,,,True,4
67,34,,,False,2
67,35,,,True,4
67,36,,,False,3
67,37,,,True,4
67,38,,,False,4
68,2,,,True,3
68,3,,,False,3
68,4,,,True,3
68,5,,,True,4
68,6,,,False,4
68,7,,,True,2
68,8,,,False,4
68,9,,,True,2
68,10,,,False,2
68,11,,,True,3
68,12,,,False,3
68,13,,,True,2
68,14,,,True,2
68,15,,,False,5
68,16,,,True,2
68,17,,,False,3
68,18,,,False,3
68,19,,,True,3
68,20,,,False,3
68,21,,,True,2
68,22,,,False,3
68,23,,,True,2
68,24,,,False,3
68,25,,,False,4
68,26,,,True,3
68,27,,,False,2
68,28,,,True,3
68,29,,,True,2
68,30,,,False,3
68,31,,,True,4
68,32,,,False,3
68,33,,,True,4
68,34,,,False,2
68,35,,,True,4
68,36,,,False,3
68,37,,,True,4
68,38,,,False,4
69,2,,,True,3
69,3,,,False,3
69,4,,,True,3
69,5,,,True,4
69,6,,,False,4
69,7,,,True,2
69,8,,,False,4
69,9,,,True,2
69,10,,,False,2
69,11,,,True,3
69,12,,,False,3
69,13,,,True,2
69,14,,,True,2
69,15,,,False,5
69,16,,,True,2
69,17,,,False,3
69,18,,,False,3
69,19,,,True,3
69,20,,,False,3
69,21,,,True,2
69,22,,,False,3
69,23,,,True,2
69,24,,,False,3
69,25,,,False,4
69,26,,,True,3
69,27,,,False,2
69,28,,,True,3
69,29,,,True,2
69,30,,,False,3
69,31,,,True,4
69,32,,,False,3
69,33,,,True,4
69,34,,,False,2
69,35,,,True,4
69,36,,,False,3
69,37,,,True,4
69,38,,,False,4
70,2,,,True,3
70,3,,,False,3
70,4,,,True,3
70,5,,,True,4
70,6,,,False,4
70,7,,,True,2
70,8,,,False,4
70,9,,,True,2
70,10,,,False,2
70,11,,,True,3
70,12,,,False,3
70,13,,,True,2
70,14,,,True,2
70,15,,,False,5
70,16,,,True,2
70,17,,,False,3
70,18,,,False,3
70,19,,,True,3
70,20,,,False,3
70,21,,,True,2
70,22,,,False,3
70,23,,,True,2
70,24,,,False,3
70,25,,,False,4
70,26,,,True,3
70,27,,,False,2
70,28,,,True,3
70,29,,,True,2
70,30,,,False,3
70,31,,,True,4
70,32,,,False,3
70,33,,,True,4
70,34,,,False,2
70,35,,,True,4
70,36,,,False,3
70,37,,,True,4
70,38,,,False,4
71,2,,,True,3
71,3,,,False,3
71,4,,,True,3
71,5,,,True,4
71,6,,,False,4
71,7,,,True,2
71,8,,,False,4
71,9,,,True,2
71,10,,,False,2
71,11,,,True,3
71,12,,,False,3
71,13,,,True,2
71,14,,,True,2
71,15,,,False,5
71,16,,,True,2
71,17,,,False,3
71,18,,,False,3
71,19,,,True,3
71,20,,,False,3
71,21,,,True,2
71,22,,,False,3
71,23,,,True,2
71,24,,,False,3
71,25,,,False,4
71,26,,,True,3
71,27,,,False,2
71,28,,,True,3
71,29,,,True,2
71,30,,,False,3
71,31,,,True,4
71,32,,,False,3
71,33,,,True,4
71,34,,,False,2
71,35,,,True,4
71,36,,,False,3
71,37,,,True,4
71,38,,,False,4
72,2,,,True,3
72,3,,,False,3
72,4,,,True,3
72,5,,,True,4
72,6,,,False,4
72,7,,,True,2
72,8,,,False,4
72,9,,,True,2
72,10,,,False,2
72,11,,,True,3
72,12,,,False,3
72,13,,,True,2
72,14,,,True,2
72,15,,,False,5
72,16,,,True,2
72,17,,,False,3
72,18,,,False,3
72,19,,,True,3
72,20,,,False,3
72,21,,,True,2
72,22,,,False,3
72,23,,,True,2
72,24,,,False,3
72,25,,,False,4
72,26,,,True,3
72,27,,,False,2
72,28,,,True,3
72,29,,,True,2
72,30,,,False,3
72,31,,,True,4
72,32,,,False,3
72,33,,,True,4
72,34,,,False,2
72,35,,,True,4
72,36,,,False,3
72,37,,,True,4
72,38,,,False,4
73,2,,,True,3
73,3,,,False,3
73,4,,,True,3
73,5,,,True,4
73,6,,,False,4
73,7,,,True,2
73,8,,,False,4
73,9,,,True,2
73,10,,,False,2
73,11,,,True,3
73,12,,,False,3
73,13,,,True,2
73,14,,,True,2
73,15,,,False,5
73,16,,,True,2
73,17,,,False,3
73,18,,,False,3
73,19,,,True,3
73,20,,,False,3
73,21,,,True,2
73,22,,,False,3
73,23,,,True,2
73,24,,,False,3
73,25,,,False,4
73,26,,,True,3
73,27,,,False,2
73,28,,,True,3
73,29,,,True,2
73,30,,,False,3
73,31,,,True,4
73,32,,,False,3
73,33,,,True,4
73,34,,,False,2
73,35,,,True,4
73,36,,,False,3
73,37,,,True,4
73,38,,,False,4
74,2,,,True,3
74,3,,,False,3
74,4,,,True,3
74,5,,,True,4
74,6,,,False,4
74,7,,,True,2
74,8,,,False,4
74,9,,,True,2
74,10,,,False,2
74,11,,,True,3
74,12,,,False,3
74,13,,,True,2
74,14,,,True,2
74,15,,,False,5
74,16,,,True,2
74,17,,,False,3
74,18,,,False,3
74,19,,,True,3
74,20,,,False,3
74,21,,,True,2
74,22,,,False,3
74,23,,,True,2
74,24,,,False,3
74,25,,,False,4
74,26,,,True,3
74,27,,,False,2
74,28,,,True,3
74,29,,,True,2
74,30,,,False,3
74,31,,,True,4
74,32,,,False,3
74,33,,,True,4
74,34,,,False,2
74,35,,,True,4
74,36,,,False,3
74,37,,,True,4
74,38,,,False,4
75,2,,,True,3
75,3,,,False,3
75,4,,,True,3
75,5,,,True,4
75,6,,,False,4
75,7,,,True,2
75,8,,,False,4
75,9,,,True,2
75,10,,,False,2
75,11,,,True,3
75,12,,,False,3
75,13,,,True,2
75,14,,,True,2
75,15,,,False,5
75,16,,,True,2
75,17,,,False,3
75,18,,,False,3
75,19,,,True,3
75,20,,,False,3
75,21,,,True,2
75,22,,,False,3
75,23,,,True,2
75,24,,,False,3
75,25,,,False,4
75,26,,,True,3
75,27,,,False,2
75,28,,,True,3
75,29,,,True,2
75,30,,,False,3
75,31,,,True,4
75,32,,,False,3
75,33,,,True,4
75,34,,,False,2
75,35,,,True,4
75,36,,,False,3
75,37,,,True,4
75,38,,,False,4
76,2,,,True,3
76,3,,,False,3
76,4,,,True,3
76,5,,,True,4
76,6,,,False,4
76,7,,,True,2
76,8,,,False,4
76,9,,,True,2
76,10,,,False,2
76,11,,,True,3
76,12,,,False,3
76,13,,,True,2
76,14,,,True,2
76,15,,,False,5
76,16,,,True,2
76,17,,,False,3
76,18,,,False,3
76,19,,,True,3
76,20,,,False,3
76,21,,,True,2
76,22,,,False,3
76,23,,,True,2
76,24,,,False,3
76,25,,,False,4
76,26,,,True,3
76,27,,,False,2
76,28,,,True,3
76,29,,,True,2
76,30,,,False,3
76,31,,,True,4
76,32,,,False,3
76,33,,,True,4
76,34,,,False,2
76,35,,,True,4
76,36,,,False,3
76,37,,,True,4
76,38,,,False,4
77,2,,,True,3
77,3,,,False,3
77,4,,,True,3
77,5,,,True,4
77,6,,,False,4
77,7,,,True,2
77,8,,,False,4
77,9,,,True,2
77,10,,,False,2
77,11,,,True,3
77,12,,,False,3
77,13,,,True,2
77,14,,,True,2
77,15,,,False,5
77,16,,,True,2
77,17,,,False,3
77,18,,,False,3
77,19,,,True,3
77,20,,,False,3
77,21,,,True,2
77,22,,,False,3
77,23,,,True,2
77,24,,,False,3
77,25,,,False,4
77,26,,,True,3
77,27,,,False,2
77,28,,,True,3
77,29,,,True,2
77,30,,,False,3
77,31,,,True,4
77,32,,,False,3
77,33,,,True,4
77,34,,,False,2
77,35,,,True,4
77,36,,,False,3
77,37,,,True,4
77,38,,,False,4
78,2,,,True,3
78,3,,,False,3
78,4,,,True,3
78,5,,,True,4
78,6,,,False,4
78,7,,,True,2
78,8,,,False,4
78,9,,,True,2
78,10,,,False,2
78,11,,,True,3
78,12,,,False,3
78,13,,,True,2
78,14,,,True,2
78,15,,,False,5
78,16,,,True,2
78,17,,,False,3
78,18,,,False,3
78,19,,,True,3
78,20,,,False,3
78,21,,,True,2
78,22,,,False,3
78,23,,,True,2
78,24,,,False,3
78,25,,,False,4
78,26,,,True,3
78,27,,,False,2
78,28,,,True,3
78,29,,,True,2
78,30,,,False,3
78,31,,,True,4
78,32,,,False,3
78,33,,,True,4
78,34,,,False,2
78,35,,,True,4
78,36,,,False,3
78,37,,,True,4
78,38,,,False,4
79,2,,,True,3
79,3,,,False,3
79,4,,,True,3
79,5,,,True,4
79,6,,,False,4
79,7,,,True,2
79,8,,,False,4
79,9,,,True,2
79,10,,,False,2
79,11,,,True,3
79,12,,,False,3
79,13,,,True,2
79,14,,,True,2
79,15,,,False,5
79,16,,,True,2
79,17,,,False,3
79,18,,,False,3
79,19,,,True,3
79,20,,,False,3
79,21,,,True,2
79,22,,,False,3
79,23,,,True,2
79,24,,,False,3
79,25,,,False,4
79,26,,,True,3
79,27,,,False,2
79,28,,,True,3
79,29,,,True,2
79,30,,,False,3
79,31,,,True,4
79,32,,,False,3
79,33,,,True,4
79,34,,,False,2
79,35,,,True,4
79,36,,,False,3
79,37,,,True,4
79,38,,,False,4
80,2,,,True,3
80,3,,,False,3
80,4,,,True,3
80,5,,,True,4
80,6,,,False,4
80,7,,,True,2
80,8,,,False,4
80,9,,,True,2
80,10,,,False,2
80,11,,,True,3
80,12,,,False,3
80,13,,,True,2
80,14,,,True,2
80,15,,,False,5
80,16,,,True,2
80,17,,,False,3
80,18,,,False,3
80,19,,,True,3
80,20,,,False,3
80,21,,,True,2
80,22,,,False,3
80,23,,,True,2
80,24,,,False,3
80,25,,,False,4
80,26,,,True,3
80,27,,,False,2
80,28,,,True,3
80,29,,,True,2
80,30,,,False,3
80,31,,,True,4
80,32,,,False,3
80,33,,,True,4
80,34,,,False,2
80,35,,,True,4
80,36,,,False,3
80,37,,,True,4
80,38,,,False,4
81,2,,,True,3
81,3,,,False,3
81,4,,,True,3
81,5,,,True,4
81,6,,,False,4
81,7,,,True,2
81,8,,,False,4
81,9,,,True,2
81,10,,,False,2
81,11,,,True,3
81,12,,,False,3
81,13,,,True,2
81,14,,,True,2
81,15,,,False,5
81,16,,,True,2
81,17,,,False,3
81,18,,,False,3
81,19,,,True,3
81,20,,,False,3
81,21,,,True,2
81,22,,,False,3
81,23,,,True,2
81,24,,,False,3
81,25,,,False,4
81,26,,,True,3
81,27,,,False,2
81,28,,,True,3
81,29,,,True,2
81,30,,,False,3
81,31,,,True,4
81,32,,,False,3
81,33,,,True,4
81,34,,,False,2
81,35,,,True,4
81,36,,,False,3
81,37,,,True,4
81,38,,,False,4
566,2,,,True,3
566,3,,,False,3
566,4,,,True,3
566,5,,,True,4
566,6,,,False,4
566,7,,,True,2
566,8,,,False,4
566,9,,,True,2
566,10,,,False,2
566,11,,,True,3
566,12,,,False,3
566,13,,,True,2
566,14,,,True,2
566,15,,,False,5
566,16,,,True,2
566,17,,,False,3
566,18,,,False,3
566,19,,,True,3
566,20,,,False,3
566,21,,,True,2
566,22,,,False,3
566,23,,,True,2
566,24,,,False,3
566,25,,,False,4
566,26,,,True,3
566,27,,,False,2
566,28,,,True,3
566,29,,,True,2
566,30,,,False,3
566,31,,,True,4
566,32,,,False,3
566,33,,,True,4
566,34,,,False,2
566,35,,,True,4
566,36,,,False,3
566,37,,,True,4
566,38,,,False,4
573,2,,,True,3
573,3,,,False,3
573,4,,,True,3
573,5,,,True,4
573,6,,,False,4
573,7,,,True,2
573,8,,,False,4
573,9,,,True,2
573,10,,,False,2
573,11,,,True,3
573,12,,,False,3
573,13,,,True,2
573,14,,,True,2
573,15,,,False,5
573,16,,,True,2
573,17,,,False,3
573,18,,,False,3
573,19,,,True,3
573,20,,,False,3
573,21,,,True,2
573,22,,,False,3
573,23,,,True,2
573,24,,,False,3
573,25,,,False,4
573,26,,,True,3
573,27,,,False,2
573,28,,,True,3
573,29,,,True,2
573,30,,,False,3
573,31,,,True,4
573,32,,,False,3
573,33,,,True,4
573,34,,,False,2
573,35,,,True,4
573,36,,,False,3
573,37,,,True,4
573,38,,,False,4
608,2,,,True,3
608,3,,,False,3
608,4,,,True,3
608,5,,,True,4
608,6,,,False,4
608,7,,,True,2
608,8,,,False,4
608,9,,,True,2
608,10,,,False,2
608,11,,,True,3
608,12,,,False,3
608,13,,,True,2
608,14,,,True,2
608,15,,,False,5
608,16,,,True,2
608,17,,,False,3
608,18,,,False,3
608,19,,,True,3
608,20,,,False,3
608,21,,,True,2
608,22,,,False,3
608,23,,,True,2
608,24,,,False,3
608,25,,,False,4
608,26,,,True,3
608,27,,,False,2
608,28,,,True,3
608,29,,,True,2
608,30,,,False,3
608,31,,,True,4
608,32,,,False,3
608,33,,,True,4
608,34,,,False,2
608,35,,,True,4
608,36,,,False,3
608,37,,,True,4
608,38,,,False,4
615,2,,,True,3
615,3,,,False,3
615,4,,,True,3
615,5,,,True,4
615,6,,,False,4
615,7,,,True,2
615,8,,,False,4
615,9,,,True,2
615,10,,,False,2
615,11,,,True,3
615,12,,,False,3
615,13,,,True,2
615,14,,,True,2
615,15,,,False,5
615,16,,,True,2
615,17,,,False,3
615,18,,,False,3
615,19,,,True,3
615,20,,,False,3
615,21,,,True,2
615,22,,,False,3
615,23,,,True,2
615,24,,,False,3
615,25,,,False,4
615,26,,,True,3
615,27,,,False,2
615,28,,,True,3
615,29,,,True,2
615,30,,,False,3
615,31,,,True,4
615,32,,,False,3
615,33,,,True,4
615,34,,,False,2
615,35,,,True,4
615,36,,,False,3
615,37,,,True,4
615,38,,,False,4
82,2,,,False,3
82,3,,,True,2
82,4,,,False,3
82,5,,,True,4
82,6,,,False,4
82,7,,,True,4
82,8,,,False,2
82,9,,,True,3
82,10,,,False,3
82,11,,,True,3
82,12,,,False,4
82,13,,,True,4
82,14,,,True,4
82,15,,,False,3
82,16,,,True,2
82,17,,,False,2
82,18,,,False,2
82,19,,,True,3
82,20,,,False,5
82,21,,,True,2
82,22,,,False,3
82,23,,,True,4
82,24,,,False,3
82,25,,,False,3
82,26,,,True,2
82,27,,,False,3
82,28,,,True,2
82,29,,,False,3
82,30,,,True,3
82,31,,,False,3
82,32,,,True,2
82,33,,,True,2
82,34,,,False,5
82,35,,,True,3
82,36,,,False,4
82,37,,,True,2
82,38,,,False,4
83,2,,,False,3
83,3,,,True,2
83,4,,,False,3
83,5,,,True,4
83,6,,,False,4
83,7,,,True,4
83,8,,,False,2
83,9,,,True,3
83,10,,,False,3
83,11,,,True,3
83,12,,,False,4
83,13,,,True,4
83,14,,,True,4
83,15,,,False,3
83,16,,,True,2
83,17,,,False,2
83,18,,,False,2
83,19,,,True,3
83,20,,,False,5
83,21,,,True,2
83,22,,,False,3
83,23,,,True,4
83,24,,,False,3
83,25,,,False,3
83,26,,,True,2
83,27,,,False,3
83,28,,,True,2
83,29,,,False,3
83,30,,,True,3
83,31,,,False,3
83,32,,,True,2
83,33,,,True,2
83,34,,,False,5
83,35,,,True,3
83,36,,,False,4
83,37,,,True,2
83,38,,,False,4
84,2,,,False,3
84,3,,,True,2
84,4,,,False,3
84,5,,,True,4
84,6,,,False,4
84,7,,,True,4
84,8,,,False,2
84,9,,,True,3
84,10,,,False,3
84,11,,,True,3
84,12,,,False,4
84,13,,,True,4
84,14,,,True,4
84,15,,,False,3
84,16,,,True,2
84,17,,,False,2
84,18,,,False,2
84,19,,,True,3
84,20,,,False,5
84,21,,,True,2
84,22,,,False,3
84,23,,,True,4
84,24,,,False,3
84,25,,,False,3
84,26,,,True,2
84,27,,,False,3
84,28,,,True,2
84,29,,,False,3
84,30,,,True,3
84,31,,,False,3
84,32,,,True,2
84,33,,,True,2
84,34,,,False,5
84,35,,,True,3
84,36,,,False,4
84,37,,,True,2
84,38,,,False,4
85,2,,,False,3
85,3,,,True,2
85,4,,,False,3
85,5,,,True,4
85,6,,,False,4
85,7,,,True,4
85,8,,,False,2
85,9,,,True,3
85,10,,,False,3
85,11,,,True,3
85,12,,,False,4
85,13,,,True,4
85,14,,,True,4
85,15,,,False,3
85,16,,,True,2
85,17,,,False,2
85,18,,,False,2
85,19,,,True,3
85,20,,,False,5
85,21,,,True,2
85,22,,,False,3
85,23,,,True,4
85,24,,,False,3
85,25,,,False,3
85,26,,,True,2
85,27,,,False,3
85,28,,,True,2
85,29,,,False,3
85,30,,,True,3
85,31,,,False,3
85,32,,,True,2
85,33,,,True,2
85,34,,,False,5
85,35,,,True,3
85,36,,,False,4
85,37,,,True,2
85,38,,,False,4
86,2,,,False,3
86,3,,,True,2
86,4,,,False,3
86,5,,,True,4
86,6,,,False,4
86,7,,,True,4
86,8,,,False,2
86,9,,,True,3
86,10,,,False,3
86,11,,,True,3
86,12,,,False,4
86,13,,,True,4
86,14,,,True,4
86,15,,,False,3
86,16,,,True,2
86,17,,,False,2
86,18,,,False,2
86,19,,,True,3
86,20,,,False,5
86,21,,,True,2
86,22,,,False,3
86,23,,,True,4
86,24,,,False,3
86,25,,,False,3
86,26,,,True,2
86,27,,,False,3
86,28,,,True,2
86,29,,,False,3
86,30,,,True,3
86,31,,,False,3
86,32,,,True,2
86,33,,,True,2
86,34,,,False,5
86,35,,,True,3
86,36,,,False,4
86,37,,,True,2
86,38,,,False,4
87,2,,,False,3
87,3,,,True,2
87,4,,,False,3
87,5,,,True,4
87,6,,,False,4
87,7,,,True,4
87,8,,,False,2
87,9,,,True,3
87,10,,,False,3
87,11,,,True,3
87,12,,,False,4
87,13,,,True,4
87,14,,,True,4
87,15,,,False,3
87,16,,,True,2
87,17,,,False,2
87,18,,,False,2
87,19,,,True,3
87,20,,,False,5
87,21,,,True,2
87,22,,,False,3
87,23,,,True,4
87,24,,,False,3
87,25,,,False,3
87,26,,,True,2
87,27,,,False,3
87,28,,,True,2
87,29,,,False,3
87,30,,,True,3
87,31,,,False,3
87,32,,,True,2
87,33,,,True,2
87,34,,,False,5
87,35,,,True,3
87,36,,,False,4
87,37,,,True,2
87,38,,,False,4
88,2,,,False,3
88,3,,,True,2
88,4,,,False,3
88,5,,,True,4
88,6,,,False,4
88,7,,,True,4
88,8,,,False,2
88,9,,,True,3
88,10,,,False,3
88,11,,,True,3
88,12,,,False,4
88,13,,,True,4
88,14,,,True,4
88,15,,,False,3
88,16,,,True,2
88,17,,,False,2
88,18,,,False,2
88,19,,,True,3
88,20,,,False,5
88,21,,,True,2
88,22,,,False,3
88,23,,,True,4
88,24,,,False,3
88,25,,,False,3
88,26,,,True,2
88,27,,,False,3
88,28,,,True,2
88,29,,,False,3
88,30,,,True,3
88,31,,,False,3
88,32,,,True,2
88,33,,,True,2
88,34,,,False,5
88,35,,,True,3
88,36,,,False,4
88,37,,,True,2
88,38,,,False,4
89,2,,,False,3
89,3,,,True,2
89,4,,,False,3
89,5,,,True,4
89,6,,,False,4
89,7,,,True,4
89,8,,,False,2
89,9,,,True,3
89,10,,,False,3
89,11,,,True,3
89,12,,,False,4
89,13,,,True,4
89,14,,,True,4
89,15,,,False,3
89,16,,,True,2
89,17,,,False,2
89,18,,,False,2
89,19,,,True,3
89,20,,,False,5
89,21,,,True,2
89,22,,,False,3
89,23,,,True,4
89,24,,,False,3
89,25,,,False,3
89,26,,,True,2
89,27,,,False,3
89,28,,,True,2
89,29,,,False,3
89,30,,,True,3
89,31,,,False,3
89,32,,,True,2
89,33,,,True,2
89,34,,,False,5
89,35,,,True,3
89,36,,,False,4
89,37,,,True,2
89,38,,,False,4
90,2,,,False,3
90,3,,,True,2
90,4,,,False,3
90,5,,,True,4
90,6,,,False,4
90,7,,,True,4
90,8,,,False,2
90,9,,,True,3
90,10,,,False,3
90,11,,,True,3
90,12,,,False,4
90,13,,,True,4
90,14,,,True,4
90,15,,,False,3
90,16,,,True,2
90,17,,,False,2
90,18,,,False,2
90,19,,,True,3
90,20,,,False,5
90,21,,,True,2
90,22,,,False,3
90,23,,,True,4
90,24,,,False,3
90,25,,,False,3
90,26,,,True,2
90,27,,,False,3
90,28,,,True,2
90,29,,,False,3
90,30,,,True,3
90,31,,,False,3
90,32,,,True,2
90,33,,,True,2
90,34,,,False,5
90,35,,,True,3
90,36,,,False,4
90,37,,,True,2
90,38,,,False,4
92,2,,,False,3
92,3,,,True,2
92,4,,,False,3
92,5,,,True,4
92,6,,,False,4
92,7,,,True,4
92,8,,,False,2
92,9,,,True,3
92,10,,,False,3
92,11,,,True,3
92,12,,,False,4
92,13,,,True,4
92,14,,,True,4
92,15,,,False,3
92,16,,,True,2
92,17,,,False,2
92,18,,,False,2
92,19,,,True,3
92,20,,,False,5
92,21,,,True,2
92,22,,,False,3
92,23,,,True,4
92,24,,,False,3
92,25,,,False,3
92,26,,,True,2
92,27,,,False,3
92,28,,,True,2
92,29,,,False,3
92,30,,,True,3
92,31,,,False,3
92,32,,,True,2
92,33,,,True,2
92,34,,,False,5
92,35,,,True,3
92,36,,,False,4
92,37,,,True,2
92,38,,,False,4
93,2,,,False,3
93,3,,,True,2
93,4,,,False,3
93,5,,,True,4
93,6,,,False,4
93,7,,,True,4
93,8,,,False,2
93,9,,,True,3
93,10,,,False,3
93,11,,,True,3
93,12,,,False,4
93,13,,,True,4
93,14,,,True,4
93,15,,,False,3
93,16,,,True,2
93,17,,,False,2
93,18,,,False,2
93,19,,,True,3
93,20,,,False,5
93,21,,,True,2
93,22,,,False,3
93,23,,,True,4
93,24,,,False,3
93,25,,,False,3
93,26,,,True,2
93,27,,,False,3
93,28,,,True,2
93,29,,,False,3
93,30,,,True,3
93,31,,,False,3
93,32,,,True,2
93,33,,,True,2
93,34,,,False,5
93,35,,,True,3
93,36,,,False,4
93,37,,,True,2
93,38,,,False,4
94,2,,,False,3
94,3,,,True,2
94,4,,,False,3
94,5,,,True,4
94,6,,,False,4
94,7,,,True,4
94,8,,,False,2
94,9,,,True,3
94,10,,,False,3
94,11,,,True,3
94,12,,,False,4
94,13,,,True,4
94,14,,,True,4
94,15,,,False,3
94,16,,,True,2
94,17,,,False,2
94,18,,,False,2
94,19,,,True,3
94,20,,,False,5
94,21,,,True,2
94,22,,,False,3
94,23,,,True,4
94,24,,,False,3
94,25,,,False,3
94,26,,,True,2
94,27,,,False,3
94,28,,,True,2
94,29,,,False,3
94,30,,,True,3
94,31,,,False,3
94,32,,,True,2
94,33,,,True,2
94,34,,,False,5
94,35,,,True,3
94,36,,,False,4
94,37,,,True,2
94,38,,,False,4
95,2,,,False,3
95,3,,,True,2
95,4,,,False,3
95,5,,,True,4
95,6,,,False,4
95,7,,,True,4
95,8,,,False,2
95,9,,,True,3
95,10,,,False,3
95,11,,,True,3
95,12,,,False,4
95,13,,,True,4
95,14,,,True,4
95,15,,,False,3
95,16,,,True,2
95,17,,,False,2
95,18,,,False,2
95,19,,,True,3
95,20,,,False,5
95,21,,,True,2
95,22,,,False,3
95,23,,,True,4
95,24,,,False,3
95,25,,,False,3
95,26,,,True,2
95,27,,,False,3
95,28,,,True,2
95,29,,,False,3
95,30,,,True,3
95,31,,,False,3
95,32,,,True,2
95,33,,,True,2
95,34,,,False,5
95,35,,,True,3
95,36,,,False,4
95,37,,,True,2
95,38,,,False,4
96,2,,,False,3
96,3,,,True,2
96,4,,,False,3
96,5,,,True,4
96,6,,,False,4
96,7,,,True,4
96,8,,,False,2
96,9,,,True,3
96,10,,,False,3
96,11,,,True,3
96,12,,,False,4
96,13,,,True,4
96,14,,,True,4
96,15,,,False,3
96,16,,,True,2
96,17,,,False,2
96,18,,,False,2
96,19,,,True,3
96,20,,,False,5
96,21,,,True,2
96,22,,,False,3
96,23,,,True,4
96,24,,,False,3
96,25,,,False,3
96,26,,,True,2
96,27,,,False,3
96,28,,,True,2
96,29,,,False,3
96,30,,,True,3
96,31,,,False,3
96,32,,,True,2
96,33,,,True,2
96,34,,,False,5
96,35,,,True,3
96,36,,,False,4
96,37,,,True,2
96,38,,,False,4
97,2,,,False,3
97,3,,,True,2
97,4,,,False,3
97,5,,,True,4
97,6,,,False,4
97,7,,,True,4
97,8,,,False,2
97,9,,,True,3
97,10,,,False,3
97,11,,,True,3
97,12,,,False,4
97,13,,,True,4
97,14,,,True,4
97,15,,,False,3
97,16,,,True,2
97,17,,,False,2
97,18,,,False,2
97,19,,,True,3
97,20,,,False,5
97,21,,,True,2
97,22,,,False,3
97,23,,,True,4
97,24,,,False,3
97,25,,,False,3
97,26,,,True,2
97,27,,,False,3
97,28,,,True,2
97,29,,,False,3
97,30,,,True,3
97,31,,,False,3
97,32,,,True,2
97,33,,,True,2
97,34,,,False,5
97,35,,,True,3
97,36,,,False,4
97,37,,,True,2
97,38,,,False,4
98,2,,,False,3
98,3,,,True,2
98,4,,,False,3
98,5,,,True,4
98,6,,,False,4
98,7,,,True,4
98,8,,,False,2
98,9,,,True,3
98,10,,,False,3
98,11,,,True,3
98,12,,,False,4
98,13,,,True,4
98,14,,,True,4
98,15,,,False,3
98,16,,,True,2
98,17,,,False,2
98,18,,,False,2
98,19,,,True,3
98,20,,,False,5
98,21,,,True,2
98,22,,,False,3
98,23,,,True,4
98,24,,,False,3
98,25,,,False,3
98,26,,,True,2
98,27,,,False,3
98,28,,,True,2
98,29,,,False,3
98,30,,,True,3
98,31,,,False,3
98,32,,,True,2
98,33,,,True,2
98,34,,,False,5
98,35,,,True,3
98,36,,,False,4
98,37,,,True,2
98,38,,,False,4
99,2,,,False,3
99,3,,,True,2
99,4,,,False,3
99,5,,,True,4
99,6,,,False,4
99,7,,,True,4
99,8,,,False,2
99,9,,,True,3
99,10,,,False,3
99,11,,,True,3
99,12,,,False,4
99,13,,,True,4
99,14,,,True,4
99,15,,,False,3
99,16,,,True,2
99,17,,,False,2
99,18,,,False,2
99,19,,,True,3
99,20,,,False,5
99,21,,,True,2
99,22,,,False,3
99,23,,,True,4
99,24,,,False,3
99,25,,,False,3
99,26,,,True,2
99,27,,,False,3
99,28,,,True,2
99,29,,,False,3
99,30,,,True,3
99,31,,,False,3
99,32,,,True,2
99,33,,,True,2
99,34,,,False,5
99,35,,,True,3
99,36,,,False,4
99,37,,,True,2
99,38,,,False,4
100,2,,,False,3
100,3,,,True,2
100,4,,,False,3
100,5,,,True,4
100,6,,,False,4
100,7,,,True,4
100,8,,,False,2
100,9,,,True,3
100,10,,,False,3
100,11,,,True,3
100,12,,,False,4
100,13,,,True,4
100,14,,,True,4
100,15,,,False,3
100,16,,,True,2
100,17,,,False,2
100,18,,,False,2
100,19,,,True,3
100,20,,,False,5
100,21,,,True,2
100,22,,,False,3
100,23,,,True,4
100,24,,,False,3
100,25,,,False,3
100,26,,,True,2
100,27,,,False,3
100,28,,,True,2
100,29,,,False,3
100,30,,,True,3
100,31,,,False,3
100,32,,,True,2
100,33,,,True,2
100,34,,,False,5
100,35,,,True,3
100,36,,,False,4
100,37,,,True,2
100,38,,,False,4
102,2,,,False,3
102,3,,,True,2
102,4,,,False,3
102,5,,,True,4
102,6,,,False,4
102,7,,,True,4
102,8,,,False,2
102,9,,,True,3
102,10,,,False,3
102,11,,,True,3
102,12,,,False,4
102,13,,,True,4
102,14,,,True,4
102,15,,,False,3
102,16,,,True,2
102,17,,,False,2
102,18,,,False,2
102,19,,,True,3
102,20,,,False,5
102,21,,,True,2
102,22,,,False,3
102,23,,,True,4
102,24,,,False,3
102,25,,,False,3
102,26,,,True,2
102,27,,,False,3
102,28,,,True,2
102,29,,,False,3
102,30,,,True,3
102,31,,,False,3
102,32,,,True,2
102,33,,,True,2
102,34,,,False,5
102,35,,,True,3
102,36,,,False,4
102,37,,,True,2
102,38,,,False,4
103,2,,,False,3
103,3,,,True,2
103,4,,,False,3
103,5,,,True,4
103,6,,,False,4
103,7,,,True,4
103,8,,,False,2
103,9,,,True,3
103,10,,,False,3
103,11,,,True,3
103,12,,,False,4
103,13,,,True,4
103,14,,,True,4
103,15,,,False,3
103,16,,,True,2
103,17,,,False,2
103,18,,,False,2
103,19,,,True,3
103,20,,,False,5
103,21,,,True,2
103,22,,,False,3
103,23,,,True,4
103,24,,,False,3
103,25,,,False,3
103,26,,,True,2
103,27,,,False,3
103,28,,,True,2
103,29,,,False,3
103,30,,,True,3
103,31,,,False,3
103,32,,,True,2
103,33,,,True,2
103,34,,,False,5
103,35,,,True,3
103,36,,,False,4
103,37,,,True,2
103,38,,,False,4
105,2,,,False,3
105,3,,,True,2
105,4,,,False,3
105,5,,,True,4
105,6,,,False,4
105,7,,,True,4
105,8,,,False,2
105,9,,,True,3
105,10,,,False,3
105,11,,,True,3
105,12,,,False,4
105,13,,,True,4
105,14,,,True,4
105,15,,,False,3
105,16,,,True,2
105,17,,,False,2
105,18,,,False,2
105,19,,,True,3
105,20,,,False,5
105,21,,,True,2
105,22,,,False,3
105,23,,,True,4
105,24,,,False,3
105,25,,,False,3
105,26,,,True,2
105,27,,,False,3
105,28,,,True,2
105,29,,,False,3
105,30,,,True,3
105,31,,,False,3
105,32,,,True,2
105,33,,,True,2
105,34,,,False,5
105,35,,,True,3
105,36,,,False,4
105,37,,,True,2
105,38,,,False,4
106,2,,,False,3
106,3,,,True,2
106,4,,,False,3
106,5,,,True,4
106,6,,,False,4
106,7,,,True,4
106,8,,,False,2
106,9,,,True,3
106,10,,,False,3
106,11,,,True,3
106,12,,,False,4
106,13,,,True,4
106,14,,,True,4
106,15,,,False,3
106,16,,,True,2
106,17,,,False,2
106,18,,,False,2
106,19,,,True,3
106,20,,,False,5
106,21,,,True,2
106,22,,,False,3
106,23,,,True,4
106,24,,,False,3
106,25,,,False,3
106,26,,,True,2
106,27,,,False,3
106,28,,,True,2
106,29,,,False,3
106,30,,,True,3
106,31,,,False,3
106,32,,,True,2
106,33,,,True,2
106,34,,,False,5
106,35,,,True,3
106,36,,,False,4
106,37,,,True,2
106,38,,,False,4
107,2,,,False,3
107,3,,,True,2
107,4,,,False,3
107,5,,,True,4
107,6,,,False,4
107,7,,,True,4
107,8,,,False,2
107,9,,,True,3
107,10,,,False,3
107,11,,,True,3
107,12,,,False,4
107,13,,,True,4
107,14,,,True,4
107,15,,,False,3
107,16,,,True,2
107,17,,,False,2
107,18,,,False,2
107,19,,,True,3
107,20,,,False,5
107,21,,,True,2
107,22,,,False,3
107,23,,,True,4
107,24,,,False,3
107,25,,,False,3
107,26,,,True,2
107,27,,,False,3
107,28,,,True,2
107,29,,,False,3
107,30,,,True,3
107,31,,,False,3
107,32,,,True,2
107,33,,,True,2
107,34,,,False,5
107,35,,,True,3
107,36,,,False,4
107,37,,,True,2
107,38,,,False,4
108,2,,,False,3
108,3,,,True,2
108,4,,,False,3
108,5,,,True,4
108,6,,,False,4
108,7,,,True,4
108,8,,,False,2
108,9,,,True,3
108,10,,,False,3
108,11,,,True,3
108,12,,,False,4
108,13,,,True,4
108,14,,,True,4
108,15,,,False,3
108,16,,,True,2
108,17,,,False,2
108,18,,,False,2
108,19,,,True,3
108,20,,,False,5
108,21,,,True,2
108,22,,,False,3
108,23,,,True,4
108,24,,,False,3
108,25,,,False,3
108,26,,,True,2
108,27,,,False,3
108,28,,,True,2
108,29,,,False,3
108,30,,,True,3
108,31,,,False,3
108,32,,,True,2
108,33,,,True,2
108,34,,,False,5
108,35,,,True,3
108,36,,,False,4
108,37,,,True,2
108,38,,,False,4
565,2,,,False,3
565,3,,,True,2
565,4,,,False,3
565,5,,,True,4
565,6,,,False,4
565,7,,,True,4
565,8,,,False,2
565,9,,,True,3
565,10,,,False,3
565,11,,,True,3
565,12,,,False,4
565,13,,,True,4
565,14,,,True,4
565,15,,,False,3
565,16,,,True,2
565,17,,,False,2
565,18,,,False,2
565,19,,,True,3
565,20,,,False,5
565,21,,,True,2
565,22,,,False,3
565,23,,,True,4
565,24,,,False,3
565,25,,,False,3
565,26,,,True,2
565,27,,,False,3
565,28,,,True,2
565,29,,,False,3
565,30,,,True,3
565,31,,,False,3
565,32,,,True,2
565,33,,,True,2
565,34,,,False,5
565,35,,,True,3
565,36,,,False,4
565,37,,,True,2
565,38,,,False,4
620,2,,,False,3
620,3,,,True,2
620,4,,,False,3
620,5,,,True,4
620,6,,,False,4
620,7,,,True,4
620,8,,,False,2
620,9,,,True,3
620,10,,,False,3
620,11,,,True,3
620,12,,,False,4
620,13,,,True,4
620,14,,,True,4
620,15,,,False,3
620,16,,,True,2
620,17,,,False,2
620,18,,,False,2
620,19,,,True,3
620,20,,,False,5
620,21,,,True,2
620,22,,,False,3
620,23,,,True,4
620,24,,,False,3
620,25,,,False,3
620,26,,,True,2
620,27,,,False,3
620,28,,,True,2
620,29,,,False,3
620,30,,,True,3
620,31,,,False,3
620,32,,,True,2
620,33,,,True,2
620,34,,,False,5
620,35,,,True,3
620,36,,,False,4
620,37,,,True,2
620,38,,,False,4
109,2,,,False,4
109,3,,,True,2
109,4,,,False,2
109,5,,,True,4
109,6,,,False,3
109,7,,,True,3
109,8,,,False,4
109,9,,,False,5
109,10,,,True,3
109,11,,,False,2
109,12,,,True,2
109,13,,,False,3
109,14,,,False,3
109,15,,,True,3
109,16,,,True,2
109,17,,,False,3
109,18,,,False,3
109,19,,,True,4
109,20,,,True,3
109,21,,,False,3
109,22,,,True,4
109,23,,,False,3
109,24,,,True,2
109,25,,,False,4
109,26,,,True,3
109,27,,,False,2
109,28,,,True,2
109,29,,,False,3
109,30,,,True,2
109,31,,,False,4
109,32,,,True,4
109,33,,,False,3
109,34,,,True,3
109,35,,,True,2
109,36,,,False,3
109,37,,,True,4
109,38,,,False,5
111,2,,,False,4
111,3,,,True,2
111,4,,,False,2
111,5,,,True,4
111,6,,,False,3
111,7,,,True,3
111,8,,,False,4
111,9,,,False,5
111,10,,,True,3
111,11,,,False,2
111,12,,,True,2
111,13,,,False,3
111,14,,,False,3
111,15,,,True,3
111,16,,,True,2
111,17,,,False,3
111,18,,,False,3
111,19,,,True,4
111,20,,,True,3
111,21,,,False,3
111,22,,,True,4
111,23,,,False,3
111,24,,,True,2
111,25,,,False,4
111,26,,,True,3
111,27,,,False,2
111,28,,,True,2
111,29,,,False,3
111,30,,,True,2
111,31,,,False,4
111,32,,,True,4
111,33,,,False,3
111,34,,,True,3
111,35,,,True,2
111,36,,,False,3
111,37,,,True,4
111,38,,,False,5
113,2,,,False,4
113,3,,,True,2
113,4,,,False,2
113,5,,,True,4
113,6,,,False,3
113,7,,,True,3
113,8,,,False,4
113,9,,,False,5
113,10,,,True,3
113,11,,,False,2
113,12,,,True,2
113,13,,,False,3
113,14,,,False,3
113,15,,,True,3
113,16,,,True,2
113,17,,,False,3
113,18,,,False,3
113,19,,,True,4
113,20,,,True,3
113,21,,,False,3
113,22,,,True,4
113,23,,,False,3
113,24,,,True,2
113,25,,,False,4
113,26,,,True,3
113,27,,,False,2
113,28,,,True,2
113,29,,,False,3
113,30,,,True,2
113,31,,,False,4
113,32,,,True,4
113,33,,,False,3
113,34,,,True,3
113,35,,,True,2
113,36,,,False,3
113,37,,,True,4
113,38,,,False,5
114,2,,,False,4
114,3,,,True,2
114,4,,,False,2
114,5,,,True,4
114,6,,,False,3
114,7,,,True,3
114,8,,,False,4
114,9,,,False,5
114,10,,,True,3
114,11,,,False,2
114,12,,,True,2
114,13,,,False,3
114,14,,,False,3
114,15,,,True,3
114,16,,,True,2
114,17,,,False,3
114,18,,,False,3
114,19,,,True,4
114,20,,,True,3
114,21,,,False,3
114,22,,,True,4
114,23,,,False,3
114,24,,,True,2
114,25,,,False,4
114,26,,,True,3
114,27,,,False,2
114,28,,,True,2
114,29,,,False,3
114,30,,,True,2
114,31,,,False,4
114,32,,,True,4
114,33,,,False,3
114,34,,,True,3
114,35,,,True,2
114,36,,,False,3
114,37,,,True,4
114,38,,,False,5
115,2,,,False,4
115,3,,,True,2
115,4,,,False,2
115,5,,,True,4
115,6,,,False,3
115,7,,,True,3
115,8,,,False,4
115,9,,,False,5
115,10,,,True,3
115,11,,,False,2
115,12,,,True,2
115,13,,,False,3
115,14,,,False,3
115,15,,,True,3
115,16,,,True,2
115,17,,,False,3
115,18,,,False,3
115,19,,,True,4
115,20,,,True,3
115,21,,,False,3
115,22,,,True,4
115,23,,,False,3
115,24,,,True,2
115,25,,,False,4
115,26,,,True,3
115,27,,,False,2
115,28,,,True,2
115,29,,,False,3
115,30,,,True,2
115,31,,,False,4
115,32,,,True,4
115,33,,,False,3
115,34,,,True,3
115,35,,,True,2
115,36,,,False,3
115,37,,,True,4
115,38,,,False,5
116,2,,,False,4
116,3,,,True,2
116,4,,,False,2
116,5,,,True,4
116,6,,,False,3
116,7,,,True,3
116,8,,,False,4
116,9,,,False,5
116,10,,,True,3
116,11,,,False,2
116,12,,,True,2
116,13,,,False,3
116,14,,,False,3
116,15,,,True,3
116,16,,,True,2
116,17,,,False,3
116,18,,,False,3
116,19,,,True,4
116,20,,,True,3
116,21,,,False,3
116,22,,,True,4
116,23,,,False,3
116,24,,,True,2
116,25,,,False,4
116,26,,,True,3
116,27,,,False,2
116,28,,,True,2
116,29,,,False,3
116,30,,,True,2
116,31,,,False,4
116,32,,,True,4
116,33,,,False,3
116,34,,,True,3
116,35,,,True,2
116,36,,,False,3
116,37,,,True,4
116,38,,,False,5
117,2,,,False,4
117,3,,,True,2
117,4,,,False,2
117,5,,,True,4
117,6,,,False,3
117,7,,,True,3
117,8,,,False,4
117,9,,,False,5
117,10,,,True,3
117,11,,,False,2
117,12,,,True,2
117,13,,,False,3
117,14,,,False,3
117,15,,,True,3
117,16,,,True,2
117,17,,,False,3
117,18,,,False,3
117,19,,,True,4
117,20,,,True,3
117,21,,,False,3
117,22,,,True,4
117,23,,,False,3
117,24,,,True,2
117,25,,,False,4
117,26,,,True,3
117,27,,,False,2
117,28,,,True,2
117,29,,,False,3
117,30,,,True,2
117,31,,,False,4
117,32,,,True,4
117,33,,,False,3
117,34,,,True,3
117,35,,,True,2
117,36,,,False,3
117,37,,,True,4
117,38,,,False,5
118,2,,,False,4
118,3,,,True,2
118,4,,,False,2
118,5,,,True,4
118,6,,,False,3
118,7,,,True,3
118,8,,,False,4
118,9,,,False,5
118,10,,,True,3
118,11,,,False,2
118,12,,,True,2
118,13,,,False,3
118,14,,,False,3
118,15,,,True,3
118,16,,,True,2
118,17,,,False,3
118,18,,,False,3
118,19,,,True,4
118,20,,,True,3
118,21,,,False,3
118,22,,,True,4
118,23,,,False,3
118,24,,,True,2
118,25,,,False,4
118,26,,,True,3
118,27,,,False,2
118,28,,,True,2
118,29,,,False,3
118,30,,,True,2
118,31,,,False,4
118,32,,,True,4
118,33,,,False,3
118,34,,,True,3
118,35,,,True,2
118,36,,,False,3
118,37,,,True,4
118,38,,,False,5
119,2,,,False,4
119,3,,,True,2
119,4,,,False,2
119,5,,,True,4
119,6,,,False,3
119,7,,,True,3
119,8,,,False,4
119,9,,,False,5
119,10,,,True,3
119,11,,,False,2
119,12,,,True,2
119,13,,,False,3
119,14,,,False,3
119,15,,,True,3
119,16,,,True,2
119,17,,,False,3
119,18,,,False,3
119,19,,,True,4
119,20,,,True,3
119,21,,,False,3
119,22,,,True,4
119,23,,,False,3
119,24,,,True,2
119,25,,,False,4
119,26,,,True,3
119,27,,,False,2
119,28,,,True,2
119,29,,,False,3
119,30,,,True,2
119,31,,,False,4
119,32,,,True,4
119,33,,,False,3
119,34,,,True,3
119,35,,,True,2
119,36,,,False,3
119,37,,,True,4
119,38,,,False,5
120,2,,,False,4
120,3,,,True,2
120,4,,,False,2
120,5,,,True,4
120,6,,,False,3
120,7,,,True,3
120,8,,,False,4
120,9,,,False,5
120,10,,,True,3
120,11,,,False,2
120,12,,,True,2
120,13,,,False,3
120,14,,,False,3
120,15,,,True,3
120,16,,,True,2
120,17,,,False,3
120,18,,,False,3
120,19,,,True,4
120,20,,,True,3
120,21,,,False,3
120,22,,,True,4
120,23,,,False,3
120,24,,,True,2
120,25,,,False,4
120,26,,,True,3
120,27,,,False,2
120,28,,,True,2
120,29,,,False,3
120,30,,,True,2
120,31,,,False,4
120,32,,,True,4
120,33,,,False,3
120,34,,,True,3
120,35,,,True,2
120,36,,,False,3
120,37,,,True,4
120,38,,,False,5
121,2,,,False,4
121,3,,,True,2
121,4,,,False,2
121,5,,,True,4
121,6,,,False,3
121,7,,,True,3
121,8,,,False,4
121,9,,,False,5
121,10,,,True,3
121,11,,,False,2
121,12,,,True,2
121,13,,,False,3
121,14,,,False,3
121,15,,,True,3
121,16,,,True,2
121,17,,,False,3
121,18,,,False,3
121,19,,,True,4
121,20,,,True,3
121,21,,,False,3
121,22,,,True,4
121,23,,,False,3
121,24,,,True,2
121,25,,,False,4
121,26,,,True,3
121,27,,,False,2
121,28,,,True,2
121,29,,,False,3
121,30,,,True,2
121,31,,,False,4
121,32,,,True,4
121,33,,,False,3
121,34,,,True,3
121,35,,,True,2
121,36,,,False,3
121,37,,,True,4
121,38,,,False,5
122,2,,,False,4
122,3,,,True,2
122,4,,,False,2
122,5,,,True,4
122,6,,,False,3
122,7,,,True,3
122,8,,,False,4
122,9,,,False,5
122,10,,,True,3
122,11,,,False,2
122,12,,,True,2
122,13,,,False,3
122,14,,,False,3
122,15,,,True,3
122,16,,,True,2
122,17,,,False,3
122,18,,,False,3
122,19,,,True,4
122,20,,,True,3
122,21,,,False,3
122,22,,,True,4
122,23,,,False,3
122,24,,,True,2
122,25,,,False,4
122,26,,,True,3
122,27,,,False,2
122,28,,,True,2
122,29,,,False,3
122,30,,,True,2
122,31,,,False,4
122,32,,,True,4
122,33,,,False,3
122,34,,,True,3
122,35,,,True,2
122,36,,,False,3
122,37,,,True,4
122,38,,,False,5
123,2,,,False,4
123,3,,,True,2
123,4,,,False,2
123,5,,,True,4
123,6,,,False,3
123,7,,,True,3
123,8,,,False,4
123,9,,,False,5
123,10,,,True,3
123,11,,,False,2
123,12,,,True,2
123,13,,,False,3
123,14,,,False,3
123,15,,,True,3
123,16,,,True,2
123,17,,,False,3
123,18,,,False,3
123,19,,,True,4
123,20,,,True,3
123,21,,,False,3
123,22,,,True,4
123,23,,,False,3
123,24,,,True,2
123,25,,,False,4
123,26,,,True,3
123,27,,,False,2
123,28,,,True,2
123,29,,,False,3
123,30,,,True,2
123,31,,,False,4
123,32,,,True,4
123,33,,,False,3
123,34,,,True,3
123,35,,,True,2
123,36,,,False,3
123,37,,,True,4
123,38,,,False,5
124,2,,,False,4
124,3,,,True,2
124,4,,,False,2
124,5,,,True,4
124,6,,,False,3
124,7,,,True,3
124,8,,,False,4
124,9,,,False,5
124,10,,,True,3
124,11,,,False,2
124,12,,,True,2
124,13,,,False,3
124,14,,,False,3
124,15,,,True,3
124,16,,,True,2
124,17,,,False,3
124,18,,,False,3
124,19,,,True,4
124,20,,,True,3
124,21,,,False,3
124,22,,,True,4
124,23,,,False,3
124,24,,,True,2
124,25,,,False,4
124,26,,,True,3
124,27,,,False,2
124,28,,,True,2
124,29,,,False,3
124,30,,,True,2
124,31,,,False,4
124,32,,,True,4
124,33,,,False,3
124,34,,,True,3
124,35,,,True,2
124,36,,,False,3
124,37,,,True,4
124,38,,,False,5
125,2,,,False,4
125,3,,,True,2
125,4,,,False,2
125,5,,,True,4
125,6,,,False,3
125,7,,,True,3
125,8,,,False,4
125,9,,,False,5
125,10,,,True,3
125,11,,,False,2
125,12,,,True,2
125,13,,,False,3
125,14,,,False,3
125,15,,,True,3
125,16,,,True,2
125,17,,,False,3
125,18,,,False,3
125,19,,,True,4
125,20,,,True,3
125,21,,,False,3
125,22,,,True,4
125,23,,,False,3
125,24,,,True,2
125,25,,,False,4
125,26,,,True,3
125,27,,,False,2
125,28,,,True,2
125,29,,,False,3
125,30,,,True,2
125,31,,,False,4
125,32,,,True,4
125,33,,,False,3
125,34,,,True,3
125,35,,,True,2
125,36,,,False,3
125,37,,,True,4
125,38,,,False,5
126,2,,,False,4
126,3,,,True,2
126,4,,,False,2
126,5,,,True,4
126,6,,,False,3
126,7,,,True,3
126,8,,,False,4
126,9,,,False,5
126,10,,,True,3
126,11,,,False,2
126,12,,,True,2
126,13,,,False,3
126,14,,,False,3
126,15,,,True,3
126,16,,,True,2
126,17,,,False,3
126,18,,,False,3
126,19,,,True,4
126,20,,,True,3
126,21,,,False,3
126,22,,,True,4
126,23,,,False,3
126,24,,,True,2
126,25,,,False,4
126,26,,,True,3
126,27,,,False,2
126,28,,,True,2
126,29,,,False,3
126,30,,,True,2
126,31,,,False,4
126,32,,,True,4
126,33,,,False,3
126,34,,,True,3
126,35,,,True,2
126,36,,,False,3
126,37,,,True,4
126,38,,,False,5
127,2,,,False,4
127,3,,,True,2
127,4,,,False,2
127,5,,,True,4
127,6,,,False,3
127,7,,,True,3
127,8,,,False,4
127,9,,,False,5
127,10,,,True,3
127,11,,,False,2
127,12,,,True,2
127,13,,,False,3
127,14,,,False,3
127,15,,,True,3
127,16,,,True,2
127,17,,,False,3
127,18,,,False,3
127,19,,,True,4
127,20,,,True,3
127,21,,,False,3
127,22,,,True,4
127,23,,,False,3
127,24,,,True,2
127,25,,,False,4
127,26,,,True,3
127,27,,,False,2
127,28,,,True,2
127,29,,,False,3
127,30,,,True,2
127,31,,,False,4
127,32,,,True,4
127,33,,,False,3
127,34,,,True,3
127,35,,,True,2
127,36,,,False,3
127,37,,,True,4
127,38,,,False,5
128,2,,,False,4
128,3,,,True,2
128,4,,,False,2
128,5,,,True,4
128,6,,,False,3
128,7,,,True,3
128,8,,,False,4
128,9,,,False,5
128,10,,,True,3
128,11,,,False,2
128,12,,,True,2
128,13,,,False,3
128,14,,,False,3
128,15,,,True,3
128,16,,,True,2
128,17,,,False,3
128,18,,,False,3
128,19,,,True,4
128,20,,,True,3
128,21,,,False,3
128,22,,,True,4
128,23,,,False,3
128,24,,,True,2
128,25,,,False,4
128,26,,,True,3
128,27,,,False,2
128,28,,,True,2
128,29,,,False,3
128,30,,,True,2
128,31,,,False,4
128,32,,,True,4
128,33,,,False,3
128,34,,,True,3
128,35,,,True,2
128,36,,,False,3
128,37,,,True,4
128,38,,,False,5
129,2,,,False,4
129,3,,,True,2
129,4,,,False,2
129,5,,,True,4
129,6,,,False,3
129,7,,,True,3
129,8,,,False,4
129,9,,,False,5
129,10,,,True,3
129,11,,,False,2
129,12,,,True,2
129,13,,,False,3
129,14,,,False,3
129,15,,,True,3
129,16,,,True,2
129,17,,,False,3
129,18,,,False,3
129,19,,,True,4
129,20,,,True,3
129,21,,,False,3
129,22,,,True,4
129,23,,,False,3
129,24,,,True,2
129,25,,,False,4
129,26,,,True,3
129,27,,,False,2
129,28,,,True,2
129,29,,,False,3
129,30,,,True,2
129,31,,,False,4
129,32,,,True,4
129,33,,,False,3
129,34,,,True,3
129,35,,,True,2
129,36,,,False,3
129,37,,,True,4
129,38,,,False,5
130,2,,,False,4
130,3,,,True,2
130,4,,,False,2
130,5,,,True,4
130,6,,,False,3
130,7,,,True,3
130,8,,,False,4
130,9,,,False,5
130,10,,,True,3
130,11,,,False,2
130,12,,,True,2
130,13,,,False,3
130,14,,,False,3
130,15,,,True,3
130,16,,,True,2
130,17,,,False,3
130,18,,,False,3
130,19,,,True,4
130,20,,,True,3
130,21,,,False,3
130,22,,,True,4
130,23,,,False,3
130,24,,,True,2
130,25,,,False,4
130,26,,,True,3
130,27,,,False,2
130,28,,,True,2
130,29,,,False,3
130,30,,,True,2
130,31,,,False,4
130,32,,,True,4
130,33,,,False,3
130,34,,,True,3
130,35,,,True,2
130,36,,,False,3
130,37,,,True,4
130,38,,,False,5
132,2,,,False,4
132,3,,,True,2
132,4,,,False,2
132,5,,,True,4
132,6,,,False,3
132,7,,,True,3
132,8,,,False,4
132,9,,,False,5
132,10,,,True,3
132,11,,,False,2
132,12,,,True,2
132,13,,,False,3
132,14,,,False,3
132,15,,,True,3
132,16,,,True,2
132,17,,,False,3
132,18,,,False,3
132,19,,,True,4
132,20,,,True,3
132,21,,,False,3
132,22,,,True,4
132,23,,,False,3
132,24,,,True,2
132,25,,,False,4
132,26,,,True,3
132,27,,,False,2
132,28,,,True,2
132,29,,,False,3
132,30,,,True,2
132,31,,,False,4
132,32,,,True,4
132,33,,,False,3
132,34,,,True,3
132,35,,,True,2
132,36,,,False,3
132,37,,,True,4
132,38,,,False,5
133,2,,,False,4
133,3,,,True,2
133,4,,,False,2
133,5,,,True,4
133,6,,,False,3
133,7,,,True,3
133,8,,,False,4
133,9,,,False,5
133,10,,,True,3
133,11,,,False,2
133,12,,,True,2
133,13,,,False,3
133,14,,,False,3
133,15,,,True,3
133,16,,,True,2
133,17,,,False,3
133,18,,,False,3
133,19,,,True,4
133,20,,,True,3
133,21,,,False,3
133,22,,,True,4
133,23,,,False,3
133,24,,,True,2
133,25,,,False,4
133,26,,,True,3
133,27,,,False,2
133,28,,,True,2
133,29,,,False,3
133,30,,,True,2
133,31,,,False,4
133,32,,,True,4
133,33,,,False,3
133,34,,,True,3
133,35,,,True,2
133,36,,,False,3
133,37,,,True,4
133,38,,,False,5
134,2,,,False,4
134,3,,,True,2
134,4,,,False,2
134,5,,,True,4
134,6,,,False,3
134,7,,,True,3
134,8,,,False,4
134,9,,,False,5
134,10,,,True,3
134,11,,,False,2
134,12,,,True,2
134,13,,,False,3
134,14,,,False,3
134,15,,,True,3
134,16,,,True,2
134,17,,,False,3
134,18,,,False,3
134,19,,,True,4
134,20,,,True,3
134,21,,,False,3
134,22,,,True,4
134,23,,,False,3
134,24,,,True,2
134,25,,,False,4
134,26,,,True,3
134,27,,,False,2
134,28,,,True,2
134,29,,,False,3
134,30,,,True,2
134,31,,,False,4
134,32,,,True,4
134,33,,,False,3
134,34,,,True,3
134,35,,,True,2
134,36,,,False,3
134,37,,,True,4
134,38,,,False,5
135,2,,,False,4
135,3,,,True,2
135,4,,,False,2
135,5,,,True,4
135,6,,,False,3
135,7,,,True,3
135,8,,,False,4
135,9,,,False,5
135,10,,,True,3
135,11,,,False,2
135,12,,,True,2
135,13,,,False,3
135,14,,,False,3
135,15,,,True,3
135,16,,,True,2
135,17,,,False,3
135,18,,,False,3
135,19,,,True,4
135,20,,,True,3
135,21,,,False,3
135,22,,,True,4
135,23,,,False,3
135,24,,,True,2
135,25,,,False,4
135,26,,,True,3
135,27,,,False,2
135,28,,,True,2
135,29,,,False,3
135,30,,,True,2
135,31,,,False,4
135,32,,,True,4
135,33,,,False,3
135,34,,,True,3
135,35,,,True,2
135,36,,,False,3
135,37,,,True,4
135,38,,,False,5
137,2,,,False,4
137,3,,,True,2
137,4,,,False,2
137,5,,,True,4
137,6,,,False,3
137,7,,,True,3
137,8,,,False,4
137,9,,,False,5
137,10,,,True,3
137,11,,,False,2
137,12,,,True,2
137,13,,,False,3
137,14,,,False,3
137,15,,,True,3
137,16,,,True,2
137,17,,,False,3
137,18,,,False,3
137,19,,,True,4
137,20,,,True,3
137,21,,,False,3
137,22,,,True,4
137,23,,,False,3
137,24,,,True,2
137,25,,,False,4
137,26,,,True,3
137,27,,,False,2
137,28,,,True,2
137,29,,,False,3
137,30,,,True,2
137,31,,,False,4
137,32,,,True,4
137,33,,,False,3
137,34,,,True,3
137,35,,,True,2
137,36,,,False,3
137,37,,,True,4
137,38,,,False,5
138,2,,,False,4
138,3,,,True,2
138,4,,,False,2
138,5,,,True,4
138,6,,,False,3
138,7,,,True,3
138,8,,,False,4
138,9,,,False,5
138,10,,,True,3
138,11,,,False,2
138,12,,,True,2
138,13,,,False,3
138,14,,,False,3
138,15,,,True,3
138,16,,,True,2
138,17,,,False,3
138,18,,,False,3
138,19,,,True,4
138,20,,,True,3
138,21,,,False,3
138,22,,,True,4
138,23,,,False,3
138,24,,,True,2
138,25,,,False,4
138,26,,,True,3
138,27,,,False,2
138,28,,,True,2
138,29,,,False,3
138,30,,,True,2
138,31,,,False,4
138,32,,,True,4
138,33,,,False,3
138,34,,,True,3
138,35,,,True,2
138,36,,,False,3
138,37,,,True,4
138,38,,,False,5
139,2,,,False,4
139,3,,,True,2
139,4,,,False,2
139,5,,,True,4
139,6,,,False,3
139,7,,,True,3
139,8,,,False,4
139,9,,,False,5
139,10,,,True,3
139,11,,,False,2
139,12,,,True,2
139,13,,,False,3
139,14,,,False,3
139,15,,,True,3
139,16,,,True,2
139,17,,,False,3
139,18,,,False,3
139,19,,,True,4
139,20,,,True,3
139,21,,,False,3
139,22,,,True,4
139,23,,,False,3
139,24,,,True,2
139,25,,,False,4
139,26,,,True,3
139,27,,,False,2
139,28,,,True,2
139,29,,,False,3
139,30,,,True,2
139,31,,,False,4
139,32,,,True,4
139,33,,,False,3
139,34,,,True,3
139,35,,,True,2
139,36,,,False,3
139,37,,,True,4
139,38,,,False,5
328,2,,,False,4
328,3,,,True,2
328,4,,,False,2
328,5,,,True,4
328,6,,,False,3
328,7,,,True,3
328,8,,,False,4
328,9,,,False,5
328,10,,,True,3
328,11,,,False,2
328,12,,,True,2
328,13,,,False,3
328,14,,,False,3
328,15,,,True,3
328,16,,,True,2
328,17,,,False,3
328,18,,,False,3
328,19,,,True,4
328,20,,,True,3
328,21,,,False,3
328,22,,,True,4
328,23,,,False,3
328,24,,,True,2
328,25,,,False,4
328,26,,,True,3
328,27,,,False,2
328,28,,,True,2
328,29,,,False,3
328,30,,,True,2
328,31,,,False,4
328,32,,,True,4
328,33,,,False,3
328,34,,,True,3
328,35,,,True,2
328,36,,,False,3
328,37,,,True,4
328,38,,,False,5
504,2,,,False,4
504,3,,,True,2
504,4,,,False,2
504,5,,,True,4
504,6,,,False,3
504,7,,,True,3
504,8,,,False,4
504,9,,,False,5
504,10,,,True,3
504,11,,,False,2
504,12,,,True,2
504,13,,,False,3
504,14,,,False,3
504,15,,,True,3
504,16,,,True,2
504,17,,,False,3
504,18,,,False,3
504,19,,,True,4
504,20,,,True,3
504,21,,,False,3
504,22,,,True,4
504,23,,,False,3
504,24,,,True,2
504,25,,,False,4
504,26,,,True,3
504,27,,,False,2
504,28,,,True,2
504,29,,,False,3
504,30,,,True,2
504,31,,,False,4
504,32,,,True,4
504,33,,,False,3
504,34,,,True,3
504,35,,,True,2
504,36,,,False,3
504,37,,,True,4
504,38,,,False,5
594,2,,,False,4
594,3,,,True,2
594,4,,,False,2
594,5,,,True,4
594,6,,,False,3
594,7,,,True,3
594,8,,,False,4
594,9,,,False,5
594,10,,,True,3
594,11,,,False,2
594,12,,,True,2
594,13,,,False,3
594,14,,,False,3
594,15,,,True,3
594,16,,,True,2
594,17,,,False,3
594,18,,,False,3
594,19,,,True,4
594,20,,,True,3
594,21,,,False,3
594,22,,,True,4
594,23,,,False,3
594,24,,,True,2
594,25,,,False,4
594,26,,,True,3
594,27,,,False,2
594,28,,,True,2
594,29,,,False,3
594,30,,,True,2
594,31,,,False,4
594,32,,,True,4
594,33,,,False,3
594,34,,,True,3
594,35,,,True,2
594,36,,,False,3
594,37,,,True,4
594,38,,,False,5
600,2,,,False,4
600,3,,,True,2
600,4,,,False,2
600,5,,,True,4
600,6,,,False,3
600,7,,,True,3
600,8,,,False,4
600,9,,,False,5
600,10,,,True,3
600,11,,,False,2
600,12,,,True,2
600,13,,,False,3
600,14,,,False,3
600,15,,,True,3
600,16,,,True,2
600,17,,,False,3
600,18,,,False,3
600,19,,,True,4
600,20,,,True,3
600,21,,,False,3
600,22,,,True,4
600,23,,,False,3
600,24,,,True,2
600,25,,,False,4
600,26,,,True,3
600,27,,,False,2
600,28,,,True,2
600,29,,,False,3
600,30,,,True,2
600,31,,,False,4
600,32,,,True,4
600,33,,,False,3
600,34,,,True,3
600,35,,,True,2
600,36,,,False,3
600,37,,,True,4
600,38,,,False,5
605,2,,,False,4
605,3,,,True,2
605,4,,,False,2
605,5,,,True,4
605,6,,,False,3
605,7,,,True,3
605,8,,,False,4
605,9,,,False,5
605,10,,,True,3
605,11,,,False,2
605,12,,,True,2
605,13,,,False,3
605,14,,,False,3
605,15,,,True,3
605,16,,,True,2
605,17,,,False,3
605,18,,,False,3
605,19,,,True,4
605,20,,,True,3
605,21,,,False,3
605,22,,,True,4
605,23,,,False,3
605,24,,,True,2
605,25,,,False,4
605,26,,,True,3
605,27,,,False,2
605,28,,,True,2
605,29,,,False,3
605,30,,,True,2
605,31,,,False,4
605,32,,,True,4
605,33,,,False,3
605,34,,,True,3
605,35,,,True,2
605,36,,,False,3
605,37,,,True,4
605,38,,,False,5
614,2,,,False,4
614,3,,,True,2
614,4,,,False,2
614,5,,,True,4
614,6,,,False,3
614,7,,,True,3
614,8,,,False,4
614,9,,,False,5
614,10,,,True,3
614,11,,,False,2
614,12,,,True,2
614,13,,,False,3
614,14,,,False,3
614,15,,,True,3
614,16,,,True,2
614,17,,,False,3
614,18,,,False,3
614,19,,,True,4
614,20,,,True,3
614,21,,,False,3
614,22,,,True,4
614,23,,,False,3
614,24,,,True,2
614,25,,,False,4
614,26,,,True,3
614,27,,,False,2
614,28,,,True,2
614,29,,,False,3
614,30,,,True,2
614,31,,,False,4
614,32,,,True,4
614,33,,,False,3
614,34,,,True,3
614,35,,,True,2
614,36,,,False,3
614,37,,,True,4
614,38,,,False,5
40,2,,,True,2
40,3,,,False,5
40,4,,,True,2
40,5,,,False,3
40,6,,,True,3
40,7,,,False,3
40,8,,,True,3
40,9,,,True,4
40,10,,,False,3
40,11,,,True,2
40,12,,,False,3
40,13,,,True,3
40,14,,,True,4
40,15,,,False,5
40,16,,,True,3
40,17,,,False,2
40,18,,,False,2
40,19,,,True,2
40,20,,,False,3
40,21,,,True,2
40,22,,,False,3
40,23,,,True,3
40,24,,,False,4
40,25,,,False,3
40,26,,,True,2
40,27,,,False,4
40,28,,,True,2
40,29,,,True,4
40,30,,,False,2
40,31,,,True,2
40,32,,,False,3
40,33,,,True,4
40,34,,,False,4
40,35,,,False,3
40,36,,,True,3
40,37,,,False,3
40,38,,,True,3
101,2,,,True,2
101,3,,,False,5
101,4,,,True,2
101,5,,,False,3
101,6,,,True,3
101,7,,,False,3
101,8,,,True,3
101,9,,,True,4
101,10,,,False,3
101,11,,,True,2
101,12,,,False,3
101,13,,,True,3
101,14,,,True,4
101,15,,,False,5
101,16,,,True,3
101,17,,,False,2
101,18,,,False,2
101,19,,,True,2
101,20,,,False,3
101,21,,,True,2
101,22,,,False,3
101,23,,,True,3
101,24,,,False,4
101,25,,,False,3
101,26,,,True,2
101,27,,,False,4
101,28,,,True,2
101,29,,,True,4
101,30,,,False,2
101,31,,,True,2
101,32,,,False,3
101,33,,,True,4
101,34,,,False,4
101,35,,,False,3
101,36,,,True,3
101,37,,,False,3
101,38,,,True,3
136,2,,,True,2
136,3,,,False,5
136,4,,,True,2
136,5,,,False,3
136,6,,,True,3
136,7,,,False,3
136,8,,,True,3
136,9,,,True,4
136,10,,,False,3
136,11,,,True,2
136,12,,,False,3
136,13,,,True,3
136,14,,,True,4
136,15,,,False,5
136,16,,,True,3
136,17,,,False,2
136,18,,,False,2
136,19,,,True,2
136,20,,,False,3
136,21,,,True,2
136,22,,,False,3
136,23,,,True,3
136,24,,,False,4
136,25,,,False,3
136,26,,,True,2
136,27,,,False,4
136,28,,,True,2
136,29,,,True,4
136,30,,,False,2
136,31,,,True,2
136,32,,,False,3
136,33,,,True,4
136,34,,,False,4
136,35,,,False,3
136,36,,,True,3
136,37,,,False,3
136,38,,,True,3
140,2,,,True,2
140,3,,,False,5
140,4,,,True,2
140,5,,,False,3
140,6,,,True,3
140,7,,,False,3
140,8,,,True,3
140,9,,,True,4
140,10,,,False,3
140,11,,,True,2
140,12,,,False,3
140,13,,,True,3
140,14,,,True,4
140,15,,,False,5
140,16,,,True,3
140,17,,,False,2
140,18,,,False,2
140,19,,,True,2
140,20,,,False,3
140,21,,,True,2
140,22,,,False,3
140,23,,,True,3
140,24,,,False,4
140,25,,,False,3
140,26,,,True,2
140,27,,,False,4
140,28,,,True,2
140,29,,,True,4
140,30,,,False,2
140,31,,,True,2
140,32,,,False,3
140,33,,,True,4
140,34,,,False,4
140,35,,,False,3
140,36,,,True,3
140,37,,,False,3
140,38,,,True,3
141,2,,,True,2
141,3,,,False,5
141,4,,,True,2
141,5,,,False,3
141,6,,,True,3
141,7,,,False,3
141,8,,,True,3
141,9,,,True,4
141,10,,,False,3
141,11,,,True,2
141,12,,,False,3
141,13,,,True,3
141,14,,,True,4
141,15,,,False,5
141,16,,,True,3
141,17,,,False,2
141,18,,,False,2
141,19,,,True,2
141,20,,,False,3
141,21,,,True,2
141,22,,,False,3
141,23,,,True,3
141,24,,,False,4
141,25,,,False,3
141,26,,,True,2
141,27,,,False,4
141,28,,,True,2
141,29,,,True,4
141,30,,,False,2
141,31,,,True,2
141,32,,,False,3
141,33,,,True,4
141,34,,,False,4
141,35,,,False,3
141,36,,,True,3
141,37,,,False,3
141,38,,,True,3
142,2,,,True,2
142,3,,,False,5
142,4,,,True,2
142,5,,,False,3
142,6,,,True,3
142,7,,,False,3
142,8,,,True,3
142,9,,,True,4
142,10,,,False,3
142,11,,,True,2
142,12,,,False,3
142,13,,,True,3
142,14,,,True,4
142,15,,,False,5
142,16,,,True,3
142,17,,,False,2
142,18,,,False,2
142,19,,,True,2
142,20,,,False,3
142,21,,,True,2
142,22,,,False,3
142,23,,,True,3
142,24,,,False,4
142,25,,,False,3
142,26,,,True,2
142,27,,,False,4
142,28,,,True,2
142,29,,,True,4
142,30,,,False,2
142,31,,,True,2
142,32,,,False,3
142,33,,,True,4
142,34,,,False,4
142,35,,,False,3
142,36,,,True,3
142,37,,,False,3
142,38,,,True,3
143,2,,,True,2
143,3,,,False,5
143,4,,,True,2
143,5,,,False,3
143,6,,,True,3
143,7,,,False,3
143,8,,,True,3
143,9,,,True,4
143,10,,,False,3
143,11,,,True,2
143,12,,,False,3
143,13,,,True,3
143,14,,,True,4
143,15,,,False,5
143,16,,,True,3
143,17,,,False,2
143,18,,,False,2
143,19,,,True,2
143,20,,,False,3
143,21,,,True,2
143,22,,,False,3
143,23,,,True,3
143,24,,,False,4
143,25,,,False,3
143,26,,,True,2
143,27,,,False,4
143,28,,,True,2
143,29,,,True,4
143,30,,,False,2
143,31,,,True,2
143,32,,,False,3
143,33,,,True,4
143,34,,,False,4
143,35,,,False,3
143,36,,,True,3
143,37,,,False,3
143,38,,,True,3
144,2,,,True,2
144,3,,,False,5
144,4,,,True,2
144,5,,,False,3
144,6,,,True,3
144,7,,,False,3
144,8,,,True,3
144,9,,,True,4
144,10,,,False,3
144,11,,,True,2
144,12,,,False,3
144,13,,,True,3
144,14,,,True,4
144,15,,,False,5
144,16,,,True,3
144,17,,,False,2
144,18,,,False,2
144,19,,,True,2
144,20,,,False,3
144,21,,,True,2
144,22,,,False,3
144,23,,,True,3
144,24,,,False,4
144,25,,,False,3
144,26,,,True,2
144,27,,,False,4
144,28,,,True,2
144,29,,,True,4
144,30,,,False,2
144,31,,,True,2
144,32,,,False,3
144,33,,,True,4
144,34,,,False,4
144,35,,,False,3
144,36,,,True,3
144,37,,,False,3
144,38,,,True,3
145,2,,,True,2
145,3,,,False,5
145,4,,,True,2
145,5,,,False,3
145,6,,,True,3
145,7,,,False,3
145,8,,,True,3
145,9,,,True,4
145,10,,,False,3
145,11,,,True,2
145,12,,,False,3
145,13,,,True,3
145,14,,,True,4
145,15,,,False,5
145,16,,,True,3
145,17,,,False,2
145,18,,,False,2
145,19,,,True,2
145,20,,,False,3
145,21,,,True,2
145,22,,,False,3
145,23,,,True,3
145,24,,,False,4
145,25,,,False,3
145,26,,,True,2
145,27,,,False,4
145,28,,,True,2
145,29,,,True,4
145,30,,,False,2
145,31,,,True,2
145,32,,,False,3
145,33,,,True,4
145,34,,,False,4
145,35,,,False,3
145,36,,,True,3
145,37,,,False,3
145,38,,,True,3
146,2,,,True,2
146,3,,,False,5
146,4,,,True,2
146,5,,,False,3
146,6,,,True,3
146,7,,,False,3
146,8,,,True,3
146,9,,,True,4
146,10,,,False,3
146,11,,,True,2
146,12,,,False,3
146,13,,,True,3
146,14,,,True,4
146,15,,,False,5
146,16,,,True,3
146,17,,,False,2
146,18,,,False,2
146,19,,,True,2
146,20,,,False,3
146,21,,,True,2
146,22,,,False,3
146,23,,,True,3
146,24,,,False,4
146,25,,,False,3
146,26,,,True,2
146,27,,,False,4
146,28,,,True,2
146,29,,,True,4
146,30,,,False,2
146,31,,,True,2
146,32,,,False,3
146,33,,,True,4
146,34,,,False,4
146,35,,,False,3
146,36,,,True,3
146,37,,,False,3
146,38,,,True,3
147,2,,,True,2
147,3,,,False,5
147,4,,,True,2
147,5,,,False,3
147,6,,,True,3
147,7,,,False,3
147,8,,,True,3
147,9,,,True,4
147,10,,,False,3
147,11,,,True,2
147,12,,,False,3
147,13,,,True,3
147,14,,,True,4
147,15,,,False,5
147,16,,,True,3
147,17,,,False,2
147,18,,,False,2
147,19,,,True,2
147,20,,,False,3
147,21,,,True,2
147,22,,,False,3
147,23,,,True,3
147,24,,,False,4
147,25,,,False,3
147,26,,,True,2
147,27,,,False,4
147,28,,,True,2
147,29,,,True,4
147,30,,,False,2
147,31,,,True,2
147,32,,,False,3
147,33,,,True,4
147,34,,,False,4
147,35,,,False,3
147,36,,,True,3
147,37,,,False,3
147,38,,,True,3
148,2,,,True,2
148,3,,,False,5
148,4,,,True,2
148,5,,,False,3
148,6,,,True,3
148,7,,,False,3
148,8,,,True,3
148,9,,,True,4
148,10,,,False,3
148,11,,,True,2
148,12,,,False,3
148,13,,,True,3
148,14,,,True,4
148,15,,,False,5
148,16,,,True,3
148,17,,,False,2
148,18,,,False,2
148,19,,,True,2
148,20,,,False,3
148,21,,,True,2
148,22,,,False,3
148,23,,,True,3
148,24,,,False,4
148,25,,,False,3
148,26,,,True,2
148,27,,,False,4
148,28,,,True,2
148,29,,,True,4
148,30,,,False,2
148,31,,,True,2
148,32,,,False,3
148,33,,,True,4
148,34,,,False,4
148,35,,,False,3
148,36,,,True,3
148,37,,,False,3
148,38,,,True,3
149,2,,,True,2
149,3,,,False,5
149,4,,,True,2
149,5,,,False,3
149,6,,,True,3
149,7,,,False,3
149,8,,,True,3
149,9,,,True,4
149,10,,,False,3
149,11,,,True,2
149,12,,,False,3
149,13,,,True,3
149,14,,,True,4
149,15,,,False,5
149,16,,,True,3
149,17,,,False,2
149,18,,,False,2
149,19,,,True,2
149,20,,,False,3
149,21,,,True,2
149,22,,,False,3
149,23,,,True,3
149,24,,,False,4
149,25,,,False,3
149,26,,,True,2
149,27,,,False,4
149,28,,,True,2
149,29,,,True,4
149,30,,,False,2
149,31,,,True,2
149,32,,,False,3
149,33,,,True,4
149,34,,,False,4
149,35,,,False,3
149,36,,,True,3
149,37,,,False,3
149,38,,,True,3
150,2,,,True,2
150,3,,,False,5
150,4,,,True,2
150,5,,,False,3
150,6,,,True,3
150,7,,,False,3
150,8,,,True,3
150,9,,,True,4
150,10,,,False,3
150,11,,,True,2
150,12,,,False,3
150,13,,,True,3
150,14,,,True,4
150,15,,,False,5
150,16,,,True,3
150,17,,,False,2
150,18,,,False,2
150,19,,,True,2
150,20,,,False,3
150,21,,,True,2
150,22,,,False,3
150,23,,,True,3
150,24,,,False,4
150,25,,,False,3
150,26,,,True,2
150,27,,,False,4
150,28,,,True,2
150,29,,,True,4
150,30,,,False,2
150,31,,,True,2
150,32,,,False,3
150,33,,,True,4
150,34,,,False,4
150,35,,,False,3
150,36,,,True,3
150,37,,,False,3
150,38,,,True,3
151,2,,,True,2
151,3,,,False,5
151,4,,,True,2
151,5,,,False,3
151,6,,,True,3
151,7,,,False,3
151,8,,,True,3
151,9,,,True,4
151,10,,,False,3
151,11,,,True,2
151,12,,,False,3
151,13,,,True,3
151,14,,,True,4
151,15,,,False,5
151,16,,,True,3
151,17,,,False,2
151,18,,,False,2
151,19,,,True,2
151,20,,,False,3
151,21,,,True,2
151,22,,,False,3
151,23,,,True,3
151,24,,,False,4
151,25,,,False,3
151,26,,,True,2
151,27,,,False,4
151,28,,,True,2
151,29,,,True,4
151,30,,,False,2
151,31,,,True,2
151,32,,,False,3
151,33,,,True,4
151,34,,,False,4
151,35,,,False,3
151,36,,,True,3
151,37,,,False,3
151,38,,,True,3
152,2,,,True,2
152,3,,,False,5
152,4,,,True,2
152,5,,,False,3
152,6,,,True,3
152,7,,,False,3
152,8,,,True,3
152,9,,,True,4
152,10,,,False,3
152,11,,,True,2
152,12,,,False,3
152,13,,,True,3
152,14,,,True,4
152,15,,,False,5
152,16,,,True,3
152,17,,,False,2
152,18,,,False,2
152,19,,,True,2
152,20,,,False,3
152,21,,,True,2
152,22,,,False,3
152,23,,,True,3
152,24,,,False,4
152,25,,,False,3
152,26,,,True,2
152,27,,,False,4
152,28,,,True,2
152,29,,,True,4
152,30,,,False,2
152,31,,,True,2
152,32,,,False,3
152,33,,,True,4
152,34,,,False,4
152,35,,,False,3
152,36,,,True,3
152,37,,,False,3
152,38,,,True,3
154,2,,,True,2
154,3,,,False,5
154,4,,,True,2
154,5,,,False,3
154,6,,,True,3
154,7,,,False,3
154,8,,,True,3
154,9,,,True,4
154,10,,,False,3
154,11,,,True,2
154,12,,,False,3
154,13,,,True,3
154,14,,,True,4
154,15,,,False,5
154,16,,,True,3
154,17,,,False,2
154,18,,,False,2
154,19,,,True,2
154,20,,,False,3
154,21,,,True,2
154,22,,,False,3
154,23,,,True,3
154,24,,,False,4
154,25,,,False,3
154,26,,,True,2
154,27,,,False,4
154,28,,,True,2
154,29,,,True,4
154,30,,,False,2
154,31,,,True,2
154,32,,,False,3
154,33,,,True,4
154,34,,,False,4
154,35,,,False,3
154,36,,,True,3
154,37,,,False,3
154,38,,,True,3
155,2,,,True,2
155,3,,,False,5
155,4,,,True,2
155,5,,,False,3
155,6,,,True,3
155,7,,,False,3
155,8,,,True,3
155,9,,,True,4
155,10,,,False,3
155,11,,,True,2
155,12,,,False,3
155,13,,,True,3
155,14,,,True,4
155,15,,,False,5
155,16,,,True,3
155,17,,,False,2
155,18,,,False,2
155,19,,,True,2
155,20,,,False,3
155,21,,,True,2
155,22,,,False,3
155,23,,,True,3
155,24,,,False,4
155,25,,,False,3
155,26,,,True,2
155,27,,,False,4
155,28,,,True,2
155,29,,,True,4
155,30,,,False,2
155,31,,,True,2
155,32,,,False,3
155,33,,,True,4
155,34,,,False,4
155,35,,,False,3
155,36,,,True,3
155,37,,,False,3
155,38,,,True,3
156,2,,,True,2
156,3,,,False,5
156,4,,,True,2
156,5,,,False,3
156,6,,,True,3
156,7,,,False,3
156,8,,,True,3
156,9,,,True,4
156,10,,,False,3
156,11,,,True,2
156,12,,,False,3
156,13,,,True,3
156,14,,,True,4
156,15,,,False,5
156,16,,,True,3
156,17,,,False,2
156,18,,,False,2
156,19,,,True,2
156,20,,,False,3
156,21,,,True,2
156,22,,,False,3
156,23,,,True,3
156,24,,,False,4
156,25,,,False,3
156,26,,,True,2
156,27,,,False,4
156,28,,,True,2
156,29,,,True,4
156,30,,,False,2
156,31,,,True,2
156,32,,,False,3
156,33,,,True,4
156,34,,,False,4
156,35,,,False,3
156,36,,,True,3
156,37,,,False,3
156,38,,,True,3
157,2,,,True,2
157,3,,,False,5
157,4,,,True,2
157,5,,,False,3
157,6,,,True,3
157,7,,,False,3
157,8,,,True,3
157,9,,,True,4
157,10,,,False,3
157,11,,,True,2
157,12,,,False,3
157,13,,,True,3
157,14,,,True,4
157,15,,,False,5
157,16,,,True,3
157,17,,,False,2
157,18,,,False,2
157,19,,,True,2
157,20,,,False,3
157,21,,,True,2
157,22,,,False,3
157,23,,,True,3
157,24,,,False,4
157,25,,,False,3
157,26,,,True,2
157,27,,,False,4
157,28,,,True,2
157,29,,,True,4
157,30,,,False,2
157,31,,,True,2
157,32,,,False,3
157,33,,,True,4
157,34,,,False,4
157,35,,,False,3
157,36,,,True,3
157,37,,,False,3
157,38,,,True,3
158,2,,,True,2
158,3,,,False,5
158,4,,,True,2
158,5,,,False,3
158,6,,,True,3
158,7,,,False,3
158,8,,,True,3
158,9,,,True,4
158,10,,,False,3
158,11,,,True,2
158,12,,,False,3
158,13,,,True,3
158,14,,,True,4
158,15,,,False,5
158,16,,,True,3
158,17,,,False,2
158,18,,,False,2
158,19,,,True,2
158,20,,,False,3
158,21,,,True,2
158,22,,,False,3
158,23,,,True,3
158,24,,,False,4
158,25,,,False,3
158,26,,,True,2
158,27,,,False,4
158,28,,,True,2
158,29,,,True,4
158,30,,,False,2
158,31,,,True,2
158,32,,,False,3
158,33,,,True,4
158,34,,,False,4
158,35,,,False,3
158,36,,,True,3
158,37,,,False,3
158,38,,,True,3
159,2,,,True,2
159,3,,,False,5
159,4,,,True,2
159,5,,,False,3
159,6,,,True,3
159,7,,,False,3
159,8,,,True,3
159,9,,,True,4
159,10,,,False,3
159,11,,,True,2
159,12,,,False,3
159,13,,,True,3
159,14,,,True,4
159,15,,,False,5
159,16,,,True,3
159,17,,,False,2
159,18,,,False,2
159,19,,,True,2
159,20,,,False,3
159,21,,,True,2
159,22,,,False,3
159,23,,,True,3
159,24,,,False,4
159,25,,,False,3
159,26,,,True,2
159,27,,,False,4
159,28,,,True,2
159,29,,,True,4
159,30,,,False,2
159,31,,,True,2
159,32,,,False,3
159,33,,,True,4
159,34,,,False,4
159,35,,,False,3
159,36,,,True,3
159,37,,,False,3
159,38,,,True,3
161,2,,,True,2
161,3,,,False,5
161,4,,,True,2
161,5,,,False,3
161,6,,,True,3
161,7,,,False,3
161,8,,,True,3
161,9,,,True,4
161,10,,,False,3
161,11,,,True,2
161,12,,,False,3
161,13,,,True,3
161,14,,,True,4
161,15,,,False,5
161,16,,,True,3
161,17,,,False,2
161,18,,,False,2
161,19,,,True,2
161,20,,,False,3
161,21,,,True,2
161,22,,,False,3
161,23,,,True,3
161,24,,,False,4
161,25,,,False,3
161,26,,,True,2
161,27,,,False,4
161,28,,,True,2
161,29,,,True,4
161,30,,,False,2
161,31,,,True,2
161,32,,,False,3
161,33,,,True,4
161,34,,,False,4
161,35,,,False,3
161,36,,,True,3
161,37,,,False,3
161,38,,,True,3
163,2,,,True,2
163,3,,,False,5
163,4,,,True,2
163,5,,,False,3
163,6,,,True,3
163,7,,,False,3
163,8,,,True,3
163,9,,,True,4
163,10,,,False,3
163,11,,,True,2
163,12,,,False,3
163,13,,,True,3
163,14,,,True,4
163,15,,,False,5
163,16,,,True,3
163,17,,,False,2
163,18,,,False,2
163,19,,,True,2
163,20,,,False,3
163,21,,,True,2
163,22,,,False,3
163,23,,,True,3
163,24,,,False,4
163,25,,,False,3
163,26,,,True,2
163,27,,,False,4
163,28,,,True,2
163,29,,,True,4
163,30,,,False,2
163,31,,,True,2
163,32,,,False,3
163,33,,,True,4
163,34,,,False,4
163,35,,,False,3
163,36,,,True,3
163,37,,,False,3
163,38,,,True,3
164,2,,,True,2
164,3,,,False,5
164,4,,,True,2
164,5,,,False,3
164,6,,,True,3
164,7,,,False,3
164,8,,,True,3
164,9,,,True,4
164,10,,,False,3
164,11,,,True,2
164,12,,,False,3
164,13,,,True,3
164,14,,,True,4
164,15,,,False,5
164,16,,,True,3
164,17,,,False,2
164,18,,,False,2
164,19,,,True,2
164,20,,,False,3
164,21,,,True,2
164,22,,,False,3
164,23,,,True,3
164,24,,,False,4
164,25,,,False,3
164,26,,,True,2
164,27,,,False,4
164,28,,,True,2
164,29,,,True,4
164,30,,,False,2
164,31,,,True,2
164,32,,,False,3
164,33,,,True,4
164,34,,,False,4
164,35,,,False,3
164,36,,,True,3
164,37,,,False,3
164,38,,,True,3
165,2,,,True,2
165,3,,,False,5
165,4,,,True,2
165,5,,,False,3
165,6,,,True,3
165,7,,,False,3
165,8,,,True,3
165,9,,,True,4
165,10,,,False,3
165,11,,,True,2
165,12,,,False,3
165,13,,,True,3
165,14,,,True,4
165,15,,,False,5
165,16,,,True,3
165,17,,,False,2
165,18,,,False,2
165,19,,,True,2
165,20,,,False,3
165,21,,,True,2
165,22,,,False,3
165,23,,,True,3
165,24,,,False,4
165,25,,,False,3
165,26,,,True,2
165,27,,,False,4
165,28,,,True,2
165,29,,,True,4
165,30,,,False,2
165,31,,,True,2
165,32,,,False,3
165,33,,,True,4
165,34,,,False,4
165,35,,,False,3
165,36,,,True,3
165,37,,,False,3
165,38,,,True,3
168,2,,,True,2
168,3,,,False,5
168,4,,,True,2
168,5,,,False,3
168,6,,,True,3
168,7,,,False,3
168,8,,,True,3
168,9,,,True,4
168,10,,,False,3
168,11,,,True,2
168,12,,,False,3
168,13,,,True,3
168,14,,,True,4
168,15,,,False,5
168,16,,,True,3
168,17,,,False,2
168,18,,,False,2
168,19,,,True,2
168,20,,,False,3
168,21,,,True,2
168,22,,,False,3
168,23,,,True,3
168,24,,,False,4
168,25,,,False,3
168,26,,,True,2
168,27,,,False,4
168,28,,,True,2
168,29,,,True,4
168,30,,,False,2
168,31,,,True,2
168,32,,,False,3
168,33,,,True,4
168,34,,,False,4
168,35,,,False,3
168,36,,,True,3
168,37,,,False,3
168,38,,,True,3
169,2,,,True,2
169,3,,,False,5
169,4,,,True,2
169,5,,,False,3
169,6,,,True,3
169,7,,,False,3
169,8,,,True,3
169,9,,,True,4
169,10,,,False,3
169,11,,,True,2
169,12,,,False,3
169,13,,,True,3
169,14,,,True,4
169,15,,,False,5
169,16,,,True,3
169,17,,,False,2
169,18,,,False,2
169,19,,,True,2
169,20,,,False,3
169,21,,,True,2
169,22,,,False,3
169,23,,,True,3
169,24,,,False,4
169,25,,,False,3
169,26,,,True,2
169,27,,,False,4
169,28,,,True,2
169,29,,,True,4
169,30,,,False,2
169,31,,,True,2
169,32,,,False,3
169,33,,,True,4
169,34,,,False,4
169,35,,,False,3
169,36,,,True,3
169,37,,,False,3
169,38,,,True,3
170,2,,,True,2
170,3,,,False,5
170,4,,,True,2
170,5,,,False,3
170,6,,,True,3
170,7,,,False,3
170,8,,,True,3
170,9,,,True,4
170,10,,,False,3
170,11,,,True,2
170,12,,,False,3
170,13,,,True,3
170,14,,,True,4
170,15,,,False,5
170,16,,,True,3
170,17,,,False,2
170,18,,,False,2
170,19,,,True,2
170,20,,,False,3
170,21,,,True,2
170,22,,,False,3
170,23,,,True,3
170,24,,,False,4
170,25,,,False,3
170,26,,,True,2
170,27,,,False,4
170,28,,,True,2
170,29,,,True,4
170,30,,,False,2
170,31,,,True,2
170,32,,,False,3
170,33,,,True,4
170,34,,,False,4
170,35,,,False,3
170,36,,,True,3
170,37,,,False,3
170,38,,,True,3
200,2,,,True,2
200,3,,,False,5
200,4,,,True,2
200,5,,,False,3
200,6,,,True,3
200,7,,,False,3
200,8,,,True,3
200,9,,,True,4
200,10,,,False,3
200,11,,,True,2
200,12,,,False,3
200,13,,,True,3
200,14,,,True,4
200,15,,,False,5
200,16,,,True,3
200,17,,,False,2
200,18,,,False,2
200,19,,,True,2
200,20,,,False,3
200,21,,,True,2
200,22,,,False,3
200,23,,,True,3
200,24,,,False,4
200,25,,,False,3
200,26,,,True,2
200,27,,,False,4
200,28,,,True,2
200,29,,,True,4
200,30,,,False,2
200,31,,,True,2
200,32,,,False,3
200,33,,,True,4
200,34,,,False,4
200,35,,,False,3
200,36,,,True,3
200,37,,,False,3
200,38,,,True,3
560,2,,,True,2
560,3,,,False,5
560,4,,,True,2
560,5,,,False,3
560,6,,,True,3
560,7,,,False,3
560,8,,,True,3
560,9,,,True,4
560,10,,,False,3
560,11,,,True,2
560,12,,,False,3
560,13,,,True,3
560,14,,,True,4
560,15,,,False,5
560,16,,,True,3
560,17,,,False,2
560,18,,,False,2
560,19,,,True,2
560,20,,,False,3
560,21,,,True,2
560,22,,,False,3
560,23,,,True,3
560,24,,,False,4
560,25,,,False,3
560,26,,,True,2
560,27,,,False,4
560,28,,,True,2
560,29,,,True,4
560,30,,,False,2
560,31,,,True,2
560,32,,,False,3
560,33,,,True,4
560,34,,,False,4
560,35,,,False,3
560,36,,,True,3
560,37,,,False,3
560,38,,,True,3
561,2,,,True,2
561,3,,,False,5
561,4,,,True,2
561,5,,,False,3
561,6,,,True,3
561,7,,,False,3
561,8,,,True,3
561,9,,,True,4
561,10,,,False,3
561,11,,,True,2
561,12,,,False,3
561,13,,,True,3
561,14,,,True,4
561,15,,,False,5
561,16,,,True,3
561,17,,,False,2
561,18,,,False,2
561,19,,,True,2
561,20,,,False,3
561,21,,,True,2
561,22,,,False,3
561,23,,,True,3
561,24,,,False,4
561,25,,,False,3
561,26,,,True,2
561,27,,,False,4
561,28,,,True,2
561,29,,,True,4
561,30,,,False,2
561,31,,,True,2
561,32,,,False,3
561,33,,,True,4
561,34,,,False,4
561,35,,,False,3
561,36,,,True,3
561,37,,,False,3
561,38,,,True,3
568,2,,,True,2
568,3,,,False,5
568,4,,,True,2
568,5,,,False,3
568,6,,,True,3
568,7,,,False,3
568,8,,,True,3
568,9,,,True,4
568,10,,,False,3
568,11,,,True,2
568,12,,,False,3
568,13,,,True,3
568,14,,,True,4
568,15,,,False,5
568,16,,,True,3
568,17,,,False,2
568,18,,,False,2
568,19,,,True,2
568,20,,,False,3
568,21,,,True,2
568,22,,,False,3
568,23,,,True,3
568,24,,,False,4
568,25,,,False,3
568,26,,,True,2
568,27,,,False,4
568,28,,,True,2
568,29,,,True,4
568,30,,,False,2
568,31,,,True,2
568,32,,,False,3
568,33,,,True,4
568,34,,,False,4
568,35,,,False,3
568,36,,,True,3
568,37,,,False,3
568,38,,,True,3
578,2,,,True,2
578,3,,,False,5
578,4,,,True,2
578,5,,,False,3
578,6,,,True,3
578,7,,,False,3
578,8,,,True,3
578,9,,,True,4
578,10,,,False,3
578,11,,,True,2
578,12,,,False,3
578,13,,,True,3
578,14,,,True,4
578,15,,,False,5
578,16,,,True,3
578,17,,,False,2
578,18,,,False,2
578,19,,,True,2
578,20,,,False,3
578,21,,,True,2
578,22,,,False,3
578,23,,,True,3
578,24,,,False,4
578,25,,,False,3
578,26,,,True,2
578,27,,,False,4
578,28,,,True,2
578,29,,,True,4
578,30,,,False,2
578,31,,,True,2
578,32,,,False,3
578,33,,,True,4
578,34,,,False,4
578,35,,,False,3
578,36,,,True,3
578,37,,,False,3
578,38,,,True,3
583,2,,,True,2
583,3,,,False,5
583,4,,,True,2
583,5,,,False,3
583,6,,,True,3
583,7,,,False,3
583,8,,,True,3
583,9,,,True,4
583,10,,,False,3
583,11,,,True,2
583,12,,,False,3
583,13,,,True,3
583,14,,,True,4
583,15,,,False,5
583,16,,,True,3
583,17,,,False,2
583,18,,,False,2
583,19,,,True,2
583,20,,,False,3
583,21,,,True,2
583,22,,,False,3
583,23,,,True,3
583,24,,,False,4
583,25,,,False,3
583,26,,,True,2
583,27,,,False,4
583,28,,,True,2
583,29,,,True,4
583,30,,,False,2
583,31,,,True,2
583,32,,,False,3
583,33,,,True,4
583,34,,,False,4
583,35,,,False,3
583,36,,,True,3
583,37,,,False,3
583,38,,,True,3
91,2,,,False,3
91,3,,,True,2
91,4,,,False,3
91,5,,,True,4
91,6,,,False,4
91,7,,,True,4
91,8,,,False,2
91,9,,,True,3
91,10,,,False,3
91,11,,,True,3
91,12,,,False,4
91,13,,,True,4
91,14,,,True,4
91,15,,,False,3
91,16,,,True,2
91,17,,,False,2
91,18,,,False,2
91,19,,,True,3
91,20,,,False,5
91,21,,,True,2
91,22,,,False,3
91,23,,,True,4
91,24,,,False,3
91,25,,,False,3
91,26,,,True,2
91,27,,,False,3
91,28,,,True,2
91,29,,,False,3
91,30,,,True,3
91,31,,,False,3
91,32,,,True,2
91,33,,,True,2
91,34,,,False,5
91,35,,,True,3
91,36,,,False,4
91,37,,,True,2
91,38,,,False,4
104,2,,,True,2
104,3,,,False,5
104,4,,,True,2
104,5,,,False,3
104,6,,,True,2
104,7,,,False,3
104,8,,,True,2
104,9,,,True,2
104,10,,,False,3
104,11,,,True,3
104,12,,,False,3
104,13,,,True,2
104,14,,,False,4
104,15,,,True,3
104,16,,,False,3
104,17,,,True,4
104,18,,,True,3
104,19,,,False,4
104,20,,,False,2
104,21,,,True,3
104,22,,,False,3
104,23,,,True,2
104,24,,,False,3
104,25,,,True,4
104,26,,,False,3
104,27,,,True,3
104,28,,,False,4
104,29,,,True,4
104,30,,,False,3
104,31,,,True,4
104,32,,,False,2
104,33,,,False,4
104,34,,,True,4
104,35,,,False,3
104,36,,,True,3
104,37,,,False,3
104,38,,,True,3
110,2,,,True,2
110,3,,,False,5
110,4,,,True,2
110,5,,,False,3
110,6,,,True,2
110,7,,,False,3
110,8,,,True,2
110,9,,,True,2
110,10,,,False,3
110,11,,,True,3
110,12,,,False,3
110,13,,,True,2
110,14,,,False,4
110,15,,,True,3
110,16,,,False,3
110,17,,,True,4
110,18,,,True,3
110,19,,,False,4
110,20,,,False,2
110,21,,,True,3
110,22,,,False,3
110,23,,,True,2
110,24,,,False,3
110,25,,,True,4
110,26,,,False,3
110,27,,,True,3
110,28,,,False,4
110,29,,,True,4
110,30,,,False,3
110,31,,,True,4
110,32,,,False,2
110,33,,,False,4
110,34,,,True,4
110,35,,,False,3
110,36,,,True,3
110,37,,,False,3
110,38,,,True,3
171,2,,,True,2
171,3,,,False,5
171,4,,,True,2
171,5,,,False,3
171,6,,,True,2
171,7,,,False,3
171,8,,,True,2
171,9,,,True,2
171,10,,,False,3
171,11,,,True,3
171,12,,,False,3
171,13,,,True,2
171,14,,,False,4
171,15,,,True,3
171,16,,,False,3
171,17,,,True,4
171,18,,,True,3
171,19,,,False,4
171,20,,,False,2
171,21,,,True,3
171,22,,,False,3
171,23,,,True,2
171,24,,,False,3
171,25,,,True,4
171,26,,,False,3
171,27,,,True,3
171,28,,,False,4
171,29,,,True,4
171,30,,,False,3
171,31,,,True,4
171,32,,,False,2
171,33,,,False,4
171,34,,,True,4
171,35,,,False,3
171,36,,,True,3
171,37,,,False,3
171,38,,,True,3
172,2,,,True,2
172,3,,,False,5
172,4,,,True,2
172,5,,,False,3
172,6,,,True,2
172,7,,,False,3
172,8,,,True,2
172,9,,,True,2
172,10,,,False,3
172,11,,,True,3
172,12,,,False,3
172,13,,,True,2
172,14,,,False,4
172,15,,,True,3
172,16,,,False,3
172,17,,,True,4
172,18,,,True,3
172,19,,,False,4
172,20,,,False,2
172,21,,,True,3
172,22,,,False,3
172,23,,,True,2
172,24,,,False,3
172,25,,,True,4
172,26,,,False,3
172,27,,,True,3
172,28,,,False,4
172,29,,,True,4
172,30,,,False,3
172,31,,,True,4
172,32,,,False,2
172,33,,,False,4
172,34,,,True,4
172,35,,,False,3
172,36,,,True,3
172,37,,,False,3
172,38,,,True,3
173,2,,,True,2
173,3,,,False,5
173,4,,,True,2
173,5,,,False,3
173,6,,,True,2
173,7,,,False,3
173,8,,,True,2
173,9,,,True,2
173,10,,,False,3
173,11,,,True,3
173,12,,,False,3
173,13,,,True,2
173,14,,,False,4
173,15,,,True,3
173,16,,,False,3
173,17,,,True,4
173,18,,,True,3
173,19,,,False,4
173,20,,,False,2
173,21,,,True,3
173,22,,,False,3
173,23,,,True,2
173,24,,,False,3
173,25,,,True,4
173,26,,,False,3
173,27,,,True,3
173,28,,,False,4
173,29,,,True,4
173,30,,,False,3
173,31,,,True,4
173,32,,,False,2
173,33,,,False,4
173,34,,,True,4
173,35,,,False,3
173,36,,,True,3
173,37,,,False,3
173,38,,,True,3
174,2,,,True,2
174,3,,,False,5
174,4,,,True,2
174,5,,,False,3
174,6,,,True,2
174,7,,,False,3
174,8,,,True,2
174,9,,,True,2
174,10,,,False,3
174,11,,,True,3
174,12,,,False,3
174,13,,,True,2
174,14,,,False,4
174,15,,,True,3
174,16,,,False,3
174,17,,,True,4
174,18,,,True,3
174,19,,,False,4
174,20,,,False,2
174,21,,,True,3
174,22,,,False,3
174,23,,,True,2
174,24,,,False,3
174,25,,,True,4
174,26,,,False,3
174,27,,,True,3
174,28,,,False,4
174,29,,,True,4
174,30,,,False,3
174,31,,,True,4
174,32,,,False,2
174,33,,,False,4
174,34,,,True,4
174,35,,,False,3
174,36,,,True,3
174,37,,,False,3
174,38,,,True,3
175,2,,,True,2
175,3,,,False,5
175,4,,,True,2
175,5,,,False,3
175,6,,,True,2
175,7,,,False,3
175,8,,,True,2
175,9,,,True,2
175,10,,,False,3
175,11,,,True,3
175,12,,,False,3
175,13,,,True,2
175,14,,,False,4
175,15,,,True,3
175,16,,,False,3
175,17,,,True,4
175,18,,,True,3
175,19,,,False,4
175,20,,,False,2
175,21,,,True,3
175,22,,,False,3
175,23,,,True,2
175,24,,,False,3
175,25,,,True,4
175,26,,,False,3
175,27,,,True,3
175,28,,,False,4
175,29,,,True,4
175,30,,,False,3
175,31,,,True,4
175,32,,,False,2
175,33,,,False,4
175,34,,,True,4
175,35,,,False,3
175,36,,,True,3
175,37,,,False,3
175,38,,,True,3
176,2,,,True,2
176,3,,,False,5
176,4,,,True,2
176,5,,,False,3
176,6,,,True,2
176,7,,,False,3
176,8,,,True,2
176,9,,,True,2
176,10,,,False,3
176,11,,,True,3
176,12,,,False,3
176,13,,,True,2
176,14,,,False,4
176,15,,,True,3
176,16,,,False,3
176,17,,,True,4
176,18,,,True,3
176,19,,,False,4
176,20,,,False,2
176,21,,,True,3
176,22,,,False,3
176,23,,,True,2
176,24,,,False,3
176,25,,,True,4
176,26,,,False,3
176,27,,,True,3
176,28,,,False,4
176,29,,,True,4
176,30,,,False,3
176,31,,,True,4
176,32,,,False,2
176,33,,,False,4
176,34,,,True,4
176,35,,,False,3
176,36,,,True,3
176,37,,,False,3
176,38,,,True,3
177,2,,,True,2
177,3,,,False,5
177,4,,,True,2
177,5,,,False,3
177,6,,,True,2
177,7,,,False,3
177,8,,,True,2
177,9,,,True,2
177,10,,,False,3
177,11,,,True,3
177,12,,,False,3
177,13,,,True,2
177,14,,,False,4
177,15,,,True,3
177,16,,,False,3
177,17,,,True,4
177,18,,,True,3
177,19,,,False,4
177,20,,,False,2
177,21,,,True,3
177,22,,,False,3
177,23,,,True,2
177,24,,,False,3
177,25,,,True,4
177,26,,,False,3
177,27,,,True,3
177,28,,,False,4
177,29,,,True,4
177,30,,,False,3
177,31,,,True,4
177,32,,,False,2
177,33,,,False,4
177,34,,,True,4
177,35,,,False,3
177,36,,,True,3
177,37,,,False,3
177,38,,,True,3
178,2,,,True,2
178,3,,,False,5
178,4,,,True,2
178,5,,,False,3
178,6,,,True,2
178,7,,,False,3
178,8,,,True,2
178,9,,,True,2
178,10,,,False,3
178,11,,,True,3
178,12,,,False,3
178,13,,,True,2
178,14,,,False,4
178,15,,,True,3
178,16,,,False,3
178,17,,,True,4
178,18,,,True,3
178,19,,,False,4
178,20,,,False,2
178,21,,,True,3
178,22,,,False,3
178,23,,,True,2
178,24,,,False,3
178,25,,,True,4
178,26,,,False,3
178,27,,,True,3
178,28,,,False,4
178,29,,,True,4
178,30,,,False,3
178,31,,,True,4
178,32,,,False,2
178,33,,,False,4
178,34,,,True,4
178,35,,,False,3
178,36,,,True,3
178,37,,,False,3
178,38,,,True,3
179,2,,,True,2
179,3,,,False,5
179,4,,,True,2
179,5,,,False,3
179,6,,,True,2
179,7,,,False,3
179,8,,,True,2
179,9,,,True,2
179,10,,,False,3
179,11,,,True,3
179,12,,,False,3
179,13,,,True,2
179,14,,,False,4
179,15,,,True,3
179,16,,,False,3
179,17,,,True,4
179,18,,,True,3
179,19,,,False,4
179,20,,,False,2
179,21,,,True,3
179,22,,,False,3
179,23,,,True,2
179,24,,,False,3
179,25,,,True,4
179,26,,,False,3
179,27,,,True,3
179,28,,,False,4
179,29,,,True,4
179,30,,,False,3
179,31,,,True,4
179,32,,,False,2
179,33,,,False,4
179,34,,,True,4
179,35,,,False,3
179,36,,,True,3
179,37,,,False,3
179,38,,,True,3
180,2,,,True,2
180,3,,,False,5
180,4,,,True,2
180,5,,,False,3
180,6,,,True,2
180,7,,,False,3
180,8,,,True,2
180,9,,,True,2
180,10,,,False,3
180,11,,,True,3
180,12,,,False,3
180,13,,,True,2
180,14,,,False,4
180,15,,,True,3
180,16,,,False,3
180,17,,,True,4
180,18,,,True,3
180,19,,,False,4
180,20,,,False,2
180,21,,,True,3
180,22,,,False,3
180,23,,,True,2
180,24,,,False,3
180,25,,,True,4
180,26,,,False,3
180,27,,,True,3
180,28,,,False,4
180,29,,,True,4
180,30,,,False,3
180,31,,,True,4
180,32,,,False,2
180,33,,,False,4
180,34,,,True,4
180,35,,,False,3
180,36,,,True,3
180,37,,,False,3
180,38,,,True,3
181,2,,,True,2
181,3,,,False,5
181,4,,,True,2
181,5,,,False,3
181,6,,,True,2
181,7,,,False,3
181,8,,,True,2
181,9,,,True,2
181,10,,,False,3
181,11,,,True,3
181,12,,,False,3
181,13,,,True,2
181,14,,,False,4
181,15,,,True,3
181,16,,,False,3
181,17,,,True,4
181,18,,,True,3
181,19,,,False,4
181,20,,,False,2
181,21,,,True,3
181,22,,,False,3
181,23,,,True,2
181,24,,,False,3
181,25,,,True,4
181,26,,,False,3
181,27,,,True,3
181,28,,,False,4
181,29,,,True,4
181,30,,,False,3
181,31,,,True,4
181,32,,,False,2
181,33,,,False,4
181,34,,,True,4
181,35,,,False,3
181,36,,,True,3
181,37,,,False,3
181,38,,,True,3
182,2,,,True,2
182,3,,,False,5
182,4,,,True,2
182,5,,,False,3
182,6,,,True,2
182,7,,,False,3
182,8,,,True,2
182,9,,,True,2
182,10,,,False,3
182,11,,,True,3
182,12,,,False,3
182,13,,,True,2
182,14,,,False,4
182,15,,,True,3
182,16,,,False,3
182,17,,,True,4
182,18,,,True,3
182,19,,,False,4
182,20,,,False,2
182,21,,,True,3
182,22,,,False,3
182,23,,,True,2
182,24,,,False,3
182,25,,,True,4
182,26,,,False,3
182,27,,,True,3
182,28,,,False,4
182,29,,,True,4
182,30,,,False,3
182,31,,,True,4
182,32,,,False,2
182,33,,,False,4
182,34,,,True,4
182,35,,,False,3
182,36,,,True,3
182,37,,,False,3
182,38,,,True,3
183,2,,,True,2
183,3,,,False,5
183,4,,,True,2
183,5,,,False,3
183,6,,,True,2
183,7,,,False,3
183,8,,,True,2
183,9,,,True,2
183,10,,,False,3
183,11,,,True,3
183,12,,,False,3
183,13,,,True,2
183,14,,,False,4
183,15,,,True,3
183,16,,,False,3
183,17,,,True,4
183,18,,,True,3
183,19,,,False,4
183,20,,,False,2
183,21,,,True,3
183,22,,,False,3
183,23,,,True,2
183,24,,,False,3
183,25,,,True,4
183,26,,,False,3
183,27,,,True,3
183,28,,,False,4
183,29,,,True,4
183,30,,,False,3
183,31,,,True,4
183,32,,,False,2
183,33,,,False,4
183,34,,,True,4
183,35,,,False,3
183,36,,,True,3
183,37,,,False,3
183,38,,,True,3
184,2,,,True,2
184,3,,,False,5
184,4,,,True,2
184,5,,,False,3
184,6,,,True,2
184,7,,,False,3
184,8,,,True,2
184,9,,,True,2
184,10,,,False,3
184,11,,,True,3
184,12,,,False,3
184,13,,,True,2
184,14,,,False,4
184,15,,,True,3
184,16,,,False,3
184,17,,,True,4
184,18,,,True,3
184,19,,,False,4
184,20,,,False,2
184,21,,,True,3
184,22,,,False,3
184,23,,,True,2
184,24,,,False,3
184,25,,,True,4
184,26,,,False,3
184,27,,,True,3
184,28,,,False,4
184,29,,,True,4
184,30,,,False,3
184,31,,,True,4
184,32,,,False,2
184,33,,,False,4
184,34,,,True,4
184,35,,,False,3
184,36,,,True,3
184,37,,,False,3
184,38,,,True,3
185,2,,,True,2
185,3,,,False,5
185,4,,,True,2
185,5,,,False,3
185,6,,,True,2
185,7,,,False,3
185,8,,,True,2
185,9,,,True,2
185,10,,,False,3
185,11,,,True,3
185,12,,,False,3
185,13,,,True,2
185,14,,,False,4
185,15,,,True,3
185,16,,,False,3
185,17,,,True,4
185,18,,,True,3
185,19,,,False,4
185,20,,,False,2
185,21,,,True,3
185,22,,,False,3
185,23,,,True,2
185,24,,,False,3
185,25,,,True,4
185,26,,,False,3
185,27,,,True,3
185,28,,,False,4
185,29,,,True,4
185,30,,,False,3
185,31,,,True,4
185,32,,,False,2
185,33,,,False,4
185,34,,,True,4
185,35,,,False,3
185,36,,,True,3
185,37,,,False,3
185,38,,,True,3
186,2,,,True,2
186,3,,,False,5
186,4,,,True,2
186,5,,,False,3
186,6,,,True,2
186,7,,,False,3
186,8,,,True,2
186,9,,,True,2
186,10,,,False,3
186,11,,,True,3
186,12,,,False,3
186,13,,,True,2
186,14,,,False,4
186,15,,,True,3
186,16,,,False,3
186,17,,,True,4
186,18,,,True,3
186,19,,,False,4
186,20,,,False,2
186,21,,,True,3
186,22,,,False,3
186,23,,,True,2
186,24,,,False,3
186,25,,,True,4
186,26,,,False,3
186,27,,,True,3
186,28,,,False,4
186,29,,,True,4
186,30,,,False,3
186,31,,,True,4
186,32,,,False,2
186,33,,,False,4
186,34,,,True,4
186,35,,,False,3
186,36,,,True,3
186,37,,,False,3
186,38,,,True,3
187,2,,,True,2
187,3,,,False,5
187,4,,,True,2
187,5,,,False,3
187,6,,,True,2
187,7,,,False,3
187,8,,,True,2
187,9,,,True,2
187,10,,,False,3
187,11,,,True,3
187,12,,,False,3
187,13,,,True,2
187,14,,,False,4
187,15,,,True,3
187,16,,,False,3
187,17,,,True,4
187,18,,,True,3
187,19,,,False,4
187,20,,,False,2
187,21,,,True,3
187,22,,,False,3
187,23,,,True,2
187,24,,,False,3
187,25,,,True,4
187,26,,,False,3
187,27,,,True,3
187,28,,,False,4
187,29,,,True,4
187,30,,,False,3
187,31,,,True,4
187,32,,,False,2
187,33,,,False,4
187,34,,,True,4
187,35,,,False,3
187,36,,,True,3
187,37,,,False,3
187,38,,,True,3
188,2,,,True,2
188,3,,,False,5
188,4,,,True,2
188,5,,,False,3
188,6,,,True,2
188,7,,,False,3
188,8,,,True,2
188,9,,,True,2
188,10,,,False,3
188,11,,,True,3
188,12,,,False,3
188,13,,,True,2
188,14,,,False,4
188,15,,,True,3
188,16,,,False,3
188,17,,,True,4
188,18,,,True,3
188,19,,,False,4
188,20,,,False,2
188,21,,,True,3
188,22,,,False,3
188,23,,,True,2
188,24,,,False,3
188,25,,,True,4
188,26,,,False,3
188,27,,,True,3
188,28,,,False,4
188,29,,,True,4
188,30,,,False,3
188,31,,,True,4
188,32,,,False,2
188,33,,,False,4
188,34,,,True,4
188,35,,,False,3
188,36,,,True,3
188,37,,,False,3
188,38,,,True,3
189,2,,,True,2
189,3,,,False,5
189,4,,,True,2
189,5,,,False,3
189,6,,,True,2
189,7,,,False,3
189,8,,,True,2
189,9,,,True,2
189,10,,,False,3
189,11,,,True,3
189,12,,,False,3
189,13,,,True,2
189,14,,,False,4
189,15,,,True,3
189,16,,,False,3
189,17,,,True,4
189,18,,,True,3
189,19,,,False,4
189,20,,,False,2
189,21,,,True,3
189,22,,,False,3
189,23,,,True,2
189,24,,,False,3
189,25,,,True,4
189,26,,,False,3
189,27,,,True,3
189,28,,,False,4
189,29,,,True,4
189,30,,,False,3
189,31,,,True,4
189,32,,,False,2
189,33,,,False,4
189,34,,,True,4
189,35,,,False,3
189,36,,,True,3
189,37,,,False,3
189,38,,,True,3
190,2,,,True,2
190,3,,,False,5
190,4,,,True,2
190,5,,,False,3
190,6,,,True,2
190,7,,,False,3
190,8,,,True,2
190,9,,,True,2
190,10,,,False,3
190,11,,,True,3
190,12,,,False,3
190,13,,,True,2
190,14,,,False,4
190,15,,,True,3
190,16,,,False,3
190,17,,,True,4
190,18,,,True,3
190,19,,,False,4
190,20,,,False,2
190,21,,,True,3
190,22,,,False,3
190,23,,,True,2
190,24,,,False,3
190,25,,,True,4
190,26,,,False,3
190,27,,,True,3
190,28,,,False,4
190,29,,,True,4
190,30,,,False,3
190,31,,,True,4
190,32,,,False,2
190,33,,,False,4
190,34,,,True,4
190,35,,,False,3
190,36,,,True,3
190,37,,,False,3
190,38,,,True,3
191,2,,,True,2
191,3,,,False,5
191,4,,,True,2
191,5,,,False,3
191,6,,,True,2
191,7,,,False,3
191,8,,,True,2
191,9,,,True,2
191,10,,,False,3
191,11,,,True,3
191,12,,,False,3
191,13,,,True,2
191,14,,,False,4
191,15,,,True,3
191,16,,,False,3
191,17,,,True,4
191,18,,,True,3
191,19,,,False,4
191,20,,,False,2
191,21,,,True,3
191,22,,,False,3
191,23,,,True,2
191,24,,,False,3
191,25,,,True,4
191,26,,,False,3
191,27,,,True,3
191,28,,,False,4
191,29,,,True,4
191,30,,,False,3
191,31,,,True,4
191,32,,,False,2
191,33,,,False,4
191,34,,,True,4
191,35,,,False,3
191,36,,,True,3
191,37,,,False,3
191,38,,,True,3
192,2,,,True,2
192,3,,,False,5
192,4,,,True,2
192,5,,,False,3
192,6,,,True,2
192,7,,,False,3
192,8,,,True,2
192,9,,,True,2
192,10,,,False,3
192,11,,,True,3
192,12,,,False,3
192,13,,,True,2
192,14,,,False,4
192,15,,,True,3
192,16,,,False,3
192,17,,,True,4
192,18,,,True,3
192,19,,,False,4
192,20,,,False,2
192,21,,,True,3
192,22,,,False,3
192,23,,,True,2
192,24,,,False,3
192,25,,,True,4
192,26,,,False,3
192,27,,,True,3
192,28,,,False,4
192,29,,,True,4
192,30,,,False,3
192,31,,,True,4
192,32,,,False,2
192,33,,,False,4
192,34,,,True,4
192,35,,,False,3
192,36,,,True,3
192,37,,,False,3
192,38,,,True,3
193,2,,,True,2
193,3,,,False,5
193,4,,,True,2
193,5,,,False,3
193,6,,,True,2
193,7,,,False,3
193,8,,,True,2
193,9,,,True,2
193,10,,,False,3
193,11,,,True,3
193,12,,,False,3
193,13,,,True,2
193,14,,,False,4
193,15,,,True,3
193,16,,,False,3
193,17,,,True,4
193,18,,,True,3
193,19,,,False,4
193,20,,,False,2
193,21,,,True,3
193,22,,,False,3
193,23,,,True,2
193,24,,,False,3
193,25,,,True,4
193,26,,,False,3
193,27,,,True,3
193,28,,,False,4
193,29,,,True,4
193,30,,,False,3
193,31,,,True,4
193,32,,,False,2
193,33,,,False,4
193,34,,,True,4
193,35,,,False,3
193,36,,,True,3
193,37,,,False,3
193,38,,,True,3
194,2,,,True,2
194,3,,,False,5
194,4,,,True,2
194,5,,,False,3
194,6,,,True,2
194,7,,,False,3
194,8,,,True,2
194,9,,,True,2
194,10,,,False,3
194,11,,,True,3
194,12,,,False,3
194,13,,,True,2
194,14,,,False,4
194,15,,,True,3
194,16,,,False,3
194,17,,,True,4
194,18,,,True,3
194,19,,,False,4
194,20,,,False,2
194,21,,,True,3
194,22,,,False,3
194,23,,,True,2
194,24,,,False,3
194,25,,,True,4
194,26,,,False,3
194,27,,,True,3
194,28,,,False,4
194,29,,,True,4
194,30,,,False,3
194,31,,,True,4
194,32,,,False,2
194,33,,,False,4
194,34,,,True,4
194,35,,,False,3
194,36,,,True,3
194,37,,,False,3
194,38,,,True,3
195,2,,,True,2
195,3,,,False,5
195,4,,,True,2
195,5,,,False,3
195,6,,,True,2
195,7,,,False,3
195,8,,,True,2
195,9,,,True,2
195,10,,,False,3
195,11,,,True,3
195,12,,,False,3
195,13,,,True,2
195,14,,,False,4
195,15,,,True,3
195,16,,,False,3
195,17,,,True,4
195,18,,,True,3
195,19,,,False,4
195,20,,,False,2
195,21,,,True,3
195,22,,,False,3
195,23,,,True,2
195,24,,,False,3
195,25,,,True,4
195,26,,,False,3
195,27,,,True,3
195,28,,,False,4
195,29,,,True,4
195,30,,,False,3
195,31,,,True,4
195,32,,,False,2
195,33,,,False,4
195,34,,,True,4
195,35,,,False,3
195,36,,,True,3
195,37,,,False,3
195,38,,,True,3
196,2,,,True,2
196,3,,,False,5
196,4,,,True,2
196,5,,,False,3
196,6,,,True,2
196,7,,,False,3
196,8,,,True,2
196,9,,,True,2
196,10,,,False,3
196,11,,,True,3
196,12,,,False,3
196,13,,,True,2
196,14,,,False,4
196,15,,,True,3
196,16,,,False,3
196,17,,,True,4
196,18,,,True,3
196,19,,,False,4
196,20,,,False,2
196,21,,,True,3
196,22,,,False,3
196,23,,,True,2
196,24,,,False,3
196,25,,,True,4
196,26,,,False,3
196,27,,,True,3
196,28,,,False,4
196,29,,,True,4
196,30,,,False,3
196,31,,,True,4
196,32,,,False,2
196,33,,,False,4
196,34,,,True,4
196,35,,,False,3
196,36,,,True,3
196,37,,,False,3
196,38,,,True,3
197,2,,,True,2
197,3,,,False,5
197,4,,,True,2
197,5,,,False,3
197,6,,,True,2
197,7,,,False,3
197,8,,,True,2
197,9,,,True,2
197,10,,,False,3
197,11,,,True,3
197,12,,,False,3
197,13,,,True,2
197,14,,,False,4
197,15,,,True,3
197,16,,,False,3
197,17,,,True,4
197,18,,,True,3
197,19,,,False,4
197,20,,,False,2
197,21,,,True,3
197,22,,,False,3
197,23,,,True,2
197,24,,,False,3
197,25,,,True,4
197,26,,,False,3
197,27,,,True,3
197,28,,,False,4
197,29,,,True,4
197,30,,,False,3
197,31,,,True,4
197,32,,,False,2
197,33,,,False,4
197,34,,,True,4
197,35,,,False,3
197,36,,,True,3
197,37,,,False,3
197,38,,,True,3
492,2,,,True,2
492,3,,,False,5
492,4,,,True,2
492,5,,,False,3
492,6,,,True,2
492,7,,,False,3
492,8,,,True,2
492,9,,,True,2
492,10,,,False,3
492,11,,,True,3
492,12,,,False,3
492,13,,,True,2
492,14,,,False,4
492,15,,,True,3
492,16,,,False,3
492,17,,,True,4
492,18,,,True,3
492,19,,,False,4
492,20,,,False,2
492,21,,,True,3
492,22,,,False,3
492,23,,,True,2
492,24,,,False,3
492,25,,,True,4
492,26,,,False,3
492,27,,,True,3
492,28,,,False,4
492,29,,,True,4
492,30,,,False,3
492,31,,,True,4
492,32,,,False,2
492,33,,,False,4
492,34,,,True,4
492,35,,,False,3
492,36,,,True,3
492,37,,,False,3
492,38,,,True,3
575,2,,,True,2
575,3,,,False,5
575,4,,,True,2
575,5,,,False,3
575,6,,,True,2
575,7,,,False,3
575,8,,,True,2
575,9,,,True,2
575,10,,,False,3
575,11,,,True,3
575,12,,,False,3
575,13,,,True,2
575,14,,,False,4
575,15,,,True,3
575,16,,,False,3
575,17,,,True,4
575,18,,,True,3
575,19,,,False,4
575,20,,,False,2
575,21,,,True,3
575,22,,,False,3
575,23,,,True,2
575,24,,,False,3
575,25,,,True,4
575,26,,,False,3
575,27,,,True,3
575,28,,,False,4
575,29,,,True,4
575,30,,,False,3
575,31,,,True,4
575,32,,,False,2
575,33,,,False,4
575,34,,,True,4
575,35,,,False,3
575,36,,,True,3
575,37,,,False,3
575,38,,,True,3
584,2,,,True,2
584,3,,,False,5
584,4,,,True,2
584,5,,,False,3
584,6,,,True,2
584,7,,,False,3
584,8,,,True,2
584,9,,,True,2
584,10,,,False,3
584,11,,,True,3
584,12,,,False,3
584,13,,,True,2
584,14,,,False,4
584,15,,,True,3
584,16,,,False,3
584,17,,,True,4
584,18,,,True,3
584,19,,,False,4
584,20,,,False,2
584,21,,,True,3
584,22,,,False,3
584,23,,,True,2
584,24,,,False,3
584,25,,,True,4
584,26,,,False,3
584,27,,,True,3
584,28,,,False,4
584,29,,,True,4
584,30,,,False,3
584,31,,,True,4
584,32,,,False,2
584,33,,,False,4
584,34,,,True,4
584,35,,,False,3
584,36,,,True,3
584,37,,,False,3
584,38,,,True,3
599,2,,,True,2
599,3,,,False,5
599,4,,,True,2
599,5,,,False,3
599,6,,,True,2
599,7,,,False,3
599,8,,,True,2
599,9,,,True,2
599,10,,,False,3
599,11,,,True,3
599,12,,,False,3
599,13,,,True,2
599,14,,,False,4
599,15,,,True,3
599,16,,,False,3
599,17,,,True,4
599,18,,,True,3
599,19,,,False,4
599,20,,,False,2
599,21,,,True,3
599,22,,,False,3
599,23,,,True,2
599,24,,,False,3
599,25,,,True,4
599,26,,,False,3
599,27,,,True,3
599,28,,,False,4
599,29,,,True,4
599,30,,,False,3
599,31,,,True,4
599,32,,,False,2
599,33,,,False,4
599,34,,,True,4
599,35,,,False,3
599,36,,,True,3
599,37,,,False,3
599,38,,,True,3
623,3,,,False,5
623,4,,,True,2
623,5,,,False,3
623,6,,,True,2
623,7,,,False,3
623,8,,,True,2
623,9,,,True,2
623,10,,,False,3
623,11,,,True,3
623,12,,,False,3
623,13,,,True,2
623,14,,,False,4
623,15,,,True,3
623,16,,,False,3
623,17,,,True,4
623,18,,,True,3
623,19,,,False,4
623,20,,,False,2
623,21,,,True,3
623,22,,,False,3
623,23,,,True,2
623,24,,,False,3
623,25,,,True,4
623,26,,,False,3
623,27,,,True,3
623,28,,,False,4
623,29,,,True,4
623,30,,,False,3
623,31,,,True,4
623,32,,,False,2
623,33,,,False,4
623,34,,,True,4
623,35,,,False,3
623,36,,,True,3
623,37,,,False,3
623,38,,,True,3
42,2,,,True,4
42,3,,,False,3
42,4,,,True,2
42,5,,,False,3
42,6,,,True,3
42,7,,,False,3
42,8,,,True,2
42,9,,,False,3
42,10,,,True,4
42,11,,,False,2
42,12,,,True,2
42,13,,,False,4
42,14,,,False,4
42,15,,,True,4
42,16,,,False,3
42,17,,,True,4
42,18,,,True,3
42,19,,,False,3
42,20,,,True,4
42,21,,,False,4
42,22,,,True,3
42,23,,,False,2
42,24,,,True,2
42,25,,,True,3
42,26,,,False,3
42,27,,,True,2
42,28,,,False,5
42,29,,,True,2
42,30,,,False,2
42,31,,,True,3
42,32,,,False,5
42,33,,,False,4
42,34,,,True,3
42,35,,,False,3
42,36,,,True,2
42,37,,,False,3
42,38,,,True,2
153,2,,,True,2
153,3,,,False,5
153,4,,,True,2
153,5,,,False,3
153,6,,,True,3
153,7,,,False,3
153,8,,,True,3
153,9,,,True,4
153,10,,,False,3
153,11,,,True,2
153,12,,,False,3
153,13,,,True,3
153,14,,,True,4
153,15,,,False,5
153,16,,,True,3
153,17,,,False,2
153,18,,,False,2
153,19,,,True,2
153,20,,,False,3
153,21,,,True,2
153,22,,,False,3
153,23,,,True,3
153,24,,,False,4
153,25,,,False,3
153,26,,,True,2
153,27,,,False,4
153,28,,,True,2
153,29,,,True,4
153,30,,,False,2
153,31,,,True,2
153,32,,,False,3
153,33,,,True,4
153,34,,,False,4
153,35,,,False,3
153,36,,,True,3
153,37,,,False,3
153,38,,,True,3
198,2,,,True,4
198,3,,,False,3
198,4,,,True,2
198,5,,,False,3
198,6,,,True,3
198,7,,,False,3
198,8,,,True,2
198,9,,,False,3
198,10,,,True,4
198,11,,,False,2
198,12,,,True,2
198,13,,,False,4
198,14,,,False,4
198,15,,,True,4
198,16,,,False,3
198,17,,,True,4
198,18,,,True,3
198,19,,,False,3
198,20,,,True,4
198,21,,,False,4
198,22,,,True,3
198,23,,,False,2
198,24,,,True,2
198,25,,,True,3
198,26,,,False,3
198,27,,,True,2
198,28,,,False,5
198,29,,,True,2
198,30,,,False,2
198,31,,,True,3
198,32,,,False,5
198,33,,,False,4
198,34,,,True,3
198,35,,,False,3
198,36,,,True,2
198,37,,,False,3
198,38,,,True,2
199,2,,,True,4
199,3,,,False,3
199,4,,,True,2
199,5,,,False,3
199,6,,,True,3
199,7,,,False,3
199,8,,,True,2
199,9,,,False,3
199,10,,,True,4
199,11,,,False,2
199,12,,,True,2
199,13,,,False,4
199,14,,,False,4
199,15,,,True,4
199,16,,,False,3
199,17,,,True,4
199,18,,,True,3
199,19,,,False,3
199,20,,,True,4
199,21,,,False,4
199,22,,,True,3
199,23,,,False,2
199,24,,,True,2
199,25,,,True,3
199,26,,,False,3
199,27,,,True,2
199,28,,,False,5
199,29,,,True,2
199,30,,,False,2
199,31,,,True,3
199,32,,,False,5
199,33,,,False,4
199,34,,,True,3
199,35,,,False,3
199,36,,,True,2
199,37,,,False,3
199,38,,,True,2
201,2,,,True,4
201,3,,,False,3
201,4,,,True,2
201,5,,,False,3
201,6,,,True,3
201,7,,,False,3
201,8,,,True,2
201,9,,,False,3
201,10,,,True,4
201,11,,,False,2
201,12,,,True,2
201,13,,,False,4
201,14,,,False,4
201,15,,,True,4
201,16,,,False,3
201,17,,,True,4
201,18,,,True,3
201,19,,,False,3
201,20,,,True,4
201,21,,,False,4
201,22,,,True,3
201,23,,,False,2
201,24,,,True,2
201,25,,,True,3
201,26,,,False,3
201,27,,,True,2
201,28,,,False,5
201,29,,,True,2
201,30,,,False,2
201,31,,,True,3
201,32,,,False,5
201,33,,,False,4
201,34,,,True,3
201,35,,,False,3
201,36,,,True,2
201,37,,,False,3
201,38,,,True,2
202,2,,,True,4
202,3,,,False,3
202,4,,,True,2
202,5,,,False,3
202,6,,,True,3
202,7,,,False,3
202,8,,,True,2
202,9,,,False,3
202,10,,,True,4
202,11,,,False,2
202,12,,,True,2
202,13,,,False,4
202,14,,,False,4
202,15,,,True,4
202,16,,,False,3
202,17,,,True,4
202,18,,,True,3
202,19,,,False,3
202,20,,,True,4
202,21,,,False,4
202,22,,,True,3
202,23,,,False,2
202,24,,,True,2
202,25,,,True,3
202,26,,,False,3
202,27,,,True,2
202,28,,,False,5
202,29,,,True,2
202,30,,,False,2
202,31,,,True,3
202,32,,,False,5
202,33,,,False,4
202,34,,,True,3
202,35,,,False,3
202,36,,,True,2
202,37,,,False,3
202,38,,,True,2
203,2,,,True,4
203,3,,,False,3
203,4,,,True,2
203,5,,,False,3
203,6,,,True,3
203,7,,,False,3
203,8,,,True,2
203,9,,,False,3
203,10,,,True,4
203,11,,,False,2
203,12,,,True,2
203,13,,,False,4
203,14,,,False,4
203,15,,,True,4
203,16,,,False,3
203,17,,,True,4
203,18,,,True,3
203,19,,,False,3
203,20,,,True,4
203,21,,,False,4
203,22,,,True,3
203,23,,,False,2
203,24,,,True,2
203,25,,,True,3
203,26,,,False,3
203,27,,,True,2
203,28,,,False,5
203,29,,,True,2
203,30,,,False,2
203,31,,,True,3
203,32,,,False,5
203,33,,,False,4
203,34,,,True,3
203,35,,,False,3
203,36,,,True,2
203,37,,,False,3
203,38,,,True,2
204,2,,,True,4
204,3,,,False,3
204,4,,,True,2
204,5,,,False,3
204,6,,,True,3
204,7,,,False,3
204,8,,,True,2
204,9,,,False,3
204,10,,,True,4
204,11,,,False,2
204,12,,,True,2
204,13,,,False,4
204,14,,,False,4
204,15,,,True,4
204,16,,,False,3
204,17,,,True,4
204,18,,,True,3
204,19,,,False,3
204,20,,,True,4
204,21,,,False,4
204,22,,,True,3
204,23,,,False,2
204,24,,,True,2
204,25,,,True,3
204,26,,,False,3
204,27,,,True,2
204,28,,,False,5
204,29,,,True,2
204,30,,,False,2
204,31,,,True,3
204,32,,,False,5
204,33,,,False,4
204,34,,,True,3
204,35,,,False,3
204,36,,,True,2
204,37,,,False,3
204,38,,,True,2
205,2,,,True,4
205,3,,,False,3
205,4,,,True,2
205,5,,,False,3
205,6,,,True,3
205,7,,,False,3
205,8,,,True,2
205,9,,,False,3
205,10,,,True,4
205,11,,,False,2
205,12,,,True,2
205,13,,,False,4
205,14,,,False,4
205,15,,,True,4
205,16,,,False,3
205,17,,,True,4
205,18,,,True,3
205,19,,,False,3
205,20,,,True,4
205,21,,,False,4
205,22,,,True,3
205,23,,,False,2
205,24,,,True,2
205,25,,,True,3
205,26,,,False,3
205,27,,,True,2
205,28,,,False,5
205,29,,,True,2
205,30,,,False,2
205,31,,,True,3
205,32,,,False,5
205,33,,,False,4
205,34,,,True,3
205,35,,,False,3
205,36,,,True,2
205,37,,,False,3
205,38,,,True,2
206,2,,,True,4
206,3,,,False,3
206,4,,,True,2
206,5,,,False,3
206,6,,,True,3
206,7,,,False,3
206,8,,,True,2
206,9,,,False,3
206,10,,,True,4
206,11,,,False,2
206,12,,,True,2
206,13,,,False,4
206,14,,,False,4
206,15,,,True,4
206,16,,,False,3
206,17,,,True,4
206,18,,,True,3
206,19,,,False,3
206,20,,,True,4
206,21,,,False,4
206,22,,,True,3
206,23,,,False,2
206,24,,,True,2
206,25,,,True,3
206,26,,,False,3
206,27,,,True,2
206,28,,,False,5
206,29,,,True,2
206,30,,,False,2
206,31,,,True,3
206,32,,,False,5
206,33,,,False,4
206,34,,,True,3
206,35,,,False,3
206,36,,,True,2
206,37,,,False,3
206,38,,,True,2
207,2,,,True,4
207,3,,,False,3
207,4,,,True,2
207,5,,,False,3
207,6,,,True,3
207,7,,,False,3
207,8,,,True,2
207,9,,,False,3
207,10,,,True,4
207,11,,,False,2
207,12,,,True,2
207,13,,,False,4
207,14,,,False,4
207,15,,,True,4
207,16,,,False,3
207,17,,,True,4
207,18,,,True,3
207,19,,,False,3
207,20,,,True,4
207,21,,,False,4
207,22,,,True,3
207,23,,,False,2
207,24,,,True,2
207,25,,,True,3
207,26,,,False,3
207,27,,,True,2
207,28,,,False,5
207,29,,,True,2
207,30,,,False,2
207,31,,,True,3
207,32,,,False,5
207,33,,,False,4
207,34,,,True,3
207,35,,,False,3
207,36,,,True,2
207,37,,,False,3
207,38,,,True,2
208,2,,,True,4
208,3,,,False,3
208,4,,,True,2
208,5,,,False,3
208,6,,,True,3
208,7,,,False,3
208,8,,,True,2
208,9,,,False,3
208,10,,,True,4
208,11,,,False,2
208,12,,,True,2
208,13,,,False,4
208,14,,,False,4
208,15,,,True,4
208,16,,,False,3
208,17,,,True,4
208,18,,,True,3
208,19,,,False,3
208,20,,,True,4
208,21,,,False,4
208,22,,,True,3
208,23,,,False,2
208,24,,,True,2
208,25,,,True,3
208,26,,,False,3
208,27,,,True,2
208,28,,,False,5
208,29,,,True,2
208,30,,,False,2
208,31,,,True,3
208,32,,,False,5
208,33,,,False,4
208,34,,,True,3
208,35,,,False,3
208,36,,,True,2
208,37,,,False,3
208,38,,,True,2
210,2,,,True,4
210,3,,,False,3
210,4,,,True,2
210,5,,,False,3
210,6,,,True,3
210,7,,,False,3
210,8,,,True,2
210,9,,,False,3
210,10,,,True,4
210,11,,,False,2
210,12,,,True,2
210,13,,,False,4
210,14,,,False,4
210,15,,,True,4
210,16,,,False,3
210,17,,,True,4
210,18,,,True,3
210,19,,,False,3
210,20,,,True,4
210,21,,,False,4
210,22,,,True,3
210,23,,,False,2
210,24,,,True,2
210,25,,,True,3
210,26,,,False,3
210,27,,,True,2
210,28,,,False,5
210,29,,,True,2
210,30,,,False,2
210,31,,,True,3
210,32,,,False,5
210,33,,,False,4
210,34,,,True,3
210,35,,,False,3
210,36,,,True,2
210,37,,,False,3
210,38,,,True,2
211,2,,,True,4
211,3,,,False,3
211,4,,,True,2
211,5,,,False,3
211,6,,,True,3
211,7,,,False,3
211,8,,,True,2
211,9,,,False,3
211,10,,,True,4
211,11,,,False,2
211,12,,,True,2
211,13,,,False,4
211,14,,,False,4
211,15,,,True,4
211,16,,,False,3
211,17,,,True,4
211,18,,,True,3
211,19,,,False,3
211,20,,,True,4
211,21,,,False,4
211,22,,,True,3
211,23,,,False,2
211,24,,,True,2
211,25,,,True,3
211,26,,,False,3
211,27,,,True,2
211,28,,,False,5
211,29,,,True,2
211,30,,,False,2
211,31,,,True,3
211,32,,,False,5
211,33,,,False,4
211,34,,,True,3
211,35,,,False,3
211,36,,,True,2
211,37,,,False,3
211,38,,,True,2
212,2,,,True,4
212,3,,,False,3
212,4,,,True,2
212,5,,,False,3
212,6,,,True,3
212,7,,,False,3
212,8,,,True,2
212,9,,,False,3
212,10,,,True,4
212,11,,,False,2
212,12,,,True,2
212,13,,,False,4
212,14,,,False,4
212,15,,,True,4
212,16,,,False,3
212,17,,,True,4
212,18,,,True,3
212,19,,,False,3
212,20,,,True,4
212,21,,,False,4
212,22,,,True,3
212,23,,,False,2
212,24,,,True,2
212,25,,,True,3
212,26,,,False,3
212,27,,,True,2
212,28,,,False,5
212,29,,,True,2
212,30,,,False,2
212,31,,,True,3
212,32,,,False,5
212,33,,,False,4
212,34,,,True,3
212,35,,,False,3
212,36,,,True,2
212,37,,,False,3
212,38,,,True,2
213,2,,,True,4
213,3,,,False,3
213,4,,,True,2
213,5,,,False,3
213,6,,,True,3
213,7,,,False,3
213,8,,,True,2
213,9,,,False,3
213,10,,,True,4
213,11,,,False,2
213,12,,,True,2
213,13,,,False,4
213,14,,,False,4
213,15,,,True,4
213,16,,,False,3
213,17,,,True,4
213,18,,,True,3
213,19,,,False,3
213,20,,,True,4
213,21,,,False,4
213,22,,,True,3
213,23,,,False,2
213,24,,,True,2
213,25,,,True,3
213,26,,,False,3
213,27,,,True,2
213,28,,,False,5
213,29,,,True,2
213,30,,,False,2
213,31,,,True,3
213,32,,,False,5
213,33,,,False,4
213,34,,,True,3
213,35,,,False,3
213,36,,,True,2
213,37,,,False,3
213,38,,,True,2
214,2,,,True,4
214,3,,,False,3
214,4,,,True,2
214,5,,,False,3
214,6,,,True,3
214,7,,,False,3
214,8,,,True,2
214,9,,,False,3
214,10,,,True,4
214,11,,,False,2
214,12,,,True,2
214,13,,,False,4
214,14,,,False,4
214,15,,,True,4
214,16,,,False,3
214,17,,,True,4
214,18,,,True,3
214,19,,,False,3
214,20,,,True,4
214,21,,,False,4
214,22,,,True,3
214,23,,,False,2
214,24,,,True,2
214,25,,,True,3
214,26,,,False,3
214,27,,,True,2
214,28,,,False,5
214,29,,,True,2
214,30,,,False,2
214,31,,,True,3
214,32,,,False,5
214,33,,,False,4
214,34,,,True,3
214,35,,,False,3
214,36,,,True,2
214,37,,,False,3
214,38,,,True,2
215,2,,,True,4
215,3,,,False,3
215,4,,,True,2
215,5,,,False,3
215,6,,,True,3
215,7,,,False,3
215,8,,,True,2
215,9,,,False,3
215,10,,,True,4
215,11,,,False,2
215,12,,,True,2
215,13,,,False,4
215,14,,,False,4
215,15,,,True,4
215,16,,,False,3
215,17,,,True,4
215,18,,,True,3
215,19,,,False,3
215,20,,,True,4
215,21,,,False,4
215,22,,,True,3
215,23,,,False,2
215,24,,,True,2
215,25,,,True,3
215,26,,,False,3
215,27,,,True,2
215,28,,,False,5
215,29,,,True,2
215,30,,,False,2
215,31,,,True,3
215,32,,,False,5
215,33,,,False,4
215,34,,,True,3
215,35,,,False,3
215,36,,,True,2
215,37,,,False,3
215,38,,,True,2
216,2,,,True,4
216,3,,,False,3
216,4,,,True,2
216,5,,,False,3
216,6,,,True,3
216,7,,,False,3
216,8,,,True,2
216,9,,,False,3
216,10,,,True,4
216,11,,,False,2
216,12,,,True,2
216,13,,,False,4
216,14,,,False,4
216,15,,,True,4
216,16,,,False,3
216,17,,,True,4
216,18,,,True,3
216,19,,,False,3
216,20,,,True,4
216,21,,,False,4
216,22,,,True,3
216,23,,,False,2
216,24,,,True,2
216,25,,,True,3
216,26,,,False,3
216,27,,,True,2
216,28,,,False,5
216,29,,,True,2
216,30,,,False,2
216,31,,,True,3
216,32,,,False,5
216,33,,,False,4
216,34,,,True,3
216,35,,,False,3
216,36,,,True,2
216,37,,,False,3
216,38,,,True,2
217,2,,,True,4
217,3,,,False,3
217,4,,,True,2
217,5,,,False,3
217,6,,,True,3
217,7,,,False,3
217,8,,,True,2
217,9,,,False,3
217,10,,,True,4
217,11,,,False,2
217,12,,,True,2
217,13,,,False,4
217,14,,,False,4
217,15,,,True,4
217,16,,,False,3
217,17,,,True,4
217,18,,,True,3
217,19,,,False,3
217,20,,,True,4
217,21,,,False,4
217,22,,,True,3
217,23,,,False,2
217,24,,,True,2
217,25,,,True,3
217,26,,,False,3
217,27,,,True,2
217,28,,,False,5
217,29,,,True,2
217,30,,,False,2
217,31,,,True,3
217,32,,,False,5
217,33,,,False,4
217,34,,,True,3
217,35,,,False,3
217,36,,,True,2
217,37,,,False,3
217,38,,,True,2
218,2,,,True,4
218,3,,,False,3
218,4,,,True,2
218,5,,,False,3
218,6,,,True,3
218,7,,,False,3
218,8,,,True,2
218,9,,,False,3
218,10,,,True,4
218,11,,,False,2
218,12,,,True,2
218,13,,,False,4
218,14,,,False,4
218,15,,,True,4
218,16,,,False,3
218,17,,,True,4
218,18,,,True,3
218,19,,,False,3
218,20,,,True,4
218,21,,,False,4
218,22,,,True,3
218,23,,,False,2
218,24,,,True,2
218,25,,,True,3
218,26,,,False,3
218,27,,,True,2
218,28,,,False,5
218,29,,,True,2
218,30,,,False,2
218,31,,,True,3
218,32,,,False,5
218,33,,,False,4
218,34,,,True,3
218,35,,,False,3
218,36,,,True,2
218,37,,,False,3
218,38,,,True,2
219,2,,,True,4
219,3,,,False,3
219,4,,,True,2
219,5,,,False,3
219,6,,,True,3
219,7,,,False,3
219,8,,,True,2
219,9,,,False,3
219,10,,,True,4
219,11,,,False,2
219,12,,,True,2
219,13,,,False,4
219,14,,,False,4
219,15,,,True,4
219,16,,,False,3
219,17,,,True,4
219,18,,,True,3
219,19,,,False,3
219,20,,,True,4
219,21,,,False,4
219,22,,,True,3
219,23,,,False,2
219,24,,,True,2
219,25,,,True,3
219,26,,,False,3
219,27,,,True,2
219,28,,,False,5
219,29,,,True,2
219,30,,,False,2
219,31,,,True,3
219,32,,,False,5
219,33,,,False,4
219,34,,,True,3
219,35,,,False,3
219,36,,,True,2
219,37,,,False,3
219,38,,,True,2
220,2,,,True,4
220,3,,,False,3
220,4,,,True,2
220,5,,,False,3
220,6,,,True,3
220,7,,,False,3
220,8,,,True,2
220,9,,,False,3
220,10,,,True,4
220,11,,,False,2
220,12,,,True,2
220,13,,,False,4
220,14,,,False,4
220,15,,,True,4
220,16,,,False,3
220,17,,,True,4
220,18,,,True,3
220,19,,,False,3
220,20,,,True,4
220,21,,,False,4
220,22,,,True,3
220,23,,,False,2
220,24,,,True,2
220,25,,,True,3
220,26,,,False,3
220,27,,,True,2
220,28,,,False,5
220,29,,,True,2
220,30,,,False,2
220,31,,,True,3
220,32,,,False,5
220,33,,,False,4
220,34,,,True,3
220,35,,,False,3
220,36,,,True,2
220,37,,,False,3
220,38,,,True,2
221,2,,,True,4
221,3,,,False,3
221,4,,,True,2
221,5,,,False,3
221,6,,,True,3
221,7,,,False,3
221,8,,,True,2
221,9,,,False,3
221,10,,,True,4
221,11,,,False,2
221,12,,,True,2
221,13,,,False,4
221,14,,,False,4
221,15,,,True,4
221,16,,,False,3
221,17,,,True,4
221,18,,,True,3
221,19,,,False,3
221,20,,,True,4
221,21,,,False,4
221,22,,,True,3
221,23,,,False,2
221,24,,,True,2
221,25,,,True,3
221,26,,,False,3
221,27,,,True,2
221,28,,,False,5
221,29,,,True,2
221,30,,,False,2
221,31,,,True,3
221,32,,,False,5
221,33,,,False,4
221,34,,,True,3
221,35,,,False,3
221,36,,,True,2
221,37,,,False,3
221,38,,,True,2
222,2,,,True,4
222,3,,,False,3
222,4,,,True,2
222,5,,,False,3
222,6,,,True,3
222,7,,,False,3
222,8,,,True,2
222,9,,,False,3
222,10,,,True,4
222,11,,,False,2
222,12,,,True,2
222,13,,,False,4
222,14,,,False,4
222,15,,,True,4
222,16,,,False,3
222,17,,,True,4
222,18,,,True,3
222,19,,,False,3
222,20,,,True,4
222,21,,,False,4
222,22,,,True,3
222,23,,,False,2
222,24,,,True,2
222,25,,,True,3
222,26,,,False,3
222,27,,,True,2
222,28,,,False,5
222,29,,,True,2
222,30,,,False,2
222,31,,,True,3
222,32,,,False,5
222,33,,,False,4
222,34,,,True,3
222,35,,,False,3
222,36,,,True,2
222,37,,,False,3
222,38,,,True,2
223,2,,,True,4
223,3,,,False,3
223,4,,,True,2
223,5,,,False,3
223,6,,,True,3
223,7,,,False,3
223,8,,,True,2
223,9,,,False,3
223,10,,,True,4
223,11,,,False,2
223,12,,,True,2
223,13,,,False,4
223,14,,,False,4
223,15,,,True,4
223,16,,,False,3
223,17,,,True,4
223,18,,,True,3
223,19,,,False,3
223,20,,,True,4
223,21,,,False,4
223,22,,,True,3
223,23,,,False,2
223,24,,,True,2
223,25,,,True,3
223,26,,,False,3
223,27,,,True,2
223,28,,,False,5
223,29,,,True,2
223,30,,,False,2
223,31,,,True,3
223,32,,,False,5
223,33,,,False,4
223,34,,,True,3
223,35,,,False,3
223,36,,,True,2
223,37,,,False,3
223,38,,,True,2
224,2,,,True,4
224,3,,,False,3
224,4,,,True,2
224,5,,,False,3
224,6,,,True,3
224,7,,,False,3
224,8,,,True,2
224,9,,,False,3
224,10,,,True,4
224,11,,,False,2
224,12,,,True,2
224,13,,,False,4
224,14,,,False,4
224,15,,,True,4
224,16,,,False,3
224,17,,,True,4
224,18,,,True,3
224,19,,,False,3
224,20,,,True,4
224,21,,,False,4
224,22,,,True,3
224,23,,,False,2
224,24,,,True,2
224,25,,,True,3
224,26,,,False,3
224,27,,,True,2
224,28,,,False,5
224,29,,,True,2
224,30,,,False,2
224,31,,,True,3
224,32,,,False,5
224,33,,,False,4
224,34,,,True,3
224,35,,,False,3
224,36,,,True,2
224,37,,,False,3
224,38,,,True,2
225,2,,,True,4
225,3,,,False,3
225,4,,,True,2
225,5,,,False,3
225,6,,,True,3
225,7,,,False,3
225,8,,,True,2
225,9,,,False,3
225,10,,,True,4
225,11,,,False,2
225,12,,,True,2
225,13,,,False,4
225,14,,,False,4
225,15,,,True,4
225,16,,,False,3
225,17,,,True,4
225,18,,,True,3
225,19,,,False,3
225,20,,,True,4
225,21,,,False,4
225,22,,,True,3
225,23,,,False,2
225,24,,,True,2
225,25,,,True,3
225,26,,,False,3
225,27,,,True,2
225,28,,,False,5
225,29,,,True,2
225,30,,,False,2
225,31,,,True,3
225,32,,,False,5
225,33,,,False,4
225,34,,,True,3
225,35,,,False,3
225,36,,,True,2
225,37,,,False,3
225,38,,,True,2
241,2,,,True,4
241,3,,,False,3
241,4,,,True,2
241,5,,,False,3
241,6,,,True,3
241,7,,,False,3
241,8,,,True,2
241,9,,,False,3
241,10,,,True,4
241,11,,,False,2
241,12,,,True,2
241,13,,,False,4
241,14,,,False,4
241,15,,,True,4
241,16,,,False,3
241,17,,,True,4
241,18,,,True,3
241,19,,,False,3
241,20,,,True,4
241,21,,,False,4
241,22,,,True,3
241,23,,,False,2
241,24,,,True,2
241,25,,,True,3
241,26,,,False,3
241,27,,,True,2
241,28,,,False,5
241,29,,,True,2
241,30,,,False,2
241,31,,,True,3
241,32,,,False,5
241,33,,,False,4
241,34,,,True,3
241,35,,,False,3
241,36,,,True,2
241,37,,,False,3
241,38,,,True,2
555,2,,,True,4
555,3,,,False,3
555,4,,,True,2
555,5,,,False,3
555,6,,,True,3
555,7,,,False,3
555,8,,,True,2
555,9,,,False,3
555,10,,,True,4
555,11,,,False,2
555,12,,,True,2
555,13,,,False,4
555,14,,,False,4
555,15,,,True,4
555,16,,,False,3
555,17,,,True,4
555,18,,,True,3
555,19,,,False,3
555,20,,,True,4
555,21,,,False,4
555,22,,,True,3
555,23,,,False,2
555,24,,,True,2
555,25,,,True,3
555,26,,,False,3
555,27,,,True,2
555,28,,,False,5
555,29,,,True,2
555,30,,,False,2
555,31,,,True,3
555,32,,,False,5
555,33,,,False,4
555,34,,,True,3
555,35,,,False,3
555,36,,,True,2
555,37,,,False,3
555,38,,,True,2
577,2,,,True,4
577,3,,,False,3
577,4,,,True,2
577,5,,,False,3
577,6,,,True,3
577,7,,,False,3
577,8,,,True,2
577,9,,,False,3
577,10,,,True,4
577,11,,,False,2
577,12,,,True,2
577,13,,,False,4
577,14,,,False,4
577,15,,,True,4
577,16,,,False,3
577,17,,,True,4
577,18,,,True,3
577,19,,,False,3
577,20,,,True,4
577,21,,,False,4
577,22,,,True,3
577,23,,,False,2
577,24,,,True,2
577,25,,,True,3
577,26,,,False,3
577,27,,,True,2
577,28,,,False,5
577,29,,,True,2
577,30,,,False,2
577,31,,,True,3
577,32,,,False,5
577,33,,,False,4
577,34,,,True,3
577,35,,,False,3
577,36,,,True,2
577,37,,,False,3
577,38,,,True,2
588,2,,,True,4
588,3,,,False,3
588,4,,,True,2
588,5,,,False,3
588,6,,,True,3
588,7,,,False,3
588,8,,,True,2
588,9,,,False,3
588,10,,,True,4
588,11,,,False,2
588,12,,,True,2
588,13,,,False,4
588,14,,,False,4
588,15,,,True,4
588,16,,,False,3
588,17,,,True,4
588,18,,,True,3
588,19,,,False,3
588,20,,,True,4
588,21,,,False,4
588,22,,,True,3
588,23,,,False,2
588,24,,,True,2
588,25,,,True,3
588,26,,,False,3
588,27,,,True,2
588,28,,,False,5
588,29,,,True,2
588,30,,,False,2
588,31,,,True,3
588,32,,,False,5
588,33,,,False,4
588,34,,,True,3
588,35,,,False,3
588,36,,,True,2
588,37,,,False,3
588,38,,,True,2
595,2,,,True,4
595,3,,,False,3
595,4,,,True,2
595,5,,,False,3
595,6,,,True,3
595,7,,,False,3
595,8,,,True,2
595,9,,,False,3
595,10,,,True,4
595,11,,,False,2
595,12,,,True,2
595,13,,,False,4
595,14,,,False,4
595,15,,,True,4
595,16,,,False,3
595,17,,,True,4
595,18,,,True,3
595,19,,,False,3
595,20,,,True,4
595,21,,,False,4
595,22,,,True,3
595,23,,,False,2
595,24,,,True,2
595,25,,,True,3
595,26,,,False,3
595,27,,,True,2
595,28,,,False,5
595,29,,,True,2
595,30,,,False,2
595,31,,,True,3
595,32,,,False,5
595,33,,,False,4
595,34,,,True,3
595,35,,,False,3
595,36,,,True,2
595,37,,,False,3
595,38,,,True,2
21,2,,,False,3
21,3,,,True,4
21,4,,,False,3
21,5,,,True,2
21,6,,,False,2
21,7,,,True,4
21,8,,,False,5
21,9,,,False,3
21,10,,,True,2
21,11,,,False,3
21,12,,,True,4
21,13,,,False,4
21,14,,,True,2
21,15,,,False,3
21,16,,,False,3
21,17,,,True,2
21,18,,,True,4
21,19,,,False,3
21,20,,,True,3
21,21,,,False,2
21,22,,,True,3
21,23,,,False,4
21,24,,,True,2
21,25,,,True,2
21,26,,,False,3
21,27,,,True,3
21,28,,,False,5
21,29,,,False,4
21,30,,,True,3
21,31,,,False,3
21,32,,,True,3
21,33,,,True,2
21,34,,,False,3
21,35,,,True,2
21,36,,,False,4
21,37,,,True,4
21,38,,,False,2
209,2,,,False,3
209,3,,,True,4
209,4,,,False,3
209,5,,,True,2
209,6,,,False,2
209,7,,,True,4
209,8,,,False,5
209,9,,,False,3
209,10,,,True,2
209,11,,,False,3
209,12,,,True,4
209,13,,,False,4
209,14,,,True,2
209,15,,,False,3
209,16,,,False,3
209,17,,,True,2
209,18,,,True,4
209,19,,,False,3
209,20,,,True,3
209,21,,,False,2
209,22,,,True,3
209,23,,,False,4
209,24,,,True,2
209,25,,,True,2
209,26,,,False,3
209,27,,,True,3
209,28,,,False,5
209,29,,,False,4
209,30,,,True,3
209,31,,,False,3
209,32,,,True,3
209,33,,,True,2
209,34,,,False,3
209,35,,,True,2
209,36,,,False,4
209,37,,,True,4
209,38,,,False,2
226,2,,,False,3
226,3,,,True,4
226,4,,,False,3
226,5,,,True,2
226,6,,,False,2
226,7,,,True,4
226,8,,,False,5
226,9,,,False,3
226,10,,,True,2
226,11,,,False,3
226,12,,,True,4
226,13,,,False,4
226,14,,,True,2
226,15,,,False,3
226,16,,,False,3
226,17,,,True,2
226,18,,,True,4
226,19,,,False,3
226,20,,,True,3
226,21,,,False,2
226,22,,,True,3
226,23,,,False,4
226,24,,,True,2
226,25,,,True,2
226,26,,,False,3
226,27,,,True,3
226,28,,,False,5
226,29,,,False,4
226,30,,,True,3
226,31,,,False,3
226,32,,,True,3
226,33,,,True,2
226,34,,,False,3
226,35,,,True,2
226,36,,,False,4
226,37,,,True,4
226,38,,,False,2
227,2,,,False,3
227,3,,,True,4
227,4,,,False,3
227,5,,,True,2
227,6,,,False,2
227,7,,,True,4
227,8,,,False,5
227,9,,,False,3
227,10,,,True,2
227,11,,,False,3
227,12,,,True,4
227,13,,,False,4
227,14,,,True,2
227,15,,,False,3
227,16,,,False,3
227,17,,,True,2
227,18,,,True,4
227,19,,,False,3
227,20,,,True,3
227,21,,,False,2
227,22,,,True,3
227,23,,,False,4
227,24,,,True,2
227,25,,,True,2
227,26,,,False,3
227,27,,,True,3
227,28,,,False,5
227,29,,,False,4
227,30,,,True,3
227,31,,,False,3
227,32,,,True,3
227,33,,,True,2
227,34,,,False,3
227,35,,,True,2
227,36,,,False,4
227,37,,,True,4
227,38,,,False,2
228,2,,,False,3
228,3,,,True,4
228,4,,,False,3
228,5,,,True,2
228,6,,,False,2
228,7,,,True,4
228,8,,,False,5
228,9,,,False,3
228,10,,,True,2
228,11,,,False,3
228,12,,,True,4
228,13,,,False,4
228,14,,,True,2
228,15,,,False,3
228,16,,,False,3
228,17,,,True,2
228,18,,,True,4
228,19,,,False,3
228,20,,,True,3
228,21,,,False,2
228,22,,,True,3
228,23,,,False,4
228,24,,,True,2
228,25,,,True,2
228,26,,,False,3
228,27,,,True,3
228,28,,,False,5
228,29,,,False,4
228,30,,,True,3
228,31,,,False,3
228,32,,,True,3
228,33,,,True,2
228,34,,,False,3
228,35,,,True,2
228,36,,,False,4
228,37,,,True,4
228,38,,,False,2
229,2,,,False,3
229,3,,,True,4
229,4,,,False,3
229,5,,,True,2
229,6,,,False,2
229,7,,,True,4
229,8,,,False,5
229,9,,,False,3
229,10,,,True,2
229,11,,,False,3
229,12,,,True,4
229,13,,,False,4
229,14,,,True,2
229,15,,,False,3
229,16,,,False,3
229,17,,,True,2
229,18,,,True,4
229,19,,,False,3
229,20,,,True,3
229,21,,,False,2
229,22,,,True,3
229,23,,,False,4
229,24,,,True,2
229,25,,,True,2
229,26,,,False,3
229,27,,,True,3
229,28,,,False,5
229,29,,,False,4
229,30,,,True,3
229,31,,,False,3
229,32,,,True,3
229,33,,,True,2
229,34,,,False,3
229,35,,,True,2
229,36,,,False,4
229,37,,,True,4
229,38,,,False,2
230,2,,,False,3
230,3,,,True,4
230,4,,,False,3
230,5,,,True,2
230,6,,,False,2
230,7,,,True,4
230,8,,,False,5
230,9,,,False,3
230,10,,,True,2
230,11,,,False,3
230,12,,,True,4
230,13,,,False,4
230,14,,,True,2
230,15,,,False,3
230,16,,,False,3
230,17,,,True,2
230,18,,,True,4
230,19,,,False,3
230,20,,,True,3
230,21,,,False,2
230,22,,,True,3
230,23,,,False,4
230,24,,,True,2
230,25,,,True,2
230,26,,,False,3
230,27,,,True,3
230,28,,,False,5
230,29,,,False,4
230,30,,,True,3
230,31,,,False,3
230,32,,,True,3
230,33,,,True,2
230,34,,,False,3
230,35,,,True,2
230,36,,,False,4
230,37,,,True,4
230,38,,,False,2
231,2,,,False,3
231,3,,,True,4
231,4,,,False,3
231,5,,,True,2
231,6,,,False,2
231,7,,,True,4
231,8,,,False,5
231,9,,,False,3
231,10,,,True,2
231,11,,,False,3
231,12,,,True,4
231,13,,,False,4
231,14,,,True,2
231,15,,,False,3
231,16,,,False,3
231,17,,,True,2
231,18,,,True,4
231,19,,,False,3
231,20,,,True,3
231,21,,,False,2
231,22,,,True,3
231,23,,,False,4
231,24,,,True,2
231,25,,,True,2
231,26,,,False,3
231,27,,,True,3
231,28,,,False,5
231,29,,,False,4
231,30,,,True,3
231,31,,,False,3
231,32,,,True,3
231,33,,,True,2
231,34,,,False,3
231,35,,,True,2
231,36,,,False,4
231,37,,,True,4
231,38,,,False,2
232,2,,,False,3
232,3,,,True,4
232,4,,,False,3
232,5,,,True,2
232,6,,,False,2
232,7,,,True,4
232,8,,,False,5
232,9,,,False,3
232,10,,,True,2
232,11,,,False,3
232,12,,,True,4
232,13,,,False,4
232,14,,,True,2
232,15,,,False,3
232,16,,,False,3
232,17,,,True,2
232,18,,,True,4
232,19,,,False,3
232,20,,,True,3
232,21,,,False,2
232,22,,,True,3
232,23,,,False,4
232,24,,,True,2
232,25,,,True,2
232,26,,,False,3
232,27,,,True,3
232,28,,,False,5
232,29,,,False,4
232,30,,,True,3
232,31,,,False,3
232,32,,,True,3
232,33,,,True,2
232,34,,,False,3
232,35,,,True,2
232,36,,,False,4
232,37,,,True,4
232,38,,,False,2
233,2,,,False,3
233,3,,,True,4
233,4,,,False,3
233,5,,,True,2
233,6,,,False,2
233,7,,,True,4
233,8,,,False,5
233,9,,,False,3
233,10,,,True,2
233,11,,,False,3
233,12,,,True,4
233,13,,,False,4
233,14,,,True,2
233,15,,,False,3
233,16,,,False,3
233,17,,,True,2
233,18,,,True,4
233,19,,,False,3
233,20,,,True,3
233,21,,,False,2
233,22,,,True,3
233,23,,,False,4
233,24,,,True,2
233,25,,,True,2
233,26,,,False,3
233,27,,,True,3
233,28,,,False,5
233,29,,,False,4
233,30,,,True,3
233,31,,,False,3
233,32,,,True,3
233,33,,,True,2
233,34,,,False,3
233,35,,,True,2
233,36,,,False,4
233,37,,,True,4
233,38,,,False,2
234,2,,,False,3
234,3,,,True,4
234,4,,,False,3
234,5,,,True,2
234,6,,,False,2
234,7,,,True,4
234,8,,,False,5
234,9,,,False,3
234,10,,,True,2
234,11,,,False,3
234,12,,,True,4
234,13,,,False,4
234,14,,,True,2
234,15,,,False,3
234,16,,,False,3
234,17,,,True,2
234,18,,,True,4
234,19,,,False,3
234,20,,,True,3
234,21,,,False,2
234,22,,,True,3
234,23,,,False,4
234,24,,,True,2
234,25,,,True,2
234,26,,,False,3
234,27,,,True,3
234,28,,,False,5
234,29,,,False,4
234,30,,,True,3
234,31,,,False,3
234,32,,,True,3
234,33,,,True,2
234,34,,,False,3
234,35,,,True,2
234,36,,,False,4
234,37,,,True,4
234,38,,,False,2
235,2,,,False,3
235,3,,,True,4
235,4,,,False,3
235,5,,,True,2
235,6,,,False,2
235,7,,,True,4
235,8,,,False,5
235,9,,,False,3
235,10,,,True,2
235,11,,,False,3
235,12,,,True,4
235,13,,,False,4
235,14,,,True,2
235,15,,,False,3
235,16,,,False,3
235,17,,,True,2
235,18,,,True,4
235,19,,,False,3
235,20,,,True,3
235,21,,,False,2
235,22,,,True,3
235,23,,,False,4
235,24,,,True,2
235,25,,,True,2
235,26,,,False,3
235,27,,,True,3
235,28,,,False,5
235,29,,,False,4
235,30,,,True,3
235,31,,,False,3
235,32,,,True,3
235,33,,,True,2
235,34,,,False,3
235,35,,,True,2
235,36,,,False,4
235,37,,,True,4
235,38,,,False,2
236,2,,,False,3
236,3,,,True,4
236,4,,,False,3
236,5,,,True,2
236,6,,,False,2
236,7,,,True,4
236,8,,,False,5
236,9,,,False,3
236,10,,,True,2
236,11,,,False,3
236,12,,,True,4
236,13,,,False,4
236,14,,,True,2
236,15,,,False,3
236,16,,,False,3
236,17,,,True,2
236,18,,,True,4
236,19,,,False,3
236,20,,,True,3
236,21,,,False,2
236,22,,,True,3
236,23,,,False,4
236,24,,,True,2
236,25,,,True,2
236,26,,,False,3
236,27,,,True,3
236,28,,,False,5
236,29,,,False,4
236,30,,,True,3
236,31,,,False,3
236,32,,,True,3
236,33,,,True,2
236,34,,,False,3
236,35,,,True,2
236,36,,,False,4
236,37,,,True,4
236,38,,,False,2
237,2,,,False,3
237,3,,,True,4
237,4,,,False,3
237,5,,,True,2
237,6,,,False,2
237,7,,,True,4
237,8,,,False,5
237,9,,,False,3
237,10,,,True,2
237,11,,,False,3
237,12,,,True,4
237,13,,,False,4
237,14,,,True,2
237,15,,,False,3
237,16,,,False,3
237,17,,,True,2
237,18,,,True,4
237,19,,,False,3
237,20,,,True,3
237,21,,,False,2
237,22,,,True,3
237,23,,,False,4
237,24,,,True,2
237,25,,,True,2
237,26,,,False,3
237,27,,,True,3
237,28,,,False,5
237,29,,,False,4
237,30,,,True,3
237,31,,,False,3
237,32,,,True,3
237,33,,,True,2
237,34,,,False,3
237,35,,,True,2
237,36,,,False,4
237,37,,,True,4
237,38,,,False,2
239,2,,,False,3
239,3,,,True,4
239,4,,,False,3
239,5,,,True,2
239,6,,,False,2
239,7,,,True,4
239,8,,,False,5
239,9,,,False,3
239,10,,,True,2
239,11,,,False,3
239,12,,,True,4
239,13,,,False,4
239,14,,,True,2
239,15,,,False,3
239,16,,,False,3
239,17,,,True,2
239,18,,,True,4
239,19,,,False,3
239,20,,,True,3
239,21,,,False,2
239,22,,,True,3
239,23,,,False,4
239,24,,,True,2
239,25,,,True,2
239,26,,,False,3
239,27,,,True,3
239,28,,,False,5
239,29,,,False,4
239,30,,,True,3
239,31,,,False,3
239,32,,,True,3
239,33,,,True,2
239,34,,,False,3
239,35,,,True,2
239,36,,,False,4
239,37,,,True,4
239,38,,,False,2
240,2,,,False,3
240,3,,,True,4
240,4,,,False,3
240,5,,,True,2
240,6,,,False,2
240,7,,,True,4
240,8,,,False,5
240,9,,,False,3
240,10,,,True,2
240,11,,,False,3
240,12,,,True,4
240,13,,,False,4
240,14,,,True,2
240,15,,,False,3
240,16,,,False,3
240,17,,,True,2
240,18,,,True,4
240,19,,,False,3
240,20,,,True,3
240,21,,,False,2
240,22,,,True,3
240,23,,,False,4
240,24,,,True,2
240,25,,,True,2
240,26,,,False,3
240,27,,,True,3
240,28,,,False,5
240,29,,,False,4
240,30,,,True,3
240,31,,,False,3
240,32,,,True,3
240,33,,,True,2
240,34,,,False,3
240,35,,,True,2
240,36,,,False,4
240,37,,,True,4
240,38,,,False,2
242,2,,,False,3
242,3,,,True,4
242,4,,,False,3
242,5,,,True,2
242,6,,,False,2
242,7,,,True,4
242,8,,,False,5
242,9,,,False,3
242,10,,,True,2
242,11,,,False,3
242,12,,,True,4
242,13,,,False,4
242,14,,,True,2
242,15,,,False,3
242,16,,,False,3
242,17,,,True,2
242,18,,,True,4
242,19,,,False,3
242,20,,,True,3
242,21,,,False,2
242,22,,,True,3
242,23,,,False,4
242,24,,,True,2
242,25,,,True,2
242,26,,,False,3
242,27,,,True,3
242,28,,,False,5
242,29,,,False,4
242,30,,,True,3
242,31,,,False,3
242,32,,,True,3
242,33,,,True,2
242,34,,,False,3
242,35,,,True,2
242,36,,,False,4
242,37,,,True,4
242,38,,,False,2
243,2,,,False,3
243,3,,,True,4
243,4,,,False,3
243,5,,,True,2
243,6,,,False,2
243,7,,,True,4
243,8,,,False,5
243,9,,,False,3
243,10,,,True,2
243,11,,,False,3
243,12,,,True,4
243,13,,,False,4
243,14,,,True,2
243,15,,,False,3
243,16,,,False,3
243,17,,,True,2
243,18,,,True,4
243,19,,,False,3
243,20,,,True,3
243,21,,,False,2
243,22,,,True,3
243,23,,,False,4
243,24,,,True,2
243,25,,,True,2
243,26,,,False,3
243,27,,,True,3
243,28,,,False,5
243,29,,,False,4
243,30,,,True,3
243,31,,,False,3
243,32,,,True,3
243,33,,,True,2
243,34,,,False,3
243,35,,,True,2
243,36,,,False,4
243,37,,,True,4
243,38,,,False,2
244,2,,,False,3
244,3,,,True,4
244,4,,,False,3
244,5,,,True,2
244,6,,,False,2
244,7,,,True,4
244,8,,,False,5
244,9,,,False,3
244,10,,,True,2
244,11,,,False,3
244,12,,,True,4
244,13,,,False,4
244,14,,,True,2
244,15,,,False,3
244,16,,,False,3
244,17,,,True,2
244,18,,,True,4
244,19,,,False,3
244,20,,,True,3
244,21,,,False,2
244,22,,,True,3
244,23,,,False,4
244,24,,,True,2
244,25,,,True,2
244,26,,,False,3
244,27,,,True,3
244,28,,,False,5
244,29,,,False,4
244,30,,,True,3
244,31,,,False,3
244,32,,,True,3
244,33,,,True,2
244,34,,,False,3
244,35,,,True,2
244,36,,,False,4
244,37,,,True,4
244,38,,,False,2
245,2,,,False,3
245,3,,,True,4
245,4,,,False,3
245,5,,,True,2
245,6,,,False,2
245,7,,,True,4
245,8,,,False,5
245,9,,,False,3
245,10,,,True,2
245,11,,,False,3
245,12,,,True,4
245,13,,,False,4
245,14,,,True,2
245,15,,,False,3
245,16,,,False,3
245,17,,,True,2
245,18,,,True,4
245,19,,,False,3
245,20,,,True,3
245,21,,,False,2
245,22,,,True,3
245,23,,,False,4
245,24,,,True,2
245,25,,,True,2
245,26,,,False,3
245,27,,,True,3
245,28,,,False,5
245,29,,,False,4
245,30,,,True,3
245,31,,,False,3
245,32,,,True,3
245,33,,,True,2
245,34,,,False,3
245,35,,,True,2
245,36,,,False,4
245,37,,,True,4
245,38,,,False,2
246,2,,,False,3
246,3,,,True,4
246,4,,,False,3
246,5,,,True,2
246,6,,,False,2
246,7,,,True,4
246,8,,,False,5
246,9,,,False,3
246,10,,,True,2
246,11,,,False,3
246,12,,,True,4
246,13,,,False,4
246,14,,,True,2
246,15,,,False,3
246,16,,,False,3
246,17,,,True,2
246,18,,,True,4
246,19,,,False,3
246,20,,,True,3
246,21,,,False,2
246,22,,,True,3
246,23,,,False,4
246,24,,,True,2
246,25,,,True,2
246,26,,,False,3
246,27,,,True,3
246,28,,,False,5
246,29,,,False,4
246,30,,,True,3
246,31,,,False,3
246,32,,,True,3
246,33,,,True,2
246,34,,,False,3
246,35,,,True,2
246,36,,,False,4
246,37,,,True,4
246,38,,,False,2
247,2,,,False,3
247,3,,,True,4
247,4,,,False,3
247,5,,,True,2
247,6,,,False,2
247,7,,,True,4
247,8,,,False,5
247,9,,,False,3
247,10,,,True,2
247,11,,,False,3
247,12,,,True,4
247,13,,,False,4
247,14,,,True,2
247,15,,,False,3
247,16,,,False,3
247,17,,,True,2
247,18,,,True,4
247,19,,,False,3
247,20,,,True,3
247,21,,,False,2
247,22,,,True,3
247,23,,,False,4
247,24,,,True,2
247,25,,,True,2
247,26,,,False,3
247,27,,,True,3
247,28,,,False,5
247,29,,,False,4
247,30,,,True,3
247,31,,,False,3
247,32,,,True,3
247,33,,,True,2
247,34,,,False,3
247,35,,,True,2
247,36,,,False,4
247,37,,,True,4
247,38,,,False,2
248,2,,,False,3
248,3,,,True,4
248,4,,,False,3
248,5,,,True,2
248,6,,,False,2
248,7,,,True,4
248,8,,,False,5
248,9,,,False,3
248,10,,,True,2
248,11,,,False,3
248,12,,,True,4
248,13,,,False,4
248,14,,,True,2
248,15,,,False,3
248,16,,,False,3
248,17,,,True,2
248,18,,,True,4
248,19,,,False,3
248,20,,,True,3
248,21,,,False,2
248,22,,,True,3
248,23,,,False,4
248,24,,,True,2
248,25,,,True,2
248,26,,,False,3
248,27,,,True,3
248,28,,,False,5
248,29,,,False,4
248,30,,,True,3
248,31,,,False,3
248,32,,,True,3
248,33,,,True,2
248,34,,,False,3
248,35,,,True,2
248,36,,,False,4
248,37,,,True,4
248,38,,,False,2
249,2,,,False,3
249,3,,,True,4
249,4,,,False,3
249,5,,,True,2
249,6,,,False,2
249,7,,,True,4
249,8,,,False,5
249,9,,,False,3
249,10,,,True,2
249,11,,,False,3
249,12,,,True,4
249,13,,,False,4
249,14,,,True,2
249,15,,,False,3
249,16,,,False,3
249,17,,,True,2
249,18,,,True,4
249,19,,,False,3
249,20,,,True,3
249,21,,,False,2
249,22,,,True,3
249,23,,,False,4
249,24,,,True,2
249,25,,,True,2
249,26,,,False,3
249,27,,,True,3
249,28,,,False,5
249,29,,,False,4
249,30,,,True,3
249,31,,,False,3
249,32,,,True,3
249,33,,,True,2
249,34,,,False,3
249,35,,,True,2
249,36,,,False,4
249,37,,,True,4
249,38,,,False,2
250,2,,,False,3
250,3,,,True,3
250,4,,,False,4
250,5,,,True,4
250,6,,,False,2
250,7,,,True,2
250,8,,,False,2
250,9,,,False,4
250,10,,,True,2
250,11,,,False,5
250,12,,,True,3
250,13,,,False,3
250,14,,,False,3
250,15,,,True,3
250,16,,,False,3
250,17,,,True,2
250,18,,,True,4
250,19,,,False,3
250,20,,,True,3
250,21,,,False,3
250,22,,,True,3
250,23,,,False,3
250,24,,,True,4
250,25,,,True,3
250,26,,,False,5
250,27,,,True,2
250,28,,,False,3
250,29,,,False,3
250,30,,,True,4
250,31,,,False,4
250,32,,,True,2
250,33,,,False,3
250,34,,,True,3
250,35,,,True,2
250,36,,,False,2
250,37,,,True,2
250,38,,,False,4
251,2,,,False,3
251,3,,,True,3
251,4,,,False,4
251,5,,,True,4
251,6,,,False,2
251,7,,,True,2
251,8,,,False,2
251,9,,,False,4
251,10,,,True,2
251,11,,,False,5
251,12,,,True,3
251,13,,,False,3
251,14,,,False,3
251,15,,,True,3
251,16,,,False,3
251,17,,,True,2
251,18,,,True,4
251,19,,,False,3
251,20,,,True,3
251,21,,,False,3
251,22,,,True,3
251,23,,,False,3
251,24,,,True,4
251,25,,,True,3
251,26,,,False,5
251,27,,,True,2
251,28,,,False,3
251,29,,,False,3
251,30,,,True,4
251,31,,,False,4
251,32,,,True,2
251,33,,,False,3
251,34,,,True,3
251,35,,,True,2
251,36,,,False,2
251,37,,,True,2
251,38,,,False,4
252,2,,,False,3
252,3,,,True,3
252,4,,,False,4
252,5,,,True,4
252,6,,,False,2
252,7,,,True,2
252,8,,,False,2
252,9,,,False,4
252,10,,,True,2
252,11,,,False,5
252,12,,,True,3
252,13,,,False,3
252,14,,,False,3
252,15,,,True,3
252,16,,,False,3
252,17,,,True,2
252,18,,,True,4
252,19,,,False,3
252,20,,,True,3
252,21,,,False,3
252,22,,,True,3
252,23,,,False,3
252,24,,,True,4
252,25,,,True,3
252,26,,,False,5
252,27,,,True,2
252,28,,,False,3
252,29,,,False,3
252,30,,,True,4
252,31,,,False,4
252,32,,,True,2
252,33,,,False,3
252,34,,,True,3
252,35,,,True,2
252,36,,,False,2
252,37,,,True,2
252,38,,,False,4
253,2,,,False,3
253,3,,,True,3
253,4,,,False,4
253,5,,,True,4
253,6,,,False,2
253,7,,,True,2
253,8,,,False,2
253,9,,,False,4
253,10,,,True,2
253,11,,,False,5
253,12,,,True,3
253,13,,,False,3
253,14,,,False,3
253,15,,,True,3
253,16,,,False,3
253,17,,,True,2
253,18,,,True,4
253,19,,,False,3
253,20,,,True,3
253,21,,,False,3
253,22,,,True,3
253,23,,,False,3
253,24,,,True,4
253,25,,,True,3
253,26,,,False,5
253,27,,,True,2
253,28,,,False,3
253,29,,,False,3
253,30,,,True,4
253,31,,,False,4
253,32,,,True,2
253,33,,,False,3
253,34,,,True,3
253,35,,,True,2
253,36,,,False,2
253,37,,,True,2
253,38,,,False,4
254,2,,,False,3
254,3,,,True,3
254,4,,,False,4
254,5,,,True,4
254,6,,,False,2
254,7,,,True,2
254,8,,,False,2
254,9,,,False,4
254,10,,,True,2
254,11,,,False,5
254,12,,,True,3
254,13,,,False,3
254,14,,,False,3
254,15,,,True,3
254,16,,,False,3
254,17,,,True,2
254,18,,,True,4
254,19,,,False,3
254,20,,,True,3
254,21,,,False,3
254,22,,,True,3
254,23,,,False,3
254,24,,,True,4
254,25,,,True,3
254,26,,,False,5
254,27,,,True,2
254,28,,,False,3
254,29,,,False,3
254,30,,,True,4
254,31,,,False,4
254,32,,,True,2
254,33,,,False,3
254,34,,,True,3
254,35,,,True,2
254,36,,,False,2
254,37,,,True,2
254,38,,,False,4
255,2,,,False,3
255,3,,,True,3
255,4,,,False,4
255,5,,,True,4
255,6,,,False,2
255,7,,,True,2
255,8,,,False,2
255,9,,,False,4
255,10,,,True,2
255,11,,,False,5
255,12,,,True,3
255,13,,,False,3
255,14,,,False,3
255,15,,,True,3
255,16,,,False,3
255,17,,,True,2
255,18,,,True,4
255,19,,,False,3
255,20,,,True,3
255,21,,,False,3
255,22,,,True,3
255,23,,,False,3
255,24,,,True,4
255,25,,,True,3
255,26,,,False,5
255,27,,,True,2
255,28,,,False,3
255,29,,,False,3
255,30,,,True,4
255,31,,,False,4
255,32,,,True,2
255,33,,,False,3
255,34,,,True,3
255,35,,,True,2
255,36,,,False,2
255,37,,,True,2
255,38,,,False,4
256,2,,,False,3
256,3,,,True,3
256,4,,,False,4
256,5,,,True,4
256,6,,,False,2
256,7,,,True,2
256,8,,,False,2
256,9,,,False,4
256,10,,,True,2
256,11,,,False,5
256,12,,,True,3
256,13,,,False,3
256,14,,,False,3
256,15,,,True,3
256,16,,,False,3
256,17,,,True,2
256,18,,,True,4
256,19,,,False,3
256,20,,,True,3
256,21,,,False,3
256,22,,,True,3
256,23,,,False,3
256,24,,,True,4
256,25,,,True,3
256,26,,,False,5
256,27,,,True,2
256,28,,,False,3
256,29,,,False,3
256,30,,,True,4
256,31,,,False,4
256,32,,,True,2
256,33,,,False,3
256,34,,,True,3
256,35,,,True,2
256,36,,,False,2
256,37,,,True,2
256,38,,,False,4
257,2,,,False,3
257,3,,,True,3
257,4,,,False,4
257,5,,,True,4
257,6,,,False,2
257,7,,,True,2
257,8,,,False,2
257,9,,,False,4
257,10,,,True,2
257,11,,,False,5
257,12,,,True,3
257,13,,,False,3
257,14,,,False,3
257,15,,,True,3
257,16,,,False,3
257,17,,,True,2
257,18,,,True,4
257,19,,,False,3
257,20,,,True,3
257,21,,,False,3
257,22,,,True,3
257,23,,,False,3
257,24,,,True,4
257,25,,,True,3
257,26,,,False,5
257,27,,,True,2
257,28,,,False,3
257,29,,,False,3
257,30,,,True,4
257,31,,,False,4
257,32,,,True,2
257,33,,,False,3
257,34,,,True,3
257,35,,,True,2
257,36,,,False,2
257,37,,,True,2
257,38,,,False,4
258,2,,,False,3
258,3,,,True,3
258,4,,,False,4
258,5,,,True,4
258,6,,,False,2
258,7,,,True,2
258,8,,,False,2
258,9,,,False,4
258,10,,,True,2
258,11,,,False,5
258,12,,,True,3
258,13,,,False,3
258,14,,,False,3
258,15,,,True,3
258,16,,,False,3
258,17,,,True,2
258,18,,,True,4
258,19,,,False,3
258,20,,,True,3
258,21,,,False,3
258,22,,,True,3
258,23,,,False,3
258,24,,,True,4
258,25,,,True,3
258,26,,,False,5
258,27,,,True,2
258,28,,,False,3
258,29,,,False,3
258,30,,,True,4
258,31,,,False,4
258,32,,,True,2
258,33,,,False,3
258,34,,,True,3
258,35,,,True,2
258,36,,,False,2
258,37,,,True,2
258,38,,,False,4
261,2,,,False,3
261,3,,,True,3
261,4,,,False,4
261,5,,,True,4
261,6,,,False,2
261,7,,,True,2
261,8,,,False,2
261,9,,,False,4
261,10,,,True,2
261,11,,,False,5
261,12,,,True,3
261,13,,,False,3
261,14,,,False,3
261,15,,,True,3
261,16,,,False,3
261,17,,,True,2
261,18,,,True,4
261,19,,,False,3
261,20,,,True,3
261,21,,,False,3
261,22,,,True,3
261,23,,,False,3
261,24,,,True,4
261,25,,,True,3
261,26,,,False,5
261,27,,,True,2
261,28,,,False,3
261,29,,,False,3
261,30,,,True,4
261,31,,,False,4
261,32,,,True,2
261,33,,,False,3
261,34,,,True,3
261,35,,,True,2
261,36,,,False,2
261,37,,,True,2
261,38,,,False,4
262,2,,,False,3
262,3,,,True,3
262,4,,,False,4
262,5,,,True,4
262,6,,,False,2
262,7,,,True,2
262,8,,,False,2
262,9,,,False,4
262,10,,,True,2
262,11,,,False,5
262,12,,,True,3
262,13,,,False,3
262,14,,,False,3
262,15,,,True,3
262,16,,,False,3
262,17,,,True,2
262,18,,,True,4
262,19,,,False,3
262,20,,,True,3
262,21,,,False,3
262,22,,,True,3
262,23,,,False,3
262,24,,,True,4
262,25,,,True,3
262,26,,,False,5
262,27,,,True,2
262,28,,,False,3
262,29,,,False,3
262,30,,,True,4
262,31,,,False,4
262,32,,,True,2
262,33,,,False,3
262,34,,,True,3
262,35,,,True,2
262,36,,,False,2
262,37,,,True,2
262,38,,,False,4
263,2,,,False,3
263,3,,,True,3
263,4,,,False,4
263,5,,,True,4
263,6,,,False,2
263,7,,,True,2
263,8,,,False,2
263,9,,,False,4
263,10,,,True,2
263,11,,,False,5
263,12,,,True,3
263,13,,,False,3
263,14,,,False,3
263,15,,,True,3
263,16,,,False,3
263,17,,,True,2
263,18,,,True,4
263,19,,,False,3
263,20,,,True,3
263,21,,,False,3
263,22,,,True,3
263,23,,,False,3
263,24,,,True,4
263,25,,,True,3
263,26,,,False,5
263,27,,,True,2
263,28,,,False,3
263,29,,,False,3
263,30,,,True,4
263,31,,,False,4
263,32,,,True,2
263,33,,,False,3
263,34,,,True,3
263,35,,,True,2
263,36,,,False,2
263,37,,,True,2
263,38,,,False,4
264,2,,,False,3
264,3,,,True,3
264,4,,,False,4
264,5,,,True,4
264,6,,,False,2
264,7,,,True,2
264,8,,,False,2
264,9,,,False,4
264,10,,,True,2
264,11,,,False,5
264,12,,,True,3
264,13,,,False,3
264,14,,,False,3
264,15,,,True,3
264,16,,,False,3
264,17,,,True,2
264,18,,,True,4
264,19,,,False,3
264,20,,,True,3
264,21,,,False,3
264,22,,,True,3
264,23,,,False,3
264,24,,,True,4
264,25,,,True,3
264,26,,,False,5
264,27,,,True,2
264,28,,,False,3
264,29,,,False,3
264,30,,,True,4
264,31,,,False,4
264,32,,,True,2
264,33,,,False,3
264,34,,,True,3
264,35,,,True,2
264,36,,,False,2
264,37,,,True,2
264,38,,,False,4
265,2,,,False,3
265,3,,,True,3
265,4,,,False,4
265,5,,,True,4
265,6,,,False,2
265,7,,,True,2
265,8,,,False,2
265,9,,,False,4
265,10,,,True,2
265,11,,,False,5
265,12,,,True,3
265,13,,,False,3
265,14,,,False,3
265,15,,,True,3
265,16,,,False,3
265,17,,,True,2
265,18,,,True,4
265,19,,,False,3
265,20,,,True,3
265,21,,,False,3
265,22,,,True,3
265,23,,,False,3
265,24,,,True,4
265,25,,,True,3
265,26,,,False,5
265,27,,,True,2
265,28,,,False,3
265,29,,,False,3
265,30,,,True,4
265,31,,,False,4
265,32,,,True,2
265,33,,,False,3
265,34,,,True,3
265,35,,,True,2
265,36,,,False,2
265,37,,,True,2
265,38,,,False,4
266,2,,,False,3
266,3,,,True,3
266,4,,,False,4
266,5,,,True,4
266,6,,,False,2
266,7,,,True,2
266,8,,,False,2
266,9,,,False,4
266,10,,,True,2
266,11,,,False,5
266,12,,,True,3
266,13,,,False,3
266,14,,,False,3
266,15,,,True,3
266,16,,,False,3
266,17,,,True,2
266,18,,,True,4
266,19,,,False,3
266,20,,,True,3
266,21,,,False,3
266,22,,,True,3
266,23,,,False,3
266,24,,,True,4
266,25,,,True,3
266,26,,,False,5
266,27,,,True,2
266,28,,,False,3
266,29,,,False,3
266,30,,,True,4
266,31,,,False,4
266,32,,,True,2
266,33,,,False,3
266,34,,,True,3
266,35,,,True,2
266,36,,,False,2
266,37,,,True,2
266,38,,,False,4
268,2,,,False,3
268,3,,,True,3
268,4,,,False,4
268,5,,,True,4
268,6,,,False,2
268,7,,,True,2
268,8,,,False,2
268,9,,,False,4
268,10,,,True,2
268,11,,,False,5
268,12,,,True,3
268,13,,,False,3
268,14,,,False,3
268,15,,,True,3
268,16,,,False,3
268,17,,,True,2
268,18,,,True,4
268,19,,,False,3
268,20,,,True,3
268,21,,,False,3
268,22,,,True,3
268,23,,,False,3
268,24,,,True,4
268,25,,,True,3
268,26,,,False,5
268,27,,,True,2
268,28,,,False,3
268,29,,,False,3
268,30,,,True,4
268,31,,,False,4
268,32,,,True,2
268,33,,,False,3
268,34,,,True,3
268,35,,,True,2
268,36,,,False,2
268,37,,,True,2
268,38,,,False,4
269,2,,,False,3
269,3,,,True,3
269,4,,,False,4
269,5,,,True,4
269,6,,,False,2
269,7,,,True,2
269,8,,,False,2
269,9,,,False,4
269,10,,,True,2
269,11,,,False,5
269,12,,,True,3
269,13,,,False,3
269,14,,,False,3
269,15,,,True,3
269,16,,,False,3
269,17,,,True,2
269,18,,,True,4
269,19,,,False,3
269,20,,,True,3
269,21,,,False,3
269,22,,,True,3
269,23,,,False,3
269,24,,,True,4
269,25,,,True,3
269,26,,,False,5
269,27,,,True,2
269,28,,,False,3
269,29,,,False,3
269,30,,,True,4
269,31,,,False,4
269,32,,,True,2
269,33,,,False,3
269,34,,,True,3
269,35,,,True,2
269,36,,,False,2
269,37,,,True,2
269,38,,,False,4
270,2,,,False,3
270,3,,,True,3
270,4,,,False,4
270,5,,,True,4
270,6,,,False,2
270,7,,,True,2
270,8,,,False,2
270,9,,,False,4
270,10,,,True,2
270,11,,,False,5
270,12,,,True,3
270,13,,,False,3
270,14,,,False,3
270,15,,,True,3
270,16,,,False,3
270,17,,,True,2
270,18,,,True,4
270,19,,,False,3
270,20,,,True,3
270,21,,,False,3
270,22,,,True,3
270,23,,,False,3
270,24,,,True,4
270,25,,,True,3
270,26,,,False,5
270,27,,,True,2
270,28,,,False,3
270,29,,,False,3
270,30,,,True,4
270,31,,,False,4
270,32,,,True,2
270,33,,,False,3
270,34,,,True,3
270,35,,,True,2
270,36,,,False,2
270,37,,,True,2
270,38,,,False,4
271,2,,,False,3
271,3,,,True,3
271,4,,,False,4
271,5,,,True,4
271,6,,,False,2
271,7,,,True,2
271,8,,,False,2
271,9,,,False,4
271,10,,,True,2
271,11,,,False,5
271,12,,,True,3
271,13,,,False,3
271,14,,,False,3
271,15,,,True,3
271,16,,,False,3
271,17,,,True,2
271,18,,,True,4
271,19,,,False,3
271,20,,,True,3
271,21,,,False,3
271,22,,,True,3
271,23,,,False,3
271,24,,,True,4
271,25,,,True,3
271,26,,,False,5
271,27,,,True,2
271,28,,,False,3
271,29,,,False,3
271,30,,,True,4
271,31,,,False,4
271,32,,,True,2
271,33,,,False,3
271,34,,,True,3
271,35,,,True,2
271,36,,,False,2
271,37,,,True,2
271,38,,,False,4
272,2,,,False,3
272,3,,,True,3
272,4,,,False,4
272,5,,,True,4
272,6,,,False,2
272,7,,,True,2
272,8,,,False,2
272,9,,,False,4
272,10,,,True,2
272,11,,,False,5
272,12,,,True,3
272,13,,,False,3
272,14,,,False,3
272,15,,,True,3
272,16,,,False,3
272,17,,,True,2
272,18,,,True,4
272,19,,,False,3
272,20,,,True,3
272,21,,,False,3
272,22,,,True,3
272,23,,,False,3
272,24,,,True,4
272,25,,,True,3
272,26,,,False,5
272,27,,,True,2
272,28,,,False,3
272,29,,,False,3
272,30,,,True,4
272,31,,,False,4
272,32,,,True,2
272,33,,,False,3
272,34,,,True,3
272,35,,,True,2
272,36,,,False,2
272,37,,,True,2
272,38,,,False,4
569,2,,,False,3
569,3,,,True,3
569,4,,,False,4
569,5,,,True,4
569,6,,,False,2
569,7,,,True,2
569,8,,,False,2
569,9,,,False,4
569,10,,,True,2
569,11,,,False,5
569,12,,,True,3
569,13,,,False,3
569,14,,,False,3
569,15,,,True,3
569,16,,,False,3
569,17,,,True,2
569,18,,,True,4
569,19,,,False,3
569,20,,,True,3
569,21,,,False,3
569,22,,,True,3
569,23,,,False,3
569,24,,,True,4
569,25,,,True,3
569,26,,,False,5
569,27,,,True,2
569,28,,,False,3
569,29,,,False,3
569,30,,,True,4
569,31,,,False,4
569,32,,,True,2
569,33,,,False,3
569,34,,,True,3
569,35,,,True,2
569,36,,,False,2
569,37,,,True,2
569,38,,,False,4
570,2,,,False,3
570,3,,,True,3
570,4,,,False,4
570,5,,,True,4
570,6,,,False,2
570,7,,,True,2
570,8,,,False,2
570,9,,,False,4
570,10,,,True,2
570,11,,,False,5
570,12,,,True,3
570,13,,,False,3
570,14,,,False,3
570,15,,,True,3
570,16,,,False,3
570,17,,,True,2
570,18,,,True,4
570,19,,,False,3
570,20,,,True,3
570,21,,,False,3
570,22,,,True,3
570,23,,,False,3
570,24,,,True,4
570,25,,,True,3
570,26,,,False,5
570,27,,,True,2
570,28,,,False,3
570,29,,,False,3
570,30,,,True,4
570,31,,,False,4
570,32,,,True,2
570,33,,,False,3
570,34,,,True,3
570,35,,,True,2
570,36,,,False,2
570,37,,,True,2
570,38,,,False,4
580,2,,,False,3
580,3,,,True,3
580,4,,,False,4
580,5,,,True,4
580,6,,,False,2
580,7,,,True,2
580,8,,,False,2
580,9,,,False,4
580,10,,,True,2
580,11,,,False,5
580,12,,,True,3
580,13,,,False,3
580,14,,,False,3
580,15,,,True,3
580,16,,,False,3
580,17,,,True,2
580,18,,,True,4
580,19,,,False,3
580,20,,,True,3
580,21,,,False,3
580,22,,,True,3
580,23,,,False,3
580,24,,,True,4
580,25,,,True,3
580,26,,,False,5
580,27,,,True,2
580,28,,,False,3
580,29,,,False,3
580,30,,,True,4
580,31,,,False,4
580,32,,,True,2
580,33,,,False,3
580,34,,,True,3
580,35,,,True,2
580,36,,,False,2
580,37,,,True,2
580,38,,,False,4
610,2,,,False,3
610,3,,,True,3
610,4,,,False,4
610,5,,,True,4
610,6,,,False,2
610,7,,,True,2
610,8,,,False,2
610,9,,,False,4
610,10,,,True,2
610,11,,,False,5
610,12,,,True,3
610,13,,,False,3
610,14,,,False,3
610,15,,,True,3
610,16,,,False,3
610,17,,,True,2
610,18,,,True,4
610,19,,,False,3
610,20,,,True,3
610,21,,,False,3
610,22,,,True,3
610,23,,,False,3
610,24,,,True,4
610,25,,,True,3
610,26,,,False,5
610,27,,,True,2
610,28,,,False,3
610,29,,,False,3
610,30,,,True,4
610,31,,,False,4
610,32,,,True,2
610,33,,,False,3
610,34,,,True,3
610,35,,,True,2
610,36,,,False,2
610,37,,,True,2
610,38,,,False,4
273,2,,,False,2
273,3,,,True,3
273,4,,,False,4
273,5,,,False,3
273,6,,,True,3
273,7,,,False,3
273,8,,,True,3
273,9,,,True,2
273,10,,,False,5
273,11,,,True,2
273,12,,,False,3
273,13,,,True,3
273,14,,,False,3
273,15,,,True,3
273,16,,,False,5
273,17,,,True,4
273,18,,,True,2
273,19,,,False,3
273,20,,,False,3
273,21,,,True,4
273,22,,,False,2
273,23,,,True,3
273,24,,,False,3
273,25,,,True,2
273,26,,,False,4
273,27,,,True,4
273,28,,,False,3
273,29,,,False,4
273,30,,,True,4
273,31,,,False,4
273,32,,,True,2
273,33,,,False,3
273,34,,,True,3
273,35,,,False,3
273,36,,,True,2
273,37,,,False,3
273,38,,,True,2
274,2,,,False,2
274,3,,,True,3
274,4,,,False,4
274,5,,,False,3
274,6,,,True,3
274,7,,,False,3
274,8,,,True,3
274,9,,,True,2
274,10,,,False,5
274,11,,,True,2
274,12,,,False,3
274,13,,,True,3
274,14,,,False,3
274,15,,,True,3
274,16,,,False,5
274,17,,,True,4
274,18,,,True,2
274,19,,,False,3
274,20,,,False,3
274,21,,,True,4
274,22,,,False,2
274,23,,,True,3
274,24,,,False,3
274,25,,,True,2
274,26,,,False,4
274,27,,,True,4
274,28,,,False,3
274,29,,,False,4
274,30,,,True,4
274,31,,,False,4
274,32,,,True,2
274,33,,,False,3
274,34,,,True,3
274,35,,,False,3
274,36,,,True,2
274,37,,,False,3
274,38,,,True,2
275,2,,,False,2
275,3,,,True,3
275,4,,,False,4
275,5,,,False,3
275,6,,,True,3
275,7,,,False,3
275,8,,,True,3
275,9,,,True,2
275,10,,,False,5
275,11,,,True,2
275,12,,,False,3
275,13,,,True,3
275,14,,,False,3
275,15,,,True,3
275,16,,,False,5
275,17,,,True,4
275,18,,,True,2
275,19,,,False,3
275,20,,,False,3
275,21,,,True,4
275,22,,,False,2
275,23,,,True,3
275,24,,,False,3
275,25,,,True,2
275,26,,,False,4
275,27,,,True,4
275,28,,,False,3
275,29,,,False,4
275,30,,,True,4
275,31,,,False,4
275,32,,,True,2
275,33,,,False,3
275,34,,,True,3
275,35,,,False,3
275,36,,,True,2
275,37,,,False,3
275,38,,,True,2
276,2,,,False,2
276,3,,,True,3
276,4,,,False,4
276,5,,,False,3
276,6,,,True,3
276,7,,,False,3
276,8,,,True,3
276,9,,,True,2
276,10,,,False,5
276,11,,,True,2
276,12,,,False,3
276,13,,,True,3
276,14,,,False,3
276,15,,,True,3
276,16,,,False,5
276,17,,,True,4
276,18,,,True,2
276,19,,,False,3
276,20,,,False,3
276,21,,,True,4
276,22,,,False,2
276,23,,,True,3
276,24,,,False,3
276,25,,,True,2
276,26,,,False,4
276,27,,,True,4
276,28,,,False,3
276,29,,,False,4
276,30,,,True,4
276,31,,,False,4
276,32,,,True,2
276,33,,,False,3
276,34,,,True,3
276,35,,,False,3
276,36,,,True,2
276,37,,,False,3
276,38,,,True,2
277,2,,,False,2
277,3,,,True,3
277,4,,,False,4
277,5,,,False,3
277,6,,,True,3
277,7,,,False,3
277,8,,,True,3
277,9,,,True,2
277,10,,,False,5
277,11,,,True,2
277,12,,,False,3
277,13,,,True,3
277,14,,,False,3
277,15,,,True,3
277,16,,,False,5
277,17,,,True,4
277,18,,,True,2
277,19,,,False,3
277,20,,,False,3
277,21,,,True,4
277,22,,,False,2
277,23,,,True,3
277,24,,,False,3
277,25,,,True,2
277,26,,,False,4
277,27,,,True,4
277,28,,,False,3
277,29,,,False,4
277,30,,,True,4
277,31,,,False,4
277,32,,,True,2
277,33,,,False,3
277,34,,,True,3
277,35,,,False,3
277,36,,,True,2
277,37,,,False,3
277,38,,,True,2
278,2,,,False,2
278,3,,,True,3
278,4,,,False,4
278,5,,,False,3
278,6,,,True,3
278,7,,,False,3
278,8,,,True,3
278,9,,,True,2
278,10,,,False,5
278,11,,,True,2
278,12,,,False,3
278,13,,,True,3
278,14,,,False,3
278,15,,,True,3
278,16,,,False,5
278,17,,,True,4
278,18,,,True,2
278,19,,,False,3
278,20,,,False,3
278,21,,,True,4
278,22,,,False,2
278,23,,,True,3
278,24,,,False,3
278,25,,,True,2
278,26,,,False,4
278,27,,,True,4
278,28,,,False,3
278,29,,,False,4
278,30,,,True,4
278,31,,,False,4
278,32,,,True,2
278,33,,,False,3
278,34,,,True,3
278,35,,,False,3
278,36,,,True,2
278,37,,,False,3
278,38,,,True,2
279,2,,,False,2
279,3,,,True,3
279,4,,,False,4
279,5,,,False,3
279,6,,,True,3
279,7,,,False,3
279,8,,,True,3
279,9,,,True,2
279,10,,,False,5
279,11,,,True,2
279,12,,,False,3
279,13,,,True,3
279,14,,,False,3
279,15,,,True,3
279,16,,,False,5
279,17,,,True,4
279,18,,,True,2
279,19,,,False,3
279,20,,,False,3
279,21,,,True,4
279,22,,,False,2
279,23,,,True,3
279,24,,,False,3
279,25,,,True,2
279,26,,,False,4
279,27,,,True,4
279,28,,,False,3
279,29,,,False,4
279,30,,,True,4
279,31,,,False,4
279,32,,,True,2
279,33,,,False,3
279,34,,,True,3
279,35,,,False,3
279,36,,,True,2
279,37,,,False,3
279,38,,,True,2
280,2,,,False,2
280,3,,,True,3
280,4,,,False,4
280,5,,,False,3
280,6,,,True,3
280,7,,,False,3
280,8,,,True,3
280,9,,,True,2
280,10,,,False,5
280,11,,,True,2
280,12,,,False,3
280,13,,,True,3
280,14,,,False,3
280,15,,,True,3
280,16,,,False,5
280,17,,,True,4
280,18,,,True,2
280,19,,,False,3
280,20,,,False,3
280,21,,,True,4
280,22,,,False,2
280,23,,,True,3
280,24,,,False,3
280,25,,,True,2
280,26,,,False,4
280,27,,,True,4
280,28,,,False,3
280,29,,,False,4
280,30,,,True,4
280,31,,,False,4
280,32,,,True,2
280,33,,,False,3
280,34,,,True,3
280,35,,,False,3
280,36,,,True,2
280,37,,,False,3
280,38,,,True,2
281,2,,,False,2
281,3,,,True,3
281,4,,,False,4
281,5,,,False,3
281,6,,,True,3
281,7,,,False,3
281,8,,,True,3
281,9,,,True,2
281,10,,,False,5
281,11,,,True,2
281,12,,,False,3
281,13,,,True,3
281,14,,,False,3
281,15,,,True,3
281,16,,,False,5
281,17,,,True,4
281,18,,,True,2
281,19,,,False,3
281,20,,,False,3
281,21,,,True,4
281,22,,,False,2
281,23,,,True,3
281,24,,,False,3
281,25,,,True,2
281,26,,,False,4
281,27,,,True,4
281,28,,,False,3
281,29,,,False,4
281,30,,,True,4
281,31,,,False,4
281,32,,,True,2
281,33,,,False,3
281,34,,,True,3
281,35,,,False,3
281,36,,,True,2
281,37,,,False,3
281,38,,,True,2
282,2,,,False,2
282,3,,,True,3
282,4,,,False,4
282,5,,,False,3
282,6,,,True,3
282,7,,,False,3
282,8,,,True,3
282,9,,,True,2
282,10,,,False,5
282,11,,,True,2
282,12,,,False,3
282,13,,,True,3
282,14,,,False,3
282,15,,,True,3
282,16,,,False,5
282,17,,,True,4
282,18,,,True,2
282,19,,,False,3
282,20,,,False,3
282,21,,,True,4
282,22,,,False,2
282,23,,,True,3
282,24,,,False,3
282,25,,,True,2
282,26,,,False,4
282,27,,,True,4
282,28,,,False,3
282,29,,,False,4
282,30,,,True,4
282,31,,,False,4
282,32,,,True,2
282,33,,,False,3
282,34,,,True,3
282,35,,,False,3
282,36,,,True,2
282,37,,,False,3
282,38,,,True,2
283,2,,,False,2
283,3,,,True,3
283,4,,,False,4
283,5,,,False,3
283,6,,,True,3
283,7,,,False,3
283,8,,,True,3
283,9,,,True,2
283,10,,,False,5
283,11,,,True,2
283,12,,,False,3
283,13,,,True,3
283,14,,,False,3
283,15,,,True,3
283,16,,,False,5
283,17,,,True,4
283,18,,,True,2
283,19,,,False,3
283,20,,,False,3
283,21,,,True,4
283,22,,,False,2
283,23,,,True,3
283,24,,,False,3
283,25,,,True,2
283,26,,,False,4
283,27,,,True,4
283,28,,,False,3
283,29,,,False,4
283,30,,,True,4
283,31,,,False,4
283,32,,,True,2
283,33,,,False,3
283,34,,,True,3
283,35,,,False,3
283,36,,,True,2
283,37,,,False,3
283,38,,,True,2
284,2,,,False,2
284,3,,,True,3
284,4,,,False,4
284,5,,,False,3
284,6,,,True,3
284,7,,,False,3
284,8,,,True,3
284,9,,,True,2
284,10,,,False,5
284,11,,,True,2
284,12,,,False,3
284,13,,,True,3
284,14,,,False,3
284,15,,,True,3
284,16,,,False,5
284,17,,,True,4
284,18,,,True,2
284,19,,,False,3
284,20,,,False,3
284,21,,,True,4
284,22,,,False,2
284,23,,,True,3
284,24,,,False,3
284,25,,,True,2
284,26,,,False,4
284,27,,,True,4
284,28,,,False,3
284,29,,,False,4
284,30,,,True,4
284,31,,,False,4
284,32,,,True,2
284,33,,,False,3
284,34,,,True,3
284,35,,,False,3
284,36,,,True,2
284,37,,,False,3
284,38,,,True,2
285,2,,,False,2
285,3,,,True,3
285,4,,,False,4
285,5,,,False,3
285,6,,,True,3
285,7,,,False,3
285,8,,,True,3
285,9,,,True,2
285,10,,,False,5
285,11,,,True,2
285,12,,,False,3
285,13,,,True,3
285,14,,,False,3
285,15,,,True,3
285,16,,,False,5
285,17,,,True,4
285,18,,,True,2
285,19,,,False,3
285,20,,,False,3
285,21,,,True,4
285,22,,,False,2
285,23,,,True,3
285,24,,,False,3
285,25,,,True,2
285,26,,,False,4
285,27,,,True,4
285,28,,,False,3
285,29,,,False,4
285,30,,,True,4
285,31,,,False,4
285,32,,,True,2
285,33,,,False,3
285,34,,,True,3
285,35,,,False,3
285,36,,,True,2
285,37,,,False,3
285,38,,,True,2
286,2,,,False,2
286,3,,,True,3
286,4,,,False,4
286,5,,,False,3
286,6,,,True,3
286,7,,,False,3
286,8,,,True,3
286,9,,,True,2
286,10,,,False,5
286,11,,,True,2
286,12,,,False,3
286,13,,,True,3
286,14,,,False,3
286,15,,,True,3
286,16,,,False,5
286,17,,,True,4
286,18,,,True,2
286,19,,,False,3
286,20,,,False,3
286,21,,,True,4
286,22,,,False,2
286,23,,,True,3
286,24,,,False,3
286,25,,,True,2
286,26,,,False,4
286,27,,,True,4
286,28,,,False,3
286,29,,,False,4
286,30,,,True,4
286,31,,,False,4
286,32,,,True,2
286,33,,,False,3
286,34,,,True,3
286,35,,,False,3
286,36,,,True,2
286,37,,,False,3
286,38,,,True,2
287,2,,,False,2
287,3,,,True,3
287,4,,,False,4
287,5,,,False,3
287,6,,,True,3
287,7,,,False,3
287,8,,,True,3
287,9,,,True,2
287,10,,,False,5
287,11,,,True,2
287,12,,,False,3
287,13,,,True,3
287,14,,,False,3
287,15,,,True,3
287,16,,,False,5
287,17,,,True,4
287,18,,,True,2
287,19,,,False,3
287,20,,,False,3
287,21,,,True,4
287,22,,,False,2
287,23,,,True,3
287,24,,,False,3
287,25,,,True,2
287,26,,,False,4
287,27,,,True,4
287,28,,,False,3
287,29,,,False,4
287,30,,,True,4
287,31,,,False,4
287,32,,,True,2
287,33,,,False,3
287,34,,,True,3
287,35,,,False,3
287,36,,,True,2
287,37,,,False,3
287,38,,,True,2
288,2,,,False,2
288,3,,,True,3
288,4,,,False,4
288,5,,,False,3
288,6,,,True,3
288,7,,,False,3
288,8,,,True,3
288,9,,,True,2
288,10,,,False,5
288,11,,,True,2
288,12,,,False,3
288,13,,,True,3
288,14,,,False,3
288,15,,,True,3
288,16,,,False,5
288,17,,,True,4
288,18,,,True,2
288,19,,,False,3
288,20,,,False,3
288,21,,,True,4
288,22,,,False,2
288,23,,,True,3
288,24,,,False,3
288,25,,,True,2
288,26,,,False,4
288,27,,,True,4
288,28,,,False,3
288,29,,,False,4
288,30,,,True,4
288,31,,,False,4
288,32,,,True,2
288,33,,,False,3
288,34,,,True,3
288,35,,,False,3
288,36,,,True,2
288,37,,,False,3
288,38,,,True,2
289,2,,,False,2
289,3,,,True,3
289,4,,,False,4
289,5,,,False,3
289,6,,,True,3
289,7,,,False,3
289,8,,,True,3
289,9,,,True,2
289,10,,,False,5
289,11,,,True,2
289,12,,,False,3
289,13,,,True,3
289,14,,,False,3
289,15,,,True,3
289,16,,,False,5
289,17,,,True,4
289,18,,,True,2
289,19,,,False,3
289,20,,,False,3
289,21,,,True,4
289,22,,,False,2
289,23,,,True,3
289,24,,,False,3
289,25,,,True,2
289,26,,,False,4
289,27,,,True,4
289,28,,,False,3
289,29,,,False,4
289,30,,,True,4
289,31,,,False,4
289,32,,,True,2
289,33,,,False,3
289,34,,,True,3
289,35,,,False,3
289,36,,,True,2
289,37,,,False,3
289,38,,,True,2
290,2,,,False,2
290,3,,,True,3
290,4,,,False,4
290,5,,,False,3
290,6,,,True,3
290,7,,,False,3
290,8,,,True,3
290,9,,,True,2
290,10,,,False,5
290,11,,,True,2
290,12,,,False,3
290,13,,,True,3
290,14,,,False,3
290,15,,,True,3
290,16,,,False,5
290,17,,,True,4
290,18,,,True,2
290,19,,,False,3
290,20,,,False,3
290,21,,,True,4
290,22,,,False,2
290,23,,,True,3
290,24,,,False,3
290,25,,,True,2
290,26,,,False,4
290,27,,,True,4
290,28,,,False,3
290,29,,,False,4
290,30,,,True,4
290,31,,,False,4
290,32,,,True,2
290,33,,,False,3
290,34,,,True,3
290,35,,,False,3
290,36,,,True,2
290,37,,,False,3
290,38,,,True,2
291,2,,,False,2
291,3,,,True,3
291,4,,,False,4
291,5,,,False,3
291,6,,,True,3
291,7,,,False,3
291,8,,,True,3
291,9,,,True,2
291,10,,,False,5
291,11,,,True,2
291,12,,,False,3
291,13,,,True,3
291,14,,,False,3
291,15,,,True,3
291,16,,,False,5
291,17,,,True,4
291,18,,,True,2
291,19,,,False,3
291,20,,,False,3
291,21,,,True,4
291,22,,,False,2
291,23,,,True,3
291,24,,,False,3
291,25,,,True,2
291,26,,,False,4
291,27,,,True,4
291,28,,,False,3
291,29,,,False,4
291,30,,,True,4
291,31,,,False,4
291,32,,,True,2
291,33,,,False,3
291,34,,,True,3
291,35,,,False,3
291,36,,,True,2
291,37,,,False,3
291,38,,,True,2
292,2,,,False,2
292,3,,,True,3
292,4,,,False,4
292,5,,,False,3
292,6,,,True,3
292,7,,,False,3
292,8,,,True,3
292,9,,,True,2
292,10,,,False,5
292,11,,,True,2
292,12,,,False,3
292,13,,,True,3
292,14,,,False,3
292,15,,,True,3
292,16,,,False,5
292,17,,,True,4
292,18,,,True,2
292,19,,,False,3
292,20,,,False,3
292,21,,,True,4
292,22,,,False,2
292,23,,,True,3
292,24,,,False,3
292,25,,,True,2
292,26,,,False,4
292,27,,,True,4
292,28,,,False,3
292,29,,,False,4
292,30,,,True,4
292,31,,,False,4
292,32,,,True,2
292,33,,,False,3
292,34,,,True,3
292,35,,,False,3
292,36,,,True,2
292,37,,,False,3
292,38,,,True,2
293,2,,,False,2
293,3,,,True,3
293,4,,,False,4
293,5,,,False,3
293,6,,,True,3
293,7,,,False,3
293,8,,,True,3
293,9,,,True,2
293,10,,,False,5
293,11,,,True,2
293,12,,,False,3
293,13,,,True,3
293,14,,,False,3
293,15,,,True,3
293,16,,,False,5
293,17,,,True,4
293,18,,,True,2
293,19,,,False,3
293,20,,,False,3
293,21,,,True,4
293,22,,,False,2
293,23,,,True,3
293,24,,,False,3
293,25,,,True,2
293,26,,,False,4
293,27,,,True,4
293,28,,,False,3
293,29,,,False,4
293,30,,,True,4
293,31,,,False,4
293,32,,,True,2
293,33,,,False,3
293,34,,,True,3
293,35,,,False,3
293,36,,,True,2
293,37,,,False,3
293,38,,,True,2
294,2,,,False,2
294,3,,,True,3
294,4,,,False,4
294,5,,,False,3
294,6,,,True,3
294,7,,,False,3
294,8,,,True,3
294,9,,,True,2
294,10,,,False,5
294,11,,,True,2
294,12,,,False,3
294,13,,,True,3
294,14,,,False,3
294,15,,,True,3
294,16,,,False,5
294,17,,,True,4
294,18,,,True,2
294,19,,,False,3
294,20,,,False,3
294,21,,,True,4
294,22,,,False,2
294,23,,,True,3
294,24,,,False,3
294,25,,,True,2
294,26,,,False,4
294,27,,,True,4
294,28,,,False,3
294,29,,,False,4
294,30,,,True,4
294,31,,,False,4
294,32,,,True,2
294,33,,,False,3
294,34,,,True,3
294,35,,,False,3
294,36,,,True,2
294,37,,,False,3
294,38,,,True,2
295,2,,,False,2
295,3,,,True,3
295,4,,,False,4
295,5,,,False,3
295,6,,,True,3
295,7,,,False,3
295,8,,,True,3
295,9,,,True,2
295,10,,,False,5
295,11,,,True,2
295,12,,,False,3
295,13,,,True,3
295,14,,,False,3
295,15,,,True,3
295,16,,,False,5
295,17,,,True,4
295,18,,,True,2
295,19,,,False,3
295,20,,,False,3
295,21,,,True,4
295,22,,,False,2
295,23,,,True,3
295,24,,,False,3
295,25,,,True,2
295,26,,,False,4
295,27,,,True,4
295,28,,,False,3
295,29,,,False,4
295,30,,,True,4
295,31,,,False,4
295,32,,,True,2
295,33,,,False,3
295,34,,,True,3
295,35,,,False,3
295,36,,,True,2
295,37,,,False,3
295,38,,,True,2
296,2,,,False,2
296,3,,,True,3
296,4,,,False,4
296,5,,,False,3
296,6,,,True,3
296,7,,,False,3
296,8,,,True,3
296,9,,,True,2
296,10,,,False,5
296,11,,,True,2
296,12,,,False,3
296,13,,,True,3
296,14,,,False,3
296,15,,,True,3
296,16,,,False,5
296,17,,,True,4
296,18,,,True,2
296,19,,,False,3
296,20,,,False,3
296,21,,,True,4
296,22,,,False,2
296,23,,,True,3
296,24,,,False,3
296,25,,,True,2
296,26,,,False,4
296,27,,,True,4
296,28,,,False,3
296,29,,,False,4
296,30,,,True,4
296,31,,,False,4
296,32,,,True,2
296,33,,,False,3
296,34,,,True,3
296,35,,,False,3
296,36,,,True,2
296,37,,,False,3
296,38,,,True,2
297,2,,,False,2
297,3,,,True,3
297,4,,,False,4
297,5,,,False,3
297,6,,,True,3
297,7,,,False,3
297,8,,,True,3
297,9,,,True,2
297,10,,,False,5
297,11,,,True,2
297,12,,,False,3
297,13,,,True,3
297,14,,,False,3
297,15,,,True,3
297,16,,,False,5
297,17,,,True,4
297,18,,,True,2
297,19,,,False,3
297,20,,,False,3
297,21,,,True,4
297,22,,,False,2
297,23,,,True,3
297,24,,,False,3
297,25,,,True,2
297,26,,,False,4
297,27,,,True,4
297,28,,,False,3
297,29,,,False,4
297,30,,,True,4
297,31,,,False,4
297,32,,,True,2
297,33,,,False,3
297,34,,,True,3
297,35,,,False,3
297,36,,,True,2
297,37,,,False,3
297,38,,,True,2
298,2,,,False,2
298,3,,,True,3
298,4,,,False,4
298,5,,,False,3
298,6,,,True,3
298,7,,,False,3
298,8,,,True,3
298,9,,,True,2
298,10,,,False,5
298,11,,,True,2
298,12,,,False,3
298,13,,,True,3
298,14,,,False,3
298,15,,,True,3
298,16,,,False,5
298,17,,,True,4
298,18,,,True,2
298,19,,,False,3
298,20,,,False,3
298,21,,,True,4
298,22,,,False,2
298,23,,,True,3
298,24,,,False,3
298,25,,,True,2
298,26,,,False,4
298,27,,,True,4
298,28,,,False,3
298,29,,,False,4
298,30,,,True,4
298,31,,,False,4
298,32,,,True,2
298,33,,,False,3
298,34,,,True,3
298,35,,,False,3
298,36,,,True,2
298,37,,,False,3
298,38,,,True,2
299,2,,,False,2
299,3,,,True,3
299,4,,,False,4
299,5,,,False,3
299,6,,,True,3
299,7,,,False,3
299,8,,,True,3
299,9,,,True,2
299,10,,,False,5
299,11,,,True,2
299,12,,,False,3
299,13,,,True,3
299,14,,,False,3
299,15,,,True,3
299,16,,,False,5
299,17,,,True,4
299,18,,,True,2
299,19,,,False,3
299,20,,,False,3
299,21,,,True,4
299,22,,,False,2
299,23,,,True,3
299,24,,,False,3
299,25,,,True,2
299,26,,,False,4
299,27,,,True,4
299,28,,,False,3
299,29,,,False,4
299,30,,,True,4
299,31,,,False,4
299,32,,,True,2
299,33,,,False,3
299,34,,,True,3
299,35,,,False,3
299,36,,,True,2
299,37,,,False,3
299,38,,,True,2
340,2,,,False,2
340,3,,,True,3
340,4,,,False,4
340,5,,,False,3
340,6,,,True,3
340,7,,,False,3
340,8,,,True,3
340,9,,,True,2
340,10,,,False,5
340,11,,,True,2
340,12,,,False,3
340,13,,,True,3
340,14,,,False,3
340,15,,,True,3
340,16,,,False,5
340,17,,,True,4
340,18,,,True,2
340,19,,,False,3
340,20,,,False,3
340,21,,,True,4
340,22,,,False,2
340,23,,,True,3
340,24,,,False,3
340,25,,,True,2
340,26,,,False,4
340,27,,,True,4
340,28,,,False,3
340,29,,,False,4
340,30,,,True,4
340,31,,,False,4
340,32,,,True,2
340,33,,,False,3
340,34,,,True,3
340,35,,,False,3
340,36,,,True,2
340,37,,,False,3
340,38,,,True,2
556,2,,,False,2
556,3,,,True,3
556,4,,,False,4
556,5,,,False,3
556,6,,,True,3
556,7,,,False,3
556,8,,,True,3
556,9,,,True,2
556,10,,,False,5
556,11,,,True,2
556,12,,,False,3
556,13,,,True,3
556,14,,,False,3
556,15,,,True,3
556,16,,,False,5
556,17,,,True,4
556,18,,,True,2
556,19,,,False,3
556,20,,,False,3
556,21,,,True,4
556,22,,,False,2
556,23,,,True,3
556,24,,,False,3
556,25,,,True,2
556,26,,,False,4
556,27,,,True,4
556,28,,,False,3
556,29,,,False,4
556,30,,,True,4
556,31,,,False,4
556,32,,,True,2
556,33,,,False,3
556,34,,,True,3
556,35,,,False,3
556,36,,,True,2
556,37,,,False,3
556,38,,,True,2
563,2,,,False,2
563,3,,,True,3
563,4,,,False,4
563,5,,,False,3
563,6,,,True,3
563,7,,,False,3
563,8,,,True,3
563,9,,,True,2
563,10,,,False,5
563,11,,,True,2
563,12,,,False,3
563,13,,,True,3
563,14,,,False,3
563,15,,,True,3
563,16,,,False,5
563,17,,,True,4
563,18,,,True,2
563,19,,,False,3
563,20,,,False,3
563,21,,,True,4
563,22,,,False,2
563,23,,,True,3
563,24,,,False,3
563,25,,,True,2
563,26,,,False,4
563,27,,,True,4
563,28,,,False,3
563,29,,,False,4
563,30,,,True,4
563,31,,,False,4
563,32,,,True,2
563,33,,,False,3
563,34,,,True,3
563,35,,,False,3
563,36,,,True,2
563,37,,,False,3
563,38,,,True,2
572,2,,,False,2
572,3,,,True,3
572,4,,,False,4
572,5,,,False,3
572,6,,,True,3
572,7,,,False,3
572,8,,,True,3
572,9,,,True,2
572,10,,,False,5
572,11,,,True,2
572,12,,,False,3
572,13,,,True,3
572,14,,,False,3
572,15,,,True,3
572,16,,,False,5
572,17,,,True,4
572,18,,,True,2
572,19,,,False,3
572,20,,,False,3
572,21,,,True,4
572,22,,,False,2
572,23,,,True,3
572,24,,,False,3
572,25,,,True,2
572,26,,,False,4
572,27,,,True,4
572,28,,,False,3
572,29,,,False,4
572,30,,,True,4
572,31,,,False,4
572,32,,,True,2
572,33,,,False,3
572,34,,,True,3
572,35,,,False,3
572,36,,,True,2
572,37,,,False,3
572,38,,,True,2
574,2,,,False,2
574,3,,,True,3
574,4,,,False,4
574,5,,,False,3
574,6,,,True,3
574,7,,,False,3
574,8,,,True,3
574,9,,,True,2
574,10,,,False,5
574,11,,,True,2
574,12,,,False,3
574,13,,,True,3
574,14,,,False,3
574,15,,,True,3
574,16,,,False,5
574,17,,,True,4
574,18,,,True,2
574,19,,,False,3
574,20,,,False,3
574,21,,,True,4
574,22,,,False,2
574,23,,,True,3
574,24,,,False,3
574,25,,,True,2
574,26,,,False,4
574,27,,,True,4
574,28,,,False,3
574,29,,,False,4
574,30,,,True,4
574,31,,,False,4
574,32,,,True,2
574,33,,,False,3
574,34,,,True,3
574,35,,,False,3
574,36,,,True,2
574,37,,,False,3
574,38,,,True,2
576,2,,,False,2
576,3,,,True,3
576,4,,,False,4
576,5,,,False,3
576,6,,,True,3
576,7,,,False,3
576,8,,,True,3
576,9,,,True,2
576,10,,,False,5
576,11,,,True,2
576,12,,,False,3
576,13,,,True,3
576,14,,,False,3
576,15,,,True,3
576,16,,,False,5
576,17,,,True,4
576,18,,,True,2
576,19,,,False,3
576,20,,,False,3
576,21,,,True,4
576,22,,,False,2
576,23,,,True,3
576,24,,,False,3
576,25,,,True,2
576,26,,,False,4
576,27,,,True,4
576,28,,,False,3
576,29,,,False,4
576,30,,,True,4
576,31,,,False,4
576,32,,,True,2
576,33,,,False,3
576,34,,,True,3
576,35,,,False,3
576,36,,,True,2
576,37,,,False,3
576,38,,,True,2
585,2,,,False,2
585,3,,,True,3
585,4,,,False,4
585,5,,,False,3
585,6,,,True,3
585,7,,,False,3
585,8,,,True,3
585,9,,,True,2
585,10,,,False,5
585,11,,,True,2
585,12,,,False,3
585,13,,,True,3
585,14,,,False,3
585,15,,,True,3
585,16,,,False,5
585,17,,,True,4
585,18,,,True,2
585,19,,,False,3
585,20,,,False,3
585,21,,,True,4
585,22,,,False,2
585,23,,,True,3
585,24,,,False,3
585,25,,,True,2
585,26,,,False,4
585,27,,,True,4
585,28,,,False,3
585,29,,,False,4
585,30,,,True,4
585,31,,,False,4
585,32,,,True,2
585,33,,,False,3
585,34,,,True,3
585,35,,,False,3
585,36,,,True,2
585,37,,,False,3
585,38,,,True,2
586,2,,,False,2
586,3,,,True,3
586,4,,,False,4
586,5,,,False,3
586,6,,,True,3
586,7,,,False,3
586,8,,,True,3
586,9,,,True,2
586,10,,,False,5
586,11,,,True,2
586,12,,,False,3
586,13,,,True,3
586,14,,,False,3
586,15,,,True,3
586,16,,,False,5
586,17,,,True,4
586,18,,,True,2
586,19,,,False,3
586,20,,,False,3
586,21,,,True,4
586,22,,,False,2
586,23,,,True,3
586,24,,,False,3
586,25,,,True,2
586,26,,,False,4
586,27,,,True,4
586,28,,,False,3
586,29,,,False,4
586,30,,,True,4
586,31,,,False,4
586,32,,,True,2
586,33,,,False,3
586,34,,,True,3
586,35,,,False,3
586,36,,,True,2
586,37,,,False,3
586,38,,,True,2
589,2,,,False,2
589,3,,,True,3
589,4,,,False,4
589,5,,,False,3
589,6,,,True,3
589,7,,,False,3
589,8,,,True,3
589,9,,,True,2
589,10,,,False,5
589,11,,,True,2
589,12,,,False,3
589,13,,,True,3
589,14,,,False,3
589,15,,,True,3
589,16,,,False,5
589,17,,,True,4
589,18,,,True,2
589,19,,,False,3
589,20,,,False,3
589,21,,,True,4
589,22,,,False,2
589,23,,,True,3
589,24,,,False,3
589,25,,,True,2
589,26,,,False,4
589,27,,,True,4
589,28,,,False,3
589,29,,,False,4
589,30,,,True,4
589,31,,,False,4
589,32,,,True,2
589,33,,,False,3
589,34,,,True,3
589,35,,,False,3
589,36,,,True,2
589,37,,,False,3
589,38,,,True,2
617,2,,,False,2
617,3,,,True,3
617,4,,,False,4
617,5,,,False,3
617,6,,,True,3
617,7,,,False,3
617,8,,,True,3
617,9,,,True,2
617,10,,,False,5
617,11,,,True,2
617,12,,,False,3
617,13,,,True,3
617,14,,,False,3
617,15,,,True,3
617,16,,,False,5
617,17,,,True,4
617,18,,,True,2
617,19,,,False,3
617,20,,,False,3
617,21,,,True,4
617,22,,,False,2
617,23,,,True,3
617,24,,,False,3
617,25,,,True,2
617,26,,,False,4
617,27,,,True,4
617,28,,,False,3
617,29,,,False,4
617,30,,,True,4
617,31,,,False,4
617,32,,,True,2
617,33,,,False,3
617,34,,,True,3
617,35,,,False,3
617,36,,,True,2
617,37,,,False,3
617,38,,,True,2
259,2,,,False,4
259,3,,,True,4
259,4,,,False,3
259,5,,,False,3
259,6,,,True,2
259,7,,,False,5
259,8,,,True,3
259,9,,,False,2
259,10,,,True,3
259,11,,,False,3
259,12,,,True,3
259,13,,,False,2
259,14,,,False,3
259,15,,,True,2
259,16,,,False,3
259,17,,,True,3
259,18,,,True,4
259,19,,,False,5
259,20,,,True,2
259,21,,,False,3
259,22,,,True,2
259,23,,,False,4
259,24,,,True,3
259,25,,,True,4
259,26,,,False,4
259,27,,,True,2
259,28,,,False,3
259,29,,,False,4
259,30,,,True,3
259,31,,,False,3
259,32,,,True,4
259,33,,,False,3
259,34,,,True,2
259,35,,,False,3
259,36,,,True,4
259,37,,,False,3
259,38,,,True,3
267,2,,,False,4
267,3,,,True,4
267,4,,,False,3
267,5,,,False,3
267,6,,,True,2
267,7,,,False,5
267,8,,,True,3
267,9,,,False,2
267,10,,,True,3
267,11,,,False,3
267,12,,,True,3
267,13,,,False,2
267,14,,,False,3
267,15,,,True,2
267,16,,,False,3
267,17,,,True,3
267,18,,,True,4
267,19,,,False,5
267,20,,,True,2
267,21,,,False,3
267,22,,,True,2
267,23,,,False,4
267,24,,,True,3
267,25,,,True,4
267,26,,,False,4
267,27,,,True,2
267,28,,,False,3
267,29,,,False,4
267,30,,,True,3
267,31,,,False,3
267,32,,,True,4
267,33,,,False,3
267,34,,,True,2
267,35,,,False,3
267,36,,,True,4
267,37,,,False,3
267,38,,,True,3
300,2,,,False,4
300,3,,,True,4
300,4,,,False,3
300,5,,,False,3
300,6,,,True,2
300,7,,,False,5
300,8,,,True,3
300,9,,,False,2
300,10,,,True,3
300,11,,,False,3
300,12,,,True,3
300,13,,,False,2
300,14,,,False,3
300,15,,,True,2
300,16,,,False,3
300,17,,,True,3
300,18,,,True,4
300,19,,,False,5
300,20,,,True,2
300,21,,,False,3
300,22,,,True,2
300,23,,,False,4
300,24,,,True,3
300,25,,,True,4
300,26,,,False,4
300,27,,,True,2
300,28,,,False,3
300,29,,,False,4
300,30,,,True,3
300,31,,,False,3
300,32,,,True,4
300,33,,,False,3
300,34,,,True,2
300,35,,,False,3
300,36,,,True,4
300,37,,,False,3
300,38,,,True,3
301,2,,,False,4
301,3,,,True,4
301,4,,,False,3
301,5,,,False,3
301,6,,,True,2
301,7,,,False,5
301,8,,,True,3
301,9,,,False,2
301,10,,,True,3
301,11,,,False,3
301,12,,,True,3
301,13,,,False,2
301,14,,,False,3
301,15,,,True,2
301,16,,,False,3
301,17,,,True,3
301,18,,,True,4
301,19,,,False,5
301,20,,,True,2
301,21,,,False,3
301,22,,,True,2
301,23,,,False,4
301,24,,,True,3
301,25,,,True,4
301,26,,,False,4
301,27,,,True,2
301,28,,,False,3
301,29,,,False,4
301,30,,,True,3
301,31,,,False,3
301,32,,,True,4
301,33,,,False,3
301,34,,,True,2
301,35,,,False,3
301,36,,,True,4
301,37,,,False,3
301,38,,,True,3
302,2,,,False,4
302,3,,,True,4
302,4,,,False,3
302,5,,,False,3
302,6,,,True,2
302,7,,,False,5
302,8,,,True,3
302,9,,,False,2
302,10,,,True,3
302,11,,,False,3
302,12,,,True,3
302,13,,,False,2
302,14,,,False,3
302,15,,,True,2
302,16,,,False,3
302,17,,,True,3
302,18,,,True,4
302,19,,,False,5
302,20,,,True,2
302,21,,,False,3
302,22,,,True,2
302,23,,,False,4
302,24,,,True,3
302,25,,,True,4
302,26,,,False,4
302,27,,,True,2
302,28,,,False,3
302,29,,,False,4
302,30,,,True,3
302,31,,,False,3
302,32,,,True,4
302,33,,,False,3
302,34,,,True,2
302,35,,,False,3
302,36,,,True,4
302,37,,,False,3
302,38,,,True,3
303,2,,,False,4
303,3,,,True,4
303,4,,,False,3
303,5,,,False,3
303,6,,,True,2
303,7,,,False,5
303,8,,,True,3
303,9,,,False,2
303,10,,,True,3
303,11,,,False,3
303,12,,,True,3
303,13,,,False,2
303,14,,,False,3
303,15,,,True,2
303,16,,,False,3
303,17,,,True,3
303,18,,,True,4
303,19,,,False,5
303,20,,,True,2
303,21,,,False,3
303,22,,,True,2
303,23,,,False,4
303,24,,,True,3
303,25,,,True,4
303,26,,,False,4
303,27,,,True,2
303,28,,,False,3
303,29,,,False,4
303,30,,,True,3
303,31,,,False,3
303,32,,,True,4
303,33,,,False,3
303,34,,,True,2
303,35,,,False,3
303,36,,,True,4
303,37,,,False,3
303,38,,,True,3
304,2,,,False,4
304,3,,,True,4
304,4,,,False,3
304,5,,,False,3
304,6,,,True,2
304,7,,,False,5
304,8,,,True,3
304,9,,,False,2
304,10,,,True,3
304,11,,,False,3
304,12,,,True,3
304,13,,,False,2
304,14,,,False,3
304,15,,,True,2
304,16,,,False,3
304,17,,,True,3
304,18,,,True,4
304,19,,,False,5
304,20,,,True,2
304,21,,,False,3
304,22,,,True,2
304,23,,,False,4
304,24,,,True,3
304,25,,,True,4
304,26,,,False,4
304,27,,,True,2
304,28,,,False,3
304,29,,,False,4
304,30,,,True,3
304,31,,,False,3
304,32,,,True,4
304,33,,,False,3
304,34,,,True,2
304,35,,,False,3
304,36,,,True,4
304,37,,,False,3
304,38,,,True,3
305,2,,,False,4
305,3,,,True,4
305,4,,,False,3
305,5,,,False,3
305,6,,,True,2
305,7,,,False,5
305,8,,,True,3
305,9,,,False,2
305,10,,,True,3
305,11,,,False,3
305,12,,,True,3
305,13,,,False,2
305,14,,,False,3
305,15,,,True,2
305,16,,,False,3
305,17,,,True,3
305,18,,,True,4
305,19,,,False,5
305,20,,,True,2
305,21,,,False,3
305,22,,,True,2
305,23,,,False,4
305,24,,,True,3
305,25,,,True,4
305,26,,,False,4
305,27,,,True,2
305,28,,,False,3
305,29,,,False,4
305,30,,,True,3
305,31,,,False,3
305,32,,,True,4
305,33,,,False,3
305,34,,,True,2
305,35,,,False,3
305,36,,,True,4
305,37,,,False,3
305,38,,,True,3
306,2,,,False,4
306,3,,,True,4
306,4,,,False,3
306,5,,,False,3
306,6,,,True,2
306,7,,,False,5
306,8,,,True,3
306,9,,,False,2
306,10,,,True,3
306,11,,,False,3
306,12,,,True,3
306,13,,,False,2
306,14,,,False,3
306,15,,,True,2
306,16,,,False,3
306,17,,,True,3
306,18,,,True,4
306,19,,,False,5
306,20,,,True,2
306,21,,,False,3
306,22,,,True,2
306,23,,,False,4
306,24,,,True,3
306,25,,,True,4
306,26,,,False,4
306,27,,,True,2
306,28,,,False,3
306,29,,,False,4
306,30,,,True,3
306,31,,,False,3
306,32,,,True,4
306,33,,,False,3
306,34,,,True,2
306,35,,,False,3
306,36,,,True,4
306,37,,,False,3
306,38,,,True,3
307,2,,,False,4
307,3,,,True,4
307,4,,,False,3
307,5,,,False,3
307,6,,,True,2
307,7,,,False,5
307,8,,,True,3
307,9,,,False,2
307,10,,,True,3
307,11,,,False,3
307,12,,,True,3
307,13,,,False,2
307,14,,,False,3
307,15,,,True,2
307,16,,,False,3
307,17,,,True,3
307,18,,,True,4
307,19,,,False,5
307,20,,,True,2
307,21,,,False,3
307,22,,,True,2
307,23,,,False,4
307,24,,,True,3
307,25,,,True,4
307,26,,,False,4
307,27,,,True,2
307,28,,,False,3
307,29,,,False,4
307,30,,,True,3
307,31,,,False,3
307,32,,,True,4
307,33,,,False,3
307,34,,,True,2
307,35,,,False,3
307,36,,,True,4
307,37,,,False,3
307,38,,,True,3
308,2,,,False,4
308,3,,,True,4
308,4,,,False,3
308,5,,,False,3
308,6,,,True,2
308,7,,,False,5
308,8,,,True,3
308,9,,,False,2
308,10,,,True,3
308,11,,,False,3
308,12,,,True,3
308,13,,,False,2
308,14,,,False,3
308,15,,,True,2
308,16,,,False,3
308,17,,,True,3
308,18,,,True,4
308,19,,,False,5
308,20,,,True,2
308,21,,,False,3
308,22,,,True,2
308,23,,,False,4
308,24,,,True,3
308,25,,,True,4
308,26,,,False,4
308,27,,,True,2
308,28,,,False,3
308,29,,,False,4
308,30,,,True,3
308,31,,,False,3
308,32,,,True,4
308,33,,,False,3
308,34,,,True,2
308,35,,,False,3
308,36,,,True,4
308,37,,,False,3
308,38,,,True,3
309,2,,,False,4
309,3,,,True,4
309,4,,,False,3
309,5,,,False,3
309,6,,,True,2
309,7,,,False,5
309,8,,,True,3
309,9,,,False,2
309,10,,,True,3
309,11,,,False,3
309,12,,,True,3
309,13,,,False,2
309,14,,,False,3
309,15,,,True,2
309,16,,,False,3
309,17,,,True,3
309,18,,,True,4
309,19,,,False,5
309,20,,,True,2
309,21,,,False,3
309,22,,,True,2
309,23,,,False,4
309,24,,,True,3
309,25,,,True,4
309,26,,,False,4
309,27,,,True,2
309,28,,,False,3
309,29,,,False,4
309,30,,,True,3
309,31,,,False,3
309,32,,,True,4
309,33,,,False,3
309,34,,,True,2
309,35,,,False,3
309,36,,,True,4
309,37,,,False,3
309,38,,,True,3
310,2,,,False,4
310,3,,,True,4
310,4,,,False,3
310,5,,,False,3
310,6,,,True,2
310,7,,,False,5
310,8,,,True,3
310,9,,,False,2
310,10,,,True,3
310,11,,,False,3
310,12,,,True,3
310,13,,,False,2
310,14,,,False,3
310,15,,,True,2
310,16,,,False,3
310,17,,,True,3
310,18,,,True,4
310,19,,,False,5
310,20,,,True,2
310,21,,,False,3
310,22,,,True,2
310,23,,,False,4
310,24,,,True,3
310,25,,,True,4
310,26,,,False,4
310,27,,,True,2
310,28,,,False,3
310,29,,,False,4
310,30,,,True,3
310,31,,,False,3
310,32,,,True,4
310,33,,,False,3
310,34,,,True,2
310,35,,,False,3
310,36,,,True,4
310,37,,,False,3
310,38,,,True,3
311,2,,,False,4
311,3,,,True,4
311,4,,,False,3
311,5,,,False,3
311,6,,,True,2
311,7,,,False,5
311,8,,,True,3
311,9,,,False,2
311,10,,,True,3
311,11,,,False,3
311,12,,,True,3
311,13,,,False,2
311,14,,,False,3
311,15,,,True,2
311,16,,,False,3
311,17,,,True,3
311,18,,,True,4
311,19,,,False,5
311,20,,,True,2
311,21,,,False,3
311,22,,,True,2
311,23,,,False,4
311,24,,,True,3
311,25,,,True,4
311,26,,,False,4
311,27,,,True,2
311,28,,,False,3
311,29,,,False,4
311,30,,,True,3
311,31,,,False,3
311,32,,,True,4
311,33,,,False,3
311,34,,,True,2
311,35,,,False,3
311,36,,,True,4
311,37,,,False,3
311,38,,,True,3
312,2,,,False,4
312,3,,,True,4
312,4,,,False,3
312,5,,,False,3
312,6,,,True,2
312,7,,,False,5
312,8,,,True,3
312,9,,,False,2
312,10,,,True,3
312,11,,,False,3
312,12,,,True,3
312,13,,,False,2
312,14,,,False,3
312,15,,,True,2
312,16,,,False,3
312,17,,,True,3
312,18,,,True,4
312,19,,,False,5
312,20,,,True,2
312,21,,,False,3
312,22,,,True,2
312,23,,,False,4
312,24,,,True,3
312,25,,,True,4
312,26,,,False,4
312,27,,,True,2
312,28,,,False,3
312,29,,,False,4
312,30,,,True,3
312,31,,,False,3
312,32,,,True,4
312,33,,,False,3
312,34,,,True,2
312,35,,,False,3
312,36,,,True,4
312,37,,,False,3
312,38,,,True,3
313,2,,,False,4
313,3,,,True,4
313,4,,,False,3
313,5,,,False,3
313,6,,,True,2
313,7,,,False,5
313,8,,,True,3
313,9,,,False,2
313,10,,,True,3
313,11,,,False,3
313,12,,,True,3
313,13,,,False,2
313,14,,,False,3
313,15,,,True,2
313,16,,,False,3
313,17,,,True,3
313,18,,,True,4
313,19,,,False,5
313,20,,,True,2
313,21,,,False,3
313,22,,,True,2
313,23,,,False,4
313,24,,,True,3
313,25,,,True,4
313,26,,,False,4
313,27,,,True,2
313,28,,,False,3
313,29,,,False,4
313,30,,,True,3
313,31,,,False,3
313,32,,,True,4
313,33,,,False,3
313,34,,,True,2
313,35,,,False,3
313,36,,,True,4
313,37,,,False,3
313,38,,,True,3
314,2,,,False,4
314,3,,,True,4
314,4,,,False,3
314,5,,,False,3
314,6,,,True,2
314,7,,,False,5
314,8,,,True,3
314,9,,,False,2
314,10,,,True,3
314,11,,,False,3
314,12,,,True,3
314,13,,,False,2
314,14,,,False,3
314,15,,,True,2
314,16,,,False,3
314,17,,,True,3
314,18,,,True,4
314,19,,,False,5
314,20,,,True,2
314,21,,,False,3
314,22,,,True,2
314,23,,,False,4
314,24,,,True,3
314,25,,,True,4
314,26,,,False,4
314,27,,,True,2
314,28,,,False,3
314,29,,,False,4
314,30,,,True,3
314,31,,,False,3
314,32,,,True,4
314,33,,,False,3
314,34,,,True,2
314,35,,,False,3
314,36,,,True,4
314,37,,,False,3
314,38,,,True,3
315,2,,,False,4
315,3,,,True,4
315,4,,,False,3
315,5,,,False,3
315,6,,,True,2
315,7,,,False,5
315,8,,,True,3
315,9,,,False,2
315,10,,,True,3
315,11,,,False,3
315,12,,,True,3
315,13,,,False,2
315,14,,,False,3
315,15,,,True,2
315,16,,,False,3
315,17,,,True,3
315,18,,,True,4
315,19,,,False,5
315,20,,,True,2
315,21,,,False,3
315,22,,,True,2
315,23,,,False,4
315,24,,,True,3
315,25,,,True,4
315,26,,,False,4
315,27,,,True,2
315,28,,,False,3
315,29,,,False,4
315,30,,,True,3
315,31,,,False,3
315,32,,,True,4
315,33,,,False,3
315,34,,,True,2
315,35,,,False,3
315,36,,,True,4
315,37,,,False,3
315,38,,,True,3
316,2,,,False,4
316,3,,,True,4
316,4,,,False,3
316,5,,,False,3
316,6,,,True,2
316,7,,,False,5
316,8,,,True,3
316,9,,,False,2
316,10,,,True,3
316,11,,,False,3
316,12,,,True,3
316,13,,,False,2
316,14,,,False,3
316,15,,,True,2
316,16,,,False,3
316,17,,,True,3
316,18,,,True,4
316,19,,,False,5
316,20,,,True,2
316,21,,,False,3
316,22,,,True,2
316,23,,,False,4
316,24,,,True,3
316,25,,,True,4
316,26,,,False,4
316,27,,,True,2
316,28,,,False,3
316,29,,,False,4
316,30,,,True,3
316,31,,,False,3
316,32,,,True,4
316,33,,,False,3
316,34,,,True,2
316,35,,,False,3
316,36,,,True,4
316,37,,,False,3
316,38,,,True,3
317,2,,,False,4
317,3,,,True,4
317,4,,,False,3
317,5,,,False,3
317,6,,,True,2
317,7,,,False,5
317,8,,,True,3
317,9,,,False,2
317,10,,,True,3
317,11,,,False,3
317,12,,,True,3
317,13,,,False,2
317,14,,,False,3
317,15,,,True,2
317,16,,,False,3
317,17,,,True,3
317,18,,,True,4
317,19,,,False,5
317,20,,,True,2
317,21,,,False,3
317,22,,,True,2
317,23,,,False,4
317,24,,,True,3
317,25,,,True,4
317,26,,,False,4
317,27,,,True,2
317,28,,,False,3
317,29,,,False,4
317,30,,,True,3
317,31,,,False,3
317,32,,,True,4
317,33,,,False,3
317,34,,,True,2
317,35,,,False,3
317,36,,,True,4
317,37,,,False,3
317,38,,,True,3
318,2,,,False,4
318,3,,,True,4
318,4,,,False,3
318,5,,,False,3
318,6,,,True,2
318,7,,,False,5
318,8,,,True,3
318,9,,,False,2
318,10,,,True,3
318,11,,,False,3
318,12,,,True,3
318,13,,,False,2
318,14,,,False,3
318,15,,,True,2
318,16,,,False,3
318,17,,,True,3
318,18,,,True,4
318,19,,,False,5
318,20,,,True,2
318,21,,,False,3
318,22,,,True,2
318,23,,,False,4
318,24,,,True,3
318,25,,,True,4
318,26,,,False,4
318,27,,,True,2
318,28,,,False,3
318,29,,,False,4
318,30,,,True,3
318,31,,,False,3
318,32,,,True,4
318,33,,,False,3
318,34,,,True,2
318,35,,,False,3
318,36,,,True,4
318,37,,,False,3
318,38,,,True,3
319,2,,,False,4
319,3,,,True,4
319,4,,,False,3
319,5,,,False,3
319,6,,,True,2
319,7,,,False,5
319,8,,,True,3
319,9,,,False,2
319,10,,,True,3
319,11,,,False,3
319,12,,,True,3
319,13,,,False,2
319,14,,,False,3
319,15,,,True,2
319,16,,,False,3
319,17,,,True,3
319,18,,,True,4
319,19,,,False,5
319,20,,,True,2
319,21,,,False,3
319,22,,,True,2
319,23,,,False,4
319,24,,,True,3
319,25,,,True,4
319,26,,,False,4
319,27,,,True,2
319,28,,,False,3
319,29,,,False,4
319,30,,,True,3
319,31,,,False,3
319,32,,,True,4
319,33,,,False,3
319,34,,,True,2
319,35,,,False,3
319,36,,,True,4
319,37,,,False,3
319,38,,,True,3
320,2,,,False,4
320,3,,,True,4
320,4,,,False,3
320,5,,,False,3
320,6,,,True,2
320,7,,,False,5
320,8,,,True,3
320,9,,,False,2
320,10,,,True,3
320,11,,,False,3
320,12,,,True,3
320,13,,,False,2
320,14,,,False,3
320,15,,,True,2
320,16,,,False,3
320,17,,,True,3
320,18,,,True,4
320,19,,,False,5
320,20,,,True,2
320,21,,,False,3
320,22,,,True,2
320,23,,,False,4
320,24,,,True,3
320,25,,,True,4
320,26,,,False,4
320,27,,,True,2
320,28,,,False,3
320,29,,,False,4
320,30,,,True,3
320,31,,,False,3
320,32,,,True,4
320,33,,,False,3
320,34,,,True,2
320,35,,,False,3
320,36,,,True,4
320,37,,,False,3
320,38,,,True,3
321,2,,,False,4
321,3,,,True,4
321,4,,,False,3
321,5,,,False,3
321,6,,,True,2
321,7,,,False,5
321,8,,,True,3
321,9,,,False,2
321,10,,,True,3
321,11,,,False,3
321,12,,,True,3
321,13,,,False,2
321,14,,,False,3
321,15,,,True,2
321,16,,,False,3
321,17,,,True,3
321,18,,,True,4
321,19,,,False,5
321,20,,,True,2
321,21,,,False,3
321,22,,,True,2
321,23,,,False,4
321,24,,,True,3
321,25,,,True,4
321,26,,,False,4
321,27,,,True,2
321,28,,,False,3
321,29,,,False,4
321,30,,,True,3
321,31,,,False,3
321,32,,,True,4
321,33,,,False,3
321,34,,,True,2
321,35,,,False,3
321,36,,,True,4
321,37,,,False,3
321,38,,,True,3
322,2,,,False,4
322,3,,,True,4
322,4,,,False,3
322,5,,,False,3
322,6,,,True,2
322,7,,,False,5
322,8,,,True,3
322,9,,,False,2
322,10,,,True,3
322,11,,,False,3
322,12,,,True,3
322,13,,,False,2
322,14,,,False,3
322,15,,,True,2
322,16,,,False,3
322,17,,,True,3
322,18,,,True,4
322,19,,,False,5
322,20,,,True,2
322,21,,,False,3
322,22,,,True,2
322,23,,,False,4
322,24,,,True,3
322,25,,,True,4
322,26,,,False,4
322,27,,,True,2
322,28,,,False,3
322,29,,,False,4
322,30,,,True,3
322,31,,,False,3
322,32,,,True,4
322,33,,,False,3
322,34,,,True,2
322,35,,,False,3
322,36,,,True,4
322,37,,,False,3
322,38,,,True,3
323,2,,,False,4
323,3,,,True,4
323,4,,,False,3
323,5,,,False,3
323,6,,,True,2
323,7,,,False,5
323,8,,,True,3
323,9,,,False,2
323,10,,,True,3
323,11,,,False,3
323,12,,,True,3
323,13,,,False,2
323,14,,,False,3
323,15,,,True,2
323,16,,,False,3
323,17,,,True,3
323,18,,,True,4
323,19,,,False,5
323,20,,,True,2
323,21,,,False,3
323,22,,,True,2
323,23,,,False,4
323,24,,,True,3
323,25,,,True,4
323,26,,,False,4
323,27,,,True,2
323,28,,,False,3
323,29,,,False,4
323,30,,,True,3
323,31,,,False,3
323,32,,,True,4
323,33,,,False,3
323,34,,,True,2
323,35,,,False,3
323,36,,,True,4
323,37,,,False,3
323,38,,,True,3
324,2,,,False,4
324,3,,,True,4
324,4,,,False,3
324,5,,,False,3
324,6,,,True,2
324,7,,,False,5
324,8,,,True,3
324,9,,,False,2
324,10,,,True,3
324,11,,,False,3
324,12,,,True,3
324,13,,,False,2
324,14,,,False,3
324,15,,,True,2
324,16,,,False,3
324,17,,,True,3
324,18,,,True,4
324,19,,,False,5
324,20,,,True,2
324,21,,,False,3
324,22,,,True,2
324,23,,,False,4
324,24,,,True,3
324,25,,,True,4
324,26,,,False,4
324,27,,,True,2
324,28,,,False,3
324,29,,,False,4
324,30,,,True,3
324,31,,,False,3
324,32,,,True,4
324,33,,,False,3
324,34,,,True,2
324,35,,,False,3
324,36,,,True,4
324,37,,,False,3
324,38,,,True,3
554,2,,,False,4
554,3,,,True,4
554,4,,,False,3
554,5,,,False,3
554,6,,,True,2
554,7,,,False,5
554,8,,,True,3
554,9,,,False,2
554,10,,,True,3
554,11,,,False,3
554,12,,,True,3
554,13,,,False,2
554,14,,,False,3
554,15,,,True,2
554,16,,,False,3
554,17,,,True,3
554,18,,,True,4
554,19,,,False,5
554,20,,,True,2
554,21,,,False,3
554,22,,,True,2
554,23,,,False,4
554,24,,,True,3
554,25,,,True,4
554,26,,,False,4
554,27,,,True,2
554,28,,,False,3
554,29,,,False,4
554,30,,,True,3
554,31,,,False,3
554,32,,,True,4
554,33,,,False,3
554,34,,,True,2
554,35,,,False,3
554,36,,,True,4
554,37,,,False,3
554,38,,,True,3
562,2,,,False,4
562,3,,,True,4
562,4,,,False,3
562,5,,,False,3
562,6,,,True,2
562,7,,,False,5
562,8,,,True,3
562,9,,,False,2
562,10,,,True,3
562,11,,,False,3
562,12,,,True,3
562,13,,,False,2
562,14,,,False,3
562,15,,,True,2
562,16,,,False,3
562,17,,,True,3
562,18,,,True,4
562,19,,,False,5
562,20,,,True,2
562,21,,,False,3
562,22,,,True,2
562,23,,,False,4
562,24,,,True,3
562,25,,,True,4
562,26,,,False,4
562,27,,,True,2
562,28,,,False,3
562,29,,,False,4
562,30,,,True,3
562,31,,,False,3
562,32,,,True,4
562,33,,,False,3
562,34,,,True,2
562,35,,,False,3
562,36,,,True,4
562,37,,,False,3
562,38,,,True,3
564,2,,,False,4
564,3,,,True,4
564,4,,,False,3
564,5,,,False,3
564,6,,,True,2
564,7,,,False,5
564,8,,,True,3
564,9,,,False,2
564,10,,,True,3
564,11,,,False,3
564,12,,,True,3
564,13,,,False,2
564,14,,,False,3
564,15,,,True,2
564,16,,,False,3
564,17,,,True,3
564,18,,,True,4
564,19,,,False,5
564,20,,,True,2
564,21,,,False,3
564,22,,,True,2
564,23,,,False,4
564,24,,,True,3
564,25,,,True,4
564,26,,,False,4
564,27,,,True,2
564,28,,,False,3
564,29,,,False,4
564,30,,,True,3
564,31,,,False,3
564,32,,,True,4
564,33,,,False,3
564,34,,,True,2
564,35,,,False,3
564,36,,,True,4
564,37,,,False,3
564,38,,,True,3
571,2,,,False,4
571,3,,,True,4
571,4,,,False,3
571,5,,,False,3
571,6,,,True,2
571,7,,,False,5
571,8,,,True,3
571,9,,,False,2
571,10,,,True,3
571,11,,,False,3
571,12,,,True,3
571,13,,,False,2
571,14,,,False,3
571,15,,,True,2
571,16,,,False,3
571,17,,,True,3
571,18,,,True,4
571,19,,,False,5
571,20,,,True,2
571,21,,,False,3
571,22,,,True,2
571,23,,,False,4
571,24,,,True,3
571,25,,,True,4
571,26,,,False,4
571,27,,,True,2
571,28,,,False,3
571,29,,,False,4
571,30,,,True,3
571,31,,,False,3
571,32,,,True,4
571,33,,,False,3
571,34,,,True,2
571,35,,,False,3
571,36,,,True,4
571,37,,,False,3
571,38,,,True,3
591,2,,,False,4
591,3,,,True,4
591,4,,,False,3
591,5,,,False,3
591,6,,,True,2
591,7,,,False,5
591,8,,,True,3
591,9,,,False,2
591,10,,,True,3
591,11,,,False,3
591,12,,,True,3
591,13,,,False,2
591,14,,,False,3
591,15,,,True,2
591,16,,,False,3
591,17,,,True,3
591,18,,,True,4
591,19,,,False,5
591,20,,,True,2
591,21,,,False,3
591,22,,,True,2
591,23,,,False,4
591,24,,,True,3
591,25,,,True,4
591,26,,,False,4
591,27,,,True,2
591,28,,,False,3
591,29,,,False,4
591,30,,,True,3
591,31,,,False,3
591,32,,,True,4
591,33,,,False,3
591,34,,,True,2
591,35,,,False,3
591,36,,,True,4
591,37,,,False,3
591,38,,,True,3
592,2,,,False,4
592,3,,,True,4
592,4,,,False,3
592,5,,,False,3
592,6,,,True,2
592,7,,,False,5
592,8,,,True,3
592,9,,,False,2
592,10,,,True,3
592,11,,,False,3
592,12,,,True,3
592,13,,,False,2
592,14,,,False,3
592,15,,,True,2
592,16,,,False,3
592,17,,,True,3
592,18,,,True,4
592,19,,,False,5
592,20,,,True,2
592,21,,,False,3
592,22,,,True,2
592,23,,,False,4
592,24,,,True,3
592,25,,,True,4
592,26,,,False,4
592,27,,,True,2
592,28,,,False,3
592,29,,,False,4
592,30,,,True,3
592,31,,,False,3
592,32,,,True,4
592,33,,,False,3
592,34,,,True,2
592,35,,,False,3
592,36,,,True,4
592,37,,,False,3
592,38,,,True,3
602,2,,,False,4
602,3,,,True,4
602,4,,,False,3
602,5,,,False,3
602,6,,,True,2
602,7,,,False,5
602,8,,,True,3
602,9,,,False,2
602,10,,,True,3
602,11,,,False,3
602,12,,,True,3
602,13,,,False,2
602,14,,,False,3
602,15,,,True,2
602,16,,,False,3
602,17,,,True,3
602,18,,,True,4
602,19,,,False,5
602,20,,,True,2
602,21,,,False,3
602,22,,,True,2
602,23,,,False,4
602,24,,,True,3
602,25,,,True,4
602,26,,,False,4
602,27,,,True,2
602,28,,,False,3
602,29,,,False,4
602,30,,,True,3
602,31,,,False,3
602,32,,,True,4
602,33,,,False,3
602,34,,,True,2
602,35,,,False,3
602,36,,,True,4
602,37,,,False,3
602,38,,,True,3
619,2,,,False,4
619,3,,,True,4
619,4,,,False,3
619,5,,,False,3
619,6,,,True,2
619,7,,,False,5
619,8,,,True,3
619,9,,,False,2
619,10,,,True,3
619,11,,,False,3
619,12,,,True,3
619,13,,,False,2
619,14,,,False,3
619,15,,,True,2
619,16,,,False,3
619,17,,,True,3
619,18,,,True,4
619,19,,,False,5
619,20,,,True,2
619,21,,,False,3
619,22,,,True,2
619,23,,,False,4
619,24,,,True,3
619,25,,,True,4
619,26,,,False,4
619,27,,,True,2
619,28,,,False,3
619,29,,,False,4
619,30,,,True,3
619,31,,,False,3
619,32,,,True,4
619,33,,,False,3
619,34,,,True,2
619,35,,,False,3
619,36,,,True,4
619,37,,,False,3
619,38,,,True,3
260,2,,,True,3
260,3,,,False,3
260,4,,,True,2
260,5,,,True,3
260,6,,,False,5
260,7,,,True,4
260,8,,,False,3
260,9,,,False,3
260,10,,,True,3
260,11,,,False,4
260,12,,,True,2
260,13,,,False,5
260,14,,,True,2
260,15,,,False,4
260,16,,,True,2
260,17,,,False,4
260,18,,,False,2
260,19,,,True,3
260,20,,,True,4
260,21,,,False,3
260,22,,,True,4
260,23,,,False,2
260,24,,,True,3
260,25,,,False,3
260,26,,,True,3
260,27,,,False,3
260,28,,,True,2
260,29,,,True,2
260,30,,,False,3
260,31,,,True,3
260,32,,,False,3
260,33,,,True,4
260,34,,,False,2
260,35,,,True,4
260,36,,,False,4
260,37,,,True,2
260,38,,,False,3
326,2,,,True,3
326,3,,,False,3
326,4,,,True,2
326,5,,,True,3
326,6,,,False,5
326,7,,,True,4
326,8,,,False,3
326,9,,,False,3
326,10,,,True,3
326,11,,,False,4
326,12,,,True,2
326,13,,,False,5
326,14,,,True,2
326,15,,,False,4
326,16,,,True,2
326,17,,,False,4
326,18,,,False,2
326,19,,,True,3
326,20,,,True,4
326,21,,,False,3
326,22,,,True,4
326,23,,,False,2
326,24,,,True,3
326,25,,,False,3
326,26,,,True,3
326,27,,,False,3
326,28,,,True,2
326,29,,,True,2
326,30,,,False,3
326,31,,,True,3
326,32,,,False,3
326,33,,,True,4
326,34,,,False,2
326,35,,,True,4
326,36,,,False,4
326,37,,,True,2
326,38,,,False,3
327,2,,,True,3
327,3,,,False,3
327,4,,,True,2
327,5,,,True,3
327,6,,,False,5
327,7,,,True,4
327,8,,,False,3
327,9,,,False,3
327,10,,,True,3
327,11,,,False,4
327,12,,,True,2
327,13,,,False,5
327,14,,,True,2
327,15,,,False,4
327,16,,,True,2
327,17,,,False,4
327,18,,,False,2
327,19,,,True,3
327,20,,,True,4
327,21,,,False,3
327,22,,,True,4
327,23,,,False,2
327,24,,,True,3
327,25,,,False,3
327,26,,,True,3
327,27,,,False,3
327,28,,,True,2
327,29,,,True,2
327,30,,,False,3
327,31,,,True,3
327,32,,,False,3
327,33,,,True,4
327,34,,,False,2
327,35,,,True,4
327,36,,,False,4
327,37,,,True,2
327,38,,,False,3
329,2,,,True,3
329,3,,,False,3
329,4,,,True,2
329,5,,,True,3
329,6,,,False,5
329,7,,,True,4
329,8,,,False,3
329,9,,,False,3
329,10,,,True,3
329,11,,,False,4
329,12,,,True,2
329,13,,,False,5
329,14,,,True,2
329,15,,,False,4
329,16,,,True,2
329,17,,,False,4
329,18,,,False,2
329,19,,,True,3
329,20,,,True,4
329,21,,,False,3
329,22,,,True,4
329,23,,,False,2
329,24,,,True,3
329,25,,,False,3
329,26,,,True,3
329,27,,,False,3
329,28,,,True,2
329,29,,,True,2
329,30,,,False,3
329,31,,,True,3
329,32,,,False,3
329,33,,,True,4
329,34,,,False,2
329,35,,,True,4
329,36,,,False,4
329,37,,,True,2
329,38,,,False,3
330,2,,,True,3
330,3,,,False,3
330,4,,,True,2
330,5,,,True,3
330,6,,,False,5
330,7,,,True,4
330,8,,,False,3
330,9,,,False,3
330,10,,,True,3
330,11,,,False,4
330,12,,,True,2
330,13,,,False,5
330,14,,,True,2
330,15,,,False,4
330,16,,,True,2
330,17,,,False,4
330,18,,,False,2
330,19,,,True,3
330,20,,,True,4
330,21,,,False,3
330,22,,,True,4
330,23,,,False,2
330,24,,,True,3
330,25,,,False,3
330,26,,,True,3
330,27,,,False,3
330,28,,,True,2
330,29,,,True,2
330,30,,,False,3
330,31,,,True,3
330,32,,,False,3
330,33,,,True,4
330,34,,,False,2
330,35,,,True,4
330,36,,,False,4
330,37,,,True,2
330,38,,,False,3
331,2,,,True,3
331,3,,,False,3
331,4,,,True,2
331,5,,,True,3
331,6,,,False,5
331,7,,,True,4
331,8,,,False,3
331,9,,,False,3
331,10,,,True,3
331,11,,,False,4
331,12,,,True,2
331,13,,,False,5
331,14,,,True,2
331,15,,,False,4
331,16,,,True,2
331,17,,,False,4
331,18,,,False,2
331,19,,,True,3
331,20,,,True,4
331,21,,,False,3
331,22,,,True,4
331,23,,,False,2
331,24,,,True,3
331,25,,,False,3
331,26,,,True,3
331,27,,,False,3
331,28,,,True,2
331,29,,,True,2
331,30,,,False,3
331,31,,,True,3
331,32,,,False,3
331,33,,,True,4
331,34,,,False,2
331,35,,,True,4
331,36,,,False,4
331,37,,,True,2
331,38,,,False,3
332,2,,,True,3
332,3,,,False,3
332,4,,,True,2
332,5,,,True,3
332,6,,,False,5
332,7,,,True,4
332,8,,,False,3
332,9,,,False,3
332,10,,,True,3
332,11,,,False,4
332,12,,,True,2
332,13,,,False,5
332,14,,,True,2
332,15,,,False,4
332,16,,,True,2
332,17,,,False,4
332,18,,,False,2
332,19,,,True,3
332,20,,,True,4
332,21,,,False,3
332,22,,,True,4
332,23,,,False,2
332,24,,,True,3
332,25,,,False,3
332,26,,,True,3
332,27,,,False,3
332,28,,,True,2
332,29,,,True,2
332,30,,,False,3
332,31,,,True,3
332,32,,,False,3
332,33,,,True,4
332,34,,,False,2
332,35,,,True,4
332,36,,,False,4
332,37,,,True,2
332,38,,,False,3
333,2,,,True,3
333,3,,,False,3
333,4,,,True,2
333,5,,,True,3
333,6,,,False,5
333,7,,,True,4
333,8,,,False,3
333,9,,,False,3
333,10,,,True,3
333,11,,,False,4
333,12,,,True,2
333,13,,,False,5
333,14,,,True,2
333,15,,,False,4
333,16,,,True,2
333,17,,,False,4
333,18,,,False,2
333,19,,,True,3
333,20,,,True,4
333,21,,,False,3
333,22,,,True,4
333,23,,,False,2
333,24,,,True,3
333,25,,,False,3
333,26,,,True,3
333,27,,,False,3
333,28,,,True,2
333,29,,,True,2
333,30,,,False,3
333,31,,,True,3
333,32,,,False,3
333,33,,,True,4
333,34,,,False,2
333,35,,,True,4
333,36,,,False,4
333,37,,,True,2
333,38,,,False,3
334,2,,,True,3
334,3,,,False,3
334,4,,,True,2
334,5,,,True,3
334,6,,,False,5
334,7,,,True,4
334,8,,,False,3
334,9,,,False,3
334,10,,,True,3
334,11,,,False,4
334,12,,,True,2
334,13,,,False,5
334,14,,,True,2
334,15,,,False,4
334,16,,,True,2
334,17,,,False,4
334,18,,,False,2
334,19,,,True,3
334,20,,,True,4
334,21,,,False,3
334,22,,,True,4
334,23,,,False,2
334,24,,,True,3
334,25,,,False,3
334,26,,,True,3
334,27,,,False,3
334,28,,,True,2
334,29,,,True,2
334,30,,,False,3
334,31,,,True,3
334,32,,,False,3
334,33,,,True,4
334,34,,,False,2
334,35,,,True,4
334,36,,,False,4
334,37,,,True,2
334,38,,,False,3
335,2,,,True,3
335,3,,,False,3
335,4,,,True,2
335,5,,,True,3
335,6,,,False,5
335,7,,,True,4
335,8,,,False,3
335,9,,,False,3
335,10,,,True,3
335,11,,,False,4
335,12,,,True,2
335,13,,,False,5
335,14,,,True,2
335,15,,,False,4
335,16,,,True,2
335,17,,,False,4
335,18,,,False,2
335,19,,,True,3
335,20,,,True,4
335,21,,,False,3
335,22,,,True,4
335,23,,,False,2
335,24,,,True,3
335,25,,,False,3
335,26,,,True,3
335,27,,,False,3
335,28,,,True,2
335,29,,,True,2
335,30,,,False,3
335,31,,,True,3
335,32,,,False,3
335,33,,,True,4
335,34,,,False,2
335,35,,,True,4
335,36,,,False,4
335,37,,,True,2
335,38,,,False,3
336,2,,,True,3
336,3,,,False,3
336,4,,,True,2
336,5,,,True,3
336,6,,,False,5
336,7,,,True,4
336,8,,,False,3
336,9,,,False,3
336,10,,,True,3
336,11,,,False,4
336,12,,,True,2
336,13,,,False,5
336,14,,,True,2
336,15,,,False,4
336,16,,,True,2
336,17,,,False,4
336,18,,,False,2
336,19,,,True,3
336,20,,,True,4
336,21,,,False,3
336,22,,,True,4
336,23,,,False,2
336,24,,,True,3
336,25,,,False,3
336,26,,,True,3
336,27,,,False,3
336,28,,,True,2
336,29,,,True,2
336,30,,,False,3
336,31,,,True,3
336,32,,,False,3
336,33,,,True,4
336,34,,,False,2
336,35,,,True,4
336,36,,,False,4
336,37,,,True,2
336,38,,,False,3
337,2,,,True,3
337,3,,,False,3
337,4,,,True,2
337,5,,,True,3
337,6,,,False,5
337,7,,,True,4
337,8,,,False,3
337,9,,,False,3
337,10,,,True,3
337,11,,,False,4
337,12,,,True,2
337,13,,,False,5
337,14,,,True,2
337,15,,,False,4
337,16,,,True,2
337,17,,,False,4
337,18,,,False,2
337,19,,,True,3
337,20,,,True,4
337,21,,,False,3
337,22,,,True,4
337,23,,,False,2
337,24,,,True,3
337,25,,,False,3
337,26,,,True,3
337,27,,,False,3
337,28,,,True,2
337,29,,,True,2
337,30,,,False,3
337,31,,,True,3
337,32,,,False,3
337,33,,,True,4
337,34,,,False,2
337,35,,,True,4
337,36,,,False,4
337,37,,,True,2
337,38,,,False,3
338,2,,,True,3
338,3,,,False,3
338,4,,,True,2
338,5,,,True,3
338,6,,,False,5
338,7,,,True,4
338,8,,,False,3
338,9,,,False,3
338,10,,,True,3
338,11,,,False,4
338,12,,,True,2
338,13,,,False,5
338,14,,,True,2
338,15,,,False,4
338,16,,,True,2
338,17,,,False,4
338,18,,,False,2
338,19,,,True,3
338,20,,,True,4
338,21,,,False,3
338,22,,,True,4
338,23,,,False,2
338,24,,,True,3
338,25,,,False,3
338,26,,,True,3
338,27,,,False,3
338,28,,,True,2
338,29,,,True,2
338,30,,,False,3
338,31,,,True,3
338,32,,,False,3
338,33,,,True,4
338,34,,,False,2
338,35,,,True,4
338,36,,,False,4
338,37,,,True,2
338,38,,,False,3
339,2,,,True,3
339,3,,,False,3
339,4,,,True,2
339,5,,,True,3
339,6,,,False,5
339,7,,,True,4
339,8,,,False,3
339,9,,,False,3
339,10,,,True,3
339,11,,,False,4
339,12,,,True,2
339,13,,,False,5
339,14,,,True,2
339,15,,,False,4
339,16,,,True,2
339,17,,,False,4
339,18,,,False,2
339,19,,,True,3
339,20,,,True,4
339,21,,,False,3
339,22,,,True,4
339,23,,,False,2
339,24,,,True,3
339,25,,,False,3
339,26,,,True,3
339,27,,,False,3
339,28,,,True,2
339,29,,,True,2
339,30,,,False,3
339,31,,,True,3
339,32,,,False,3
339,33,,,True,4
339,34,,,False,2
339,35,,,True,4
339,36,,,False,4
339,37,,,True,2
339,38,,,False,3
341,2,,,True,3
341,3,,,False,3
341,4,,,True,2
341,5,,,True,3
341,6,,,False,5
341,7,,,True,4
341,8,,,False,3
341,9,,,False,3
341,10,,,True,3
341,11,,,False,4
341,12,,,True,2
341,13,,,False,5
341,14,,,True,2
341,15,,,False,4
341,16,,,True,2
341,17,,,False,4
341,18,,,False,2
341,19,,,True,3
341,20,,,True,4
341,21,,,False,3
341,22,,,True,4
341,23,,,False,2
341,24,,,True,3
341,25,,,False,3
341,26,,,True,3
341,27,,,False,3
341,28,,,True,2
341,29,,,True,2
341,30,,,False,3
341,31,,,True,3
341,32,,,False,3
341,33,,,True,4
341,34,,,False,2
341,35,,,True,4
341,36,,,False,4
341,37,,,True,2
341,38,,,False,3
342,2,,,True,3
342,3,,,False,3
342,4,,,True,2
342,5,,,True,3
342,6,,,False,5
342,7,,,True,4
342,8,,,False,3
342,9,,,False,3
342,10,,,True,3
342,11,,,False,4
342,12,,,True,2
342,13,,,False,5
342,14,,,True,2
342,15,,,False,4
342,16,,,True,2
342,17,,,False,4
342,18,,,False,2
342,19,,,True,3
342,20,,,True,4
342,21,,,False,3
342,22,,,True,4
342,23,,,False,2
342,24,,,True,3
342,25,,,False,3
342,26,,,True,3
342,27,,,False,3
342,28,,,True,2
342,29,,,True,2
342,30,,,False,3
342,31,,,True,3
342,32,,,False,3
342,33,,,True,4
342,34,,,False,2
342,35,,,True,4
342,36,,,False,4
342,37,,,True,2
342,38,,,False,3
343,2,,,True,3
343,3,,,False,3
343,4,,,True,2
343,5,,,True,3
343,6,,,False,5
343,7,,,True,4
343,8,,,False,3
343,9,,,False,3
343,10,,,True,3
343,11,,,False,4
343,12,,,True,2
343,13,,,False,5
343,14,,,True,2
343,15,,,False,4
343,16,,,True,2
343,17,,,False,4
343,18,,,False,2
343,19,,,True,3
343,20,,,True,4
343,21,,,False,3
343,22,,,True,4
343,23,,,False,2
343,24,,,True,3
343,25,,,False,3
343,26,,,True,3
343,27,,,False,3
343,28,,,True,2
343,29,,,True,2
343,30,,,False,3
343,31,,,True,3
343,32,,,False,3
343,33,,,True,4
343,34,,,False,2
343,35,,,True,4
343,36,,,False,4
343,37,,,True,2
343,38,,,False,3
344,2,,,True,3
344,3,,,False,3
344,4,,,True,2
344,5,,,True,3
344,6,,,False,5
344,7,,,True,4
344,8,,,False,3
344,9,,,False,3
344,10,,,True,3
344,11,,,False,4
344,12,,,True,2
344,13,,,False,5
344,14,,,True,2
344,15,,,False,4
344,16,,,True,2
344,17,,,False,4
344,18,,,False,2
344,19,,,True,3
344,20,,,True,4
344,21,,,False,3
344,22,,,True,4
344,23,,,False,2
344,24,,,True,3
344,25,,,False,3
344,26,,,True,3
344,27,,,False,3
344,28,,,True,2
344,29,,,True,2
344,30,,,False,3
344,31,,,True,3
344,32,,,False,3
344,33,,,True,4
344,34,,,False,2
344,35,,,True,4
344,36,,,False,4
344,37,,,True,2
344,38,,,False,3
345,2,,,True,3
345,3,,,False,3
345,4,,,True,2
345,5,,,True,3
345,6,,,False,5
345,7,,,True,4
345,8,,,False,3
345,9,,,False,3
345,10,,,True,3
345,11,,,False,4
345,12,,,True,2
345,13,,,False,5
345,14,,,True,2
345,15,,,False,4
345,16,,,True,2
345,17,,,False,4
345,18,,,False,2
345,19,,,True,3
345,20,,,True,4
345,21,,,False,3
345,22,,,True,4
345,23,,,False,2
345,24,,,True,3
345,25,,,False,3
345,26,,,True,3
345,27,,,False,3
345,28,,,True,2
345,29,,,True,2
345,30,,,False,3
345,31,,,True,3
345,32,,,False,3
345,33,,,True,4
345,34,,,False,2
345,35,,,True,4
345,36,,,False,4
345,37,,,True,2
345,38,,,False,3
346,2,,,True,3
346,3,,,False,3
346,4,,,True,2
346,5,,,True,3
346,6,,,False,5
346,7,,,True,4
346,8,,,False,3
346,9,,,False,3
346,10,,,True,3
346,11,,,False,4
346,12,,,True,2
346,13,,,False,5
346,14,,,True,2
346,15,,,False,4
346,16,,,True,2
346,17,,,False,4
346,18,,,False,2
346,19,,,True,3
346,20,,,True,4
346,21,,,False,3
346,22,,,True,4
346,23,,,False,2
346,24,,,True,3
346,25,,,False,3
346,26,,,True,3
346,27,,,False,3
346,28,,,True,2
346,29,,,True,2
346,30,,,False,3
346,31,,,True,3
346,32,,,False,3
346,33,,,True,4
346,34,,,False,2
346,35,,,True,4
346,36,,,False,4
346,37,,,True,2
346,38,,,False,3
347,2,,,True,3
347,3,,,False,3
347,4,,,True,2
347,5,,,True,3
347,6,,,False,5
347,7,,,True,4
347,8,,,False,3
347,9,,,False,3
347,10,,,True,3
347,11,,,False,4
347,12,,,True,2
347,13,,,False,5
347,14,,,True,2
347,15,,,False,4
347,16,,,True,2
347,17,,,False,4
347,18,,,False,2
347,19,,,True,3
347,20,,,True,4
347,21,,,False,3
347,22,,,True,4
347,23,,,False,2
347,24,,,True,3
347,25,,,False,3
347,26,,,True,3
347,27,,,False,3
347,28,,,True,2
347,29,,,True,2
347,30,,,False,3
347,31,,,True,3
347,32,,,False,3
347,33,,,True,4
347,34,,,False,2
347,35,,,True,4
347,36,,,False,4
347,37,,,True,2
347,38,,,False,3
348,2,,,True,3
348,3,,,False,3
348,4,,,True,2
348,5,,,True,3
348,6,,,False,5
348,7,,,True,4
348,8,,,False,3
348,9,,,False,3
348,10,,,True,3
348,11,,,False,4
348,12,,,True,2
348,13,,,False,5
348,14,,,True,2
348,15,,,False,4
348,16,,,True,2
348,17,,,False,4
348,18,,,False,2
348,19,,,True,3
348,20,,,True,4
348,21,,,False,3
348,22,,,True,4
348,23,,,False,2
348,24,,,True,3
348,25,,,False,3
348,26,,,True,3
348,27,,,False,3
348,28,,,True,2
348,29,,,True,2
348,30,,,False,3
348,31,,,True,3
348,32,,,False,3
348,33,,,True,4
348,34,,,False,2
348,35,,,True,4
348,36,,,False,4
348,37,,,True,2
348,38,,,False,3
349,2,,,True,3
349,3,,,False,3
349,4,,,True,2
349,5,,,True,3
349,6,,,False,5
349,7,,,True,4
349,8,,,False,3
349,9,,,False,3
349,10,,,True,3
349,11,,,False,4
349,12,,,True,2
349,13,,,False,5
349,14,,,True,2
349,15,,,False,4
349,16,,,True,2
349,17,,,False,4
349,18,,,False,2
349,19,,,True,3
349,20,,,True,4
349,21,,,False,3
349,22,,,True,4
349,23,,,False,2
349,24,,,True,3
349,25,,,False,3
349,26,,,True,3
349,27,,,False,3
349,28,,,True,2
349,29,,,True,2
349,30,,,False,3
349,31,,,True,3
349,32,,,False,3
349,33,,,True,4
349,34,,,False,2
349,35,,,True,4
349,36,,,False,4
349,37,,,True,2
349,38,,,False,3
385,2,,,True,3
385,3,,,False,3
385,4,,,True,2
385,5,,,True,3
385,6,,,False,5
385,7,,,True,4
385,8,,,False,3
385,9,,,False,3
385,10,,,True,3
385,11,,,False,4
385,12,,,True,2
385,13,,,False,5
385,14,,,True,2
385,15,,,False,4
385,16,,,True,2
385,17,,,False,4
385,18,,,False,2
385,19,,,True,3
385,20,,,True,4
385,21,,,False,3
385,22,,,True,4
385,23,,,False,2
385,24,,,True,3
385,25,,,False,3
385,26,,,True,3
385,27,,,False,3
385,28,,,True,2
385,29,,,True,2
385,30,,,False,3
385,31,,,True,3
385,32,,,False,3
385,33,,,True,4
385,34,,,False,2
385,35,,,True,4
385,36,,,False,4
385,37,,,True,2
385,38,,,False,3
598,2,,,True,3
598,3,,,False,3
598,4,,,True,2
598,5,,,True,3
598,6,,,False,5
598,7,,,True,4
598,8,,,False,3
598,9,,,False,3
598,10,,,True,3
598,11,,,False,4
598,12,,,True,2
598,13,,,False,5
598,14,,,True,2
598,15,,,False,4
598,16,,,True,2
598,17,,,False,4
598,18,,,False,2
598,19,,,True,3
598,20,,,True,4
598,21,,,False,3
598,22,,,True,4
598,23,,,False,2
598,24,,,True,3
598,25,,,False,3
598,26,,,True,3
598,27,,,False,3
598,28,,,True,2
598,29,,,True,2
598,30,,,False,3
598,31,,,True,3
598,32,,,False,3
598,33,,,True,4
598,34,,,False,2
598,35,,,True,4
598,36,,,False,4
598,37,,,True,2
598,38,,,False,3
603,2,,,True,3
603,3,,,False,3
603,4,,,True,2
603,5,,,True,3
603,6,,,False,5
603,7,,,True,4
603,8,,,False,3
603,9,,,False,3
603,10,,,True,3
603,11,,,False,4
603,12,,,True,2
603,13,,,False,5
603,14,,,True,2
603,15,,,False,4
603,16,,,True,2
603,17,,,False,4
603,18,,,False,2
603,19,,,True,3
603,20,,,True,4
603,21,,,False,3
603,22,,,True,4
603,23,,,False,2
603,24,,,True,3
603,25,,,False,3
603,26,,,True,3
603,27,,,False,3
603,28,,,True,2
603,29,,,True,2
603,30,,,False,3
603,31,,,True,3
603,32,,,False,3
603,33,,,True,4
603,34,,,False,2
603,35,,,True,4
603,36,,,False,4
603,37,,,True,2
603,38,,,False,3
604,2,,,True,3
604,3,,,False,3
604,4,,,True,2
604,5,,,True,3
604,6,,,False,5
604,7,,,True,4
604,8,,,False,3
604,9,,,False,3
604,10,,,True,3
604,11,,,False,4
604,12,,,True,2
604,13,,,False,5
604,14,,,True,2
604,15,,,False,4
604,16,,,True,2
604,17,,,False,4
604,18,,,False,2
604,19,,,True,3
604,20,,,True,4
604,21,,,False,3
604,22,,,True,4
604,23,,,False,2
604,24,,,True,3
604,25,,,False,3
604,26,,,True,3
604,27,,,False,3
604,28,,,True,2
604,29,,,True,2
604,30,,,False,3
604,31,,,True,3
604,32,,,False,3
604,33,,,True,4
604,34,,,False,2
604,35,,,True,4
604,36,,,False,4
604,37,,,True,2
604,38,,,False,3
350,2,,,True,3
350,3,,,False,2
350,4,,,True,2
350,5,,,False,3
350,6,,,True,4
350,7,,,False,3
350,8,,,True,2
350,9,,,True,4
350,10,,,False,3
350,11,,,True,4
350,12,,,False,3
350,13,,,True,2
350,14,,,False,4
350,15,,,True,2
350,16,,,True,3
350,17,,,False,2
350,18,,,False,4
350,19,,,True,2
350,20,,,False,3
350,21,,,True,3
350,22,,,False,4
350,23,,,True,3
350,24,,,False,5
350,25,,,False,2
350,26,,,True,2
350,27,,,False,3
350,28,,,True,3
350,29,,,True,2
350,30,,,False,3
350,31,,,True,2
350,32,,,False,3
350,33,,,False,3
350,34,,,True,4
350,35,,,False,5
350,36,,,True,3
350,37,,,False,3
350,38,,,True,3
351,2,,,True,3
351,3,,,False,2
351,4,,,True,2
351,5,,,False,3
351,6,,,True,4
351,7,,,False,3
351,8,,,True,2
351,9,,,True,4
351,10,,,False,3
351,11,,,True,4
351,12,,,False,3
351,13,,,True,2
351,14,,,False,4
351,15,,,True,2
351,16,,,True,3
351,17,,,False,2
351,18,,,False,4
351,19,,,True,2
351,20,,,False,3
351,21,,,True,3
351,22,,,False,4
351,23,,,True,3
351,24,,,False,5
351,25,,,False,2
351,26,,,True,2
351,27,,,False,3
351,28,,,True,3
351,29,,,True,2
351,30,,,False,3
351,31,,,True,2
351,32,,,False,3
351,33,,,False,3
351,34,,,True,4
351,35,,,False,5
351,36,,,True,3
351,37,,,False,3
351,38,,,True,3
352,2,,,True,3
352,3,,,False,2
352,4,,,True,2
352,5,,,False,3
352,6,,,True,4
352,7,,,False,3
352,8,,,True,2
352,9,,,True,4
352,10,,,False,3
352,11,,,True,4
352,12,,,False,3
352,13,,,True,2
352,14,,,False,4
352,15,,,True,2
352,16,,,True,3
352,17,,,False,2
352,18,,,False,4
352,19,,,True,2
352,20,,,False,3
352,21,,,True,3
352,22,,,False,4
352,23,,,True,3
352,24,,,False,5
352,25,,,False,2
352,26,,,True,2
352,27,,,False,3
352,28,,,True,3
352,29,,,True,2
352,30,,,False,3
352,31,,,True,2
352,32,,,False,3
352,33,,,False,3
352,34,,,True,4
352,35,,,False,5
352,36,,,True,3
352,37,,,False,3
352,38,,,True,3
353,2,,,True,3
353,3,,,False,2
353,4,,,True,2
353,5,,,False,3
353,6,,,True,4
353,7,,,False,3
353,8,,,True,2
353,9,,,True,4
353,10,,,False,3
353,11,,,True,4
353,12,,,False,3
353,13,,,True,2
353,14,,,False,4
353,15,,,True,2
353,16,,,True,3
353,17,,,False,2
353,18,,,False,4
353,19,,,True,2
353,20,,,False,3
353,21,,,True,3
353,22,,,False,4
353,23,,,True,3
353,24,,,False,5
353,25,,,False,2
353,26,,,True,2
353,27,,,False,3
353,28,,,True,3
353,29,,,True,2
353,30,,,False,3
353,31,,,True,2
353,32,,,False,3
353,33,,,False,3
353,34,,,True,4
353,35,,,False,5
353,36,,,True,3
353,37,,,False,3
353,38,,,True,3
354,2,,,True,3
354,3,,,False,2
354,4,,,True,2
354,5,,,False,3
354,6,,,True,4
354,7,,,False,3
354,8,,,True,2
354,9,,,True,4
354,10,,,False,3
354,11,,,True,4
354,12,,,False,3
354,13,,,True,2
354,14,,,False,4
354,15,,,True,2
354,16,,,True,3
354,17,,,False,2
354,18,,,False,4
354,19,,,True,2
354,20,,,False,3
354,21,,,True,3
354,22,,,False,4
354,23,,,True,3
354,24,,,False,5
354,25,,,False,2
354,26,,,True,2
354,27,,,False,3
354,28,,,True,3
354,29,,,True,2
354,30,,,False,3
354,31,,,True,2
354,32,,,False,3
354,33,,,False,3
354,34,,,True,4
354,35,,,False,5
354,36,,,True,3
354,37,,,False,3
354,38,,,True,3
355,2,,,True,3
355,3,,,False,2
355,4,,,True,2
355,5,,,False,3
355,6,,,True,4
355,7,,,False,3
355,8,,,True,2
355,9,,,True,4
355,10,,,False,3
355,11,,,True,4
355,12,,,False,3
355,13,,,True,2
355,14,,,False,4
355,15,,,True,2
355,16,,,True,3
355,17,,,False,2
355,18,,,False,4
355,19,,,True,2
355,20,,,False,3
355,21,,,True,3
355,22,,,False,4
355,23,,,True,3
355,24,,,False,5
355,25,,,False,2
355,26,,,True,2
355,27,,,False,3
355,28,,,True,3
355,29,,,True,2
355,30,,,False,3
355,31,,,True,2
355,32,,,False,3
355,33,,,False,3
355,34,,,True,4
355,35,,,False,5
355,36,,,True,3
355,37,,,False,3
355,38,,,True,3
356,2,,,True,3
356,3,,,False,2
356,4,,,True,2
356,5,,,False,3
356,6,,,True,4
356,7,,,False,3
356,8,,,True,2
356,9,,,True,4
356,10,,,False,3
356,11,,,True,4
356,12,,,False,3
356,13,,,True,2
356,14,,,False,4
356,15,,,True,2
356,16,,,True,3
356,17,,,False,2
356,18,,,False,4
356,19,,,True,2
356,20,,,False,3
356,21,,,True,3
356,22,,,False,4
356,23,,,True,3
356,24,,,False,5
356,25,,,False,2
356,26,,,True,2
356,27,,,False,3
356,28,,,True,3
356,29,,,True,2
356,30,,,False,3
356,31,,,True,2
356,32,,,False,3
356,33,,,False,3
356,34,,,True,4
356,35,,,False,5
356,36,,,True,3
356,37,,,False,3
356,38,,,True,3
357,2,,,True,3
357,3,,,False,2
357,4,,,True,2
357,5,,,False,3
357,6,,,True,4
357,7,,,False,3
357,8,,,True,2
357,9,,,True,4
357,10,,,False,3
357,11,,,True,4
357,12,,,False,3
357,13,,,True,2
357,14,,,False,4
357,15,,,True,2
357,16,,,True,3
357,17,,,False,2
357,18,,,False,4
357,19,,,True,2
357,20,,,False,3
357,21,,,True,3
357,22,,,False,4
357,23,,,True,3
357,24,,,False,5
357,25,,,False,2
357,26,,,True,2
357,27,,,False,3
357,28,,,True,3
357,29,,,True,2
357,30,,,False,3
357,31,,,True,2
357,32,,,False,3
357,33,,,False,3
357,34,,,True,4
357,35,,,False,5
357,36,,,True,3
357,37,,,False,3
357,38,,,True,3
358,2,,,True,3
358,3,,,False,2
358,4,,,True,2
358,5,,,False,3
358,6,,,True,4
358,7,,,False,3
358,8,,,True,2
358,9,,,True,4
358,10,,,False,3
358,11,,,True,4
358,12,,,False,3
358,13,,,True,2
358,14,,,False,4
358,15,,,True,2
358,16,,,True,3
358,17,,,False,2
358,18,,,False,4
358,19,,,True,2
358,20,,,False,3
358,21,,,True,3
358,22,,,False,4
358,23,,,True,3
358,24,,,False,5
358,25,,,False,2
358,26,,,True,2
358,27,,,False,3
358,28,,,True,3
358,29,,,True,2
358,30,,,False,3
358,31,,,True,2
358,32,,,False,3
358,33,,,False,3
358,34,,,True,4
358,35,,,False,5
358,36,,,True,3
358,37,,,False,3
358,38,,,True,3
359,2,,,True,3
359,3,,,False,2
359,4,,,True,2
359,5,,,False,3
359,6,,,True,4
359,7,,,False,3
359,8,,,True,2
359,9,,,True,4
359,10,,,False,3
359,11,,,True,4
359,12,,,False,3
359,13,,,True,2
359,14,,,False,4
359,15,,,True,2
359,16,,,True,3
359,17,,,False,2
359,18,,,False,4
359,19,,,True,2
359,20,,,False,3
359,21,,,True,3
359,22,,,False,4
359,23,,,True,3
359,24,,,False,5
359,25,,,False,2
359,26,,,True,2
359,27,,,False,3
359,28,,,True,3
359,29,,,True,2
359,30,,,False,3
359,31,,,True,2
359,32,,,False,3
359,33,,,False,3
359,34,,,True,4
359,35,,,False,5
359,36,,,True,3
359,37,,,False,3
359,38,,,True,3
360,2,,,True,3
360,3,,,False,2
360,4,,,True,2
360,5,,,False,3
360,6,,,True,4
360,7,,,False,3
360,8,,,True,2
360,9,,,True,4
360,10,,,False,3
360,11,,,True,4
360,12,,,False,3
360,13,,,True,2
360,14,,,False,4
360,15,,,True,2
360,16,,,True,3
360,17,,,False,2
360,18,,,False,4
360,19,,,True,2
360,20,,,False,3
360,21,,,True,3
360,22,,,False,4
360,23,,,True,3
360,24,,,False,5
360,25,,,False,2
360,26,,,True,2
360,27,,,False,3
360,28,,,True,3
360,29,,,True,2
360,30,,,False,3
360,31,,,True,2
360,32,,,False,3
360,33,,,False,3
360,34,,,True,4
360,35,,,False,5
360,36,,,True,3
360,37,,,False,3
360,38,,,True,3
361,2,,,True,3
361,3,,,False,2
361,4,,,True,2
361,5,,,False,3
361,6,,,True,4
361,7,,,False,3
361,8,,,True,2
361,9,,,True,4
361,10,,,False,3
361,11,,,True,4
361,12,,,False,3
361,13,,,True,2
361,14,,,False,4
361,15,,,True,2
361,16,,,True,3
361,17,,,False,2
361,18,,,False,4
361,19,,,True,2
361,20,,,False,3
361,21,,,True,3
361,22,,,False,4
361,23,,,True,3
361,24,,,False,5
361,25,,,False,2
361,26,,,True,2
361,27,,,False,3
361,28,,,True,3
361,29,,,True,2
361,30,,,False,3
361,31,,,True,2
361,32,,,False,3
361,33,,,False,3
361,34,,,True,4
361,35,,,False,5
361,36,,,True,3
361,37,,,False,3
361,38,,,True,3
362,2,,,True,3
362,3,,,False,2
362,4,,,True,2
362,5,,,False,3
362,6,,,True,4
362,7,,,False,3
362,8,,,True,2
362,9,,,True,4
362,10,,,False,3
362,11,,,True,4
362,12,,,False,3
362,13,,,True,2
362,14,,,False,4
362,15,,,True,2
362,16,,,True,3
362,17,,,False,2
362,18,,,False,4
362,19,,,True,2
362,20,,,False,3
362,21,,,True,3
362,22,,,False,4
362,23,,,True,3
362,24,,,False,5
362,25,,,False,2
362,26,,,True,2
362,27,,,False,3
362,28,,,True,3
362,29,,,True,2
362,30,,,False,3
362,31,,,True,2
362,32,,,False,3
362,33,,,False,3
362,34,,,True,4
362,35,,,False,5
362,36,,,True,3
362,37,,,False,3
362,38,,,True,3
363,2,,,True,3
363,3,,,False,2
363,4,,,True,2
363,5,,,False,3
363,6,,,True,4
363,7,,,False,3
363,8,,,True,2
363,9,,,True,4
363,10,,,False,3
363,11,,,True,4
363,12,,,False,3
363,13,,,True,2
363,14,,,False,4
363,15,,,True,2
363,16,,,True,3
363,17,,,False,2
363,18,,,False,4
363,19,,,True,2
363,20,,,False,3
363,21,,,True,3
363,22,,,False,4
363,23,,,True,3
363,24,,,False,5
363,25,,,False,2
363,26,,,True,2
363,27,,,False,3
363,28,,,True,3
363,29,,,True,2
363,30,,,False,3
363,31,,,True,2
363,32,,,False,3
363,33,,,False,3
363,34,,,True,4
363,35,,,False,5
363,36,,,True,3
363,37,,,False,3
363,38,,,True,3
364,2,,,True,3
364,3,,,False,2
364,4,,,True,2
364,5,,,False,3
364,6,,,True,4
364,7,,,False,3
364,8,,,True,2
364,9,,,True,4
364,10,,,False,3
364,11,,,True,4
364,12,,,False,3
364,13,,,True,2
364,14,,,False,4
364,15,,,True,2
364,16,,,True,3
364,17,,,False,2
364,18,,,False,4
364,19,,,True,2
364,20,,,False,3
364,21,,,True,3
364,22,,,False,4
364,23,,,True,3
364,24,,,False,5
364,25,,,False,2
364,26,,,True,2
364,27,,,False,3
364,28,,,True,3
364,29,,,True,2
364,30,,,False,3
364,31,,,True,2
364,32,,,False,3
364,33,,,False,3
364,34,,,True,4
364,35,,,False,5
364,36,,,True,3
364,37,,,False,3
364,38,,,True,3
365,2,,,True,3
365,3,,,False,2
365,4,,,True,2
365,5,,,False,3
365,6,,,True,4
365,7,,,False,3
365,8,,,True,2
365,9,,,True,4
365,10,,,False,3
365,11,,,True,4
365,12,,,False,3
365,13,,,True,2
365,14,,,False,4
365,15,,,True,2
365,16,,,True,3
365,17,,,False,2
365,18,,,False,4
365,19,,,True,2
365,20,,,False,3
365,21,,,True,3
365,22,,,False,4
365,23,,,True,3
365,24,,,False,5
365,25,,,False,2
365,26,,,True,2
365,27,,,False,3
365,28,,,True,3
365,29,,,True,2
365,30,,,False,3
365,31,,,True,2
365,32,,,False,3
365,33,,,False,3
365,34,,,True,4
365,35,,,False,5
365,36,,,True,3
365,37,,,False,3
365,38,,,True,3
366,2,,,True,3
366,3,,,False,2
366,4,,,True,2
366,5,,,False,3
366,6,,,True,4
366,7,,,False,3
366,8,,,True,2
366,9,,,True,4
366,10,,,False,3
366,11,,,True,4
366,12,,,False,3
366,13,,,True,2
366,14,,,False,4
366,15,,,True,2
366,16,,,True,3
366,17,,,False,2
366,18,,,False,4
366,19,,,True,2
366,20,,,False,3
366,21,,,True,3
366,22,,,False,4
366,23,,,True,3
366,24,,,False,5
366,25,,,False,2
366,26,,,True,2
366,27,,,False,3
366,28,,,True,3
366,29,,,True,2
366,30,,,False,3
366,31,,,True,2
366,32,,,False,3
366,33,,,False,3
366,34,,,True,4
366,35,,,False,5
366,36,,,True,3
366,37,,,False,3
366,38,,,True,3
367,2,,,True,3
367,3,,,False,2
367,4,,,True,2
367,5,,,False,3
367,6,,,True,4
367,7,,,False,3
367,8,,,True,2
367,9,,,True,4
367,10,,,False,3
367,11,,,True,4
367,12,,,False,3
367,13,,,True,2
367,14,,,False,4
367,15,,,True,2
367,16,,,True,3
367,17,,,False,2
367,18,,,False,4
367,19,,,True,2
367,20,,,False,3
367,21,,,True,3
367,22,,,False,4
367,23,,,True,3
367,24,,,False,5
367,25,,,False,2
367,26,,,True,2
367,27,,,False,3
367,28,,,True,3
367,29,,,True,2
367,30,,,False,3
367,31,,,True,2
367,32,,,False,3
367,33,,,False,3
367,34,,,True,4
367,35,,,False,5
367,36,,,True,3
367,37,,,False,3
367,38,,,True,3
368,2,,,True,3
368,3,,,False,2
368,4,,,True,2
368,5,,,False,3
368,6,,,True,4
368,7,,,False,3
368,8,,,True,2
368,9,,,True,4
368,10,,,False,3
368,11,,,True,4
368,12,,,False,3
368,13,,,True,2
368,14,,,False,4
368,15,,,True,2
368,16,,,True,3
368,17,,,False,2
368,18,,,False,4
368,19,,,True,2
368,20,,,False,3
368,21,,,True,3
368,22,,,False,4
368,23,,,True,3
368,24,,,False,5
368,25,,,False,2
368,26,,,True,2
368,27,,,False,3
368,28,,,True,3
368,29,,,True,2
368,30,,,False,3
368,31,,,True,2
368,32,,,False,3
368,33,,,False,3
368,34,,,True,4
368,35,,,False,5
368,36,,,True,3
368,37,,,False,3
368,38,,,True,3
369,2,,,True,3
369,3,,,False,2
369,4,,,True,2
369,5,,,False,3
369,6,,,True,4
369,7,,,False,3
369,8,,,True,2
369,9,,,True,4
369,10,,,False,3
369,11,,,True,4
369,12,,,False,3
369,13,,,True,2
369,14,,,False,4
369,15,,,True,2
369,16,,,True,3
369,17,,,False,2
369,18,,,False,4
369,19,,,True,2
369,20,,,False,3
369,21,,,True,3
369,22,,,False,4
369,23,,,True,3
369,24,,,False,5
369,25,,,False,2
369,26,,,True,2
369,27,,,False,3
369,28,,,True,3
369,29,,,True,2
369,30,,,False,3
369,31,,,True,2
369,32,,,False,3
369,33,,,False,3
369,34,,,True,4
369,35,,,False,5
369,36,,,True,3
369,37,,,False,3
369,38,,,True,3
370,2,,,True,3
370,3,,,False,2
370,4,,,True,2
370,5,,,False,3
370,6,,,True,4
370,7,,,False,3
370,8,,,True,2
370,9,,,True,4
370,10,,,False,3
370,11,,,True,4
370,12,,,False,3
370,13,,,True,2
370,14,,,False,4
370,15,,,True,2
370,16,,,True,3
370,17,,,False,2
370,18,,,False,4
370,19,,,True,2
370,20,,,False,3
370,21,,,True,3
370,22,,,False,4
370,23,,,True,3
370,24,,,False,5
370,25,,,False,2
370,26,,,True,2
370,27,,,False,3
370,28,,,True,3
370,29,,,True,2
370,30,,,False,3
370,31,,,True,2
370,32,,,False,3
370,33,,,False,3
370,34,,,True,4
370,35,,,False,5
370,36,,,True,3
370,37,,,False,3
370,38,,,True,3
371,2,,,True,3
371,3,,,False,2
371,4,,,True,2
371,5,,,False,3
371,6,,,True,4
371,7,,,False,3
371,8,,,True,2
371,9,,,True,4
371,10,,,False,3
371,11,,,True,4
371,12,,,False,3
371,13,,,True,2
371,14,,,False,4
371,15,,,True,2
371,16,,,True,3
371,17,,,False,2
371,18,,,False,4
371,19,,,True,2
371,20,,,False,3
371,21,,,True,3
371,22,,,False,4
371,23,,,True,3
371,24,,,False,5
371,25,,,False,2
371,26,,,True,2
371,27,,,False,3
371,28,,,True,3
371,29,,,True,2
371,30,,,False,3
371,31,,,True,2
371,32,,,False,3
371,33,,,False,3
371,34,,,True,4
371,35,,,False,5
371,36,,,True,3
371,37,,,False,3
371,38,,,True,3
372,2,,,True,3
372,3,,,False,2
372,4,,,True,2
372,5,,,False,3
372,6,,,True,4
372,7,,,False,3
372,8,,,True,2
372,9,,,True,4
372,10,,,False,3
372,11,,,True,4
372,12,,,False,3
372,13,,,True,2
372,14,,,False,4
372,15,,,True,2
372,16,,,True,3
372,17,,,False,2
372,18,,,False,4
372,19,,,True,2
372,20,,,False,3
372,21,,,True,3
372,22,,,False,4
372,23,,,True,3
372,24,,,False,5
372,25,,,False,2
372,26,,,True,2
372,27,,,False,3
372,28,,,True,3
372,29,,,True,2
372,30,,,False,3
372,31,,,True,2
372,32,,,False,3
372,33,,,False,3
372,34,,,True,4
372,35,,,False,5
372,36,,,True,3
372,37,,,False,3
372,38,,,True,3
373,2,,,True,3
373,3,,,False,2
373,4,,,True,2
373,5,,,False,3
373,6,,,True,4
373,7,,,False,3
373,8,,,True,2
373,9,,,True,4
373,10,,,False,3
373,11,,,True,4
373,12,,,False,3
373,13,,,True,2
373,14,,,False,4
373,15,,,True,2
373,16,,,True,3
373,17,,,False,2
373,18,,,False,4
373,19,,,True,2
373,20,,,False,3
373,21,,,True,3
373,22,,,False,4
373,23,,,True,3
373,24,,,False,5
373,25,,,False,2
373,26,,,True,2
373,27,,,False,3
373,28,,,True,3
373,29,,,True,2
373,30,,,False,3
373,31,,,True,2
373,32,,,False,3
373,33,,,False,3
373,34,,,True,4
373,35,,,False,5
373,36,,,True,3
373,37,,,False,3
373,38,,,True,3
374,2,,,True,3
374,3,,,False,2
374,4,,,True,2
374,5,,,False,3
374,6,,,True,4
374,7,,,False,3
374,8,,,True,2
374,9,,,True,4
374,10,,,False,3
374,11,,,True,4
374,12,,,False,3
374,13,,,True,2
374,14,,,False,4
374,15,,,True,2
374,16,,,True,3
374,17,,,False,2
374,18,,,False,4
374,19,,,True,2
374,20,,,False,3
374,21,,,True,3
374,22,,,False,4
374,23,,,True,3
374,24,,,False,5
374,25,,,False,2
374,26,,,True,2
374,27,,,False,3
374,28,,,True,3
374,29,,,True,2
374,30,,,False,3
374,31,,,True,2
374,32,,,False,3
374,33,,,False,3
374,34,,,True,4
374,35,,,False,5
374,36,,,True,3
374,37,,,False,3
374,38,,,True,3
375,2,,,True,3
375,3,,,False,2
375,4,,,True,2
375,5,,,False,3
375,6,,,True,4
375,7,,,False,3
375,8,,,True,2
375,9,,,True,4
375,10,,,False,3
375,11,,,True,4
375,12,,,False,3
375,13,,,True,2
375,14,,,False,4
375,15,,,True,2
375,16,,,True,3
375,17,,,False,2
375,18,,,False,4
375,19,,,True,2
375,20,,,False,3
375,21,,,True,3
375,22,,,False,4
375,23,,,True,3
375,24,,,False,5
375,25,,,False,2
375,26,,,True,2
375,27,,,False,3
375,28,,,True,3
375,29,,,True,2
375,30,,,False,3
375,31,,,True,2
375,32,,,False,3
375,33,,,False,3
375,34,,,True,4
375,35,,,False,5
375,36,,,True,3
375,37,,,False,3
375,38,,,True,3
376,2,,,True,3
376,3,,,False,2
376,4,,,True,2
376,5,,,False,3
376,6,,,True,4
376,7,,,False,3
376,8,,,True,2
376,9,,,True,4
376,10,,,False,3
376,11,,,True,4
376,12,,,False,3
376,13,,,True,2
376,14,,,False,4
376,15,,,True,2
376,16,,,True,3
376,17,,,False,2
376,18,,,False,4
376,19,,,True,2
376,20,,,False,3
376,21,,,True,3
376,22,,,False,4
376,23,,,True,3
376,24,,,False,5
376,25,,,False,2
376,26,,,True,2
376,27,,,False,3
376,28,,,True,3
376,29,,,True,2
376,30,,,False,3
376,31,,,True,2
376,32,,,False,3
376,33,,,False,3
376,34,,,True,4
376,35,,,False,5
376,36,,,True,3
376,37,,,False,3
376,38,,,True,3
377,2,,,True,3
377,3,,,False,2
377,4,,,True,2
377,5,,,False,3
377,6,,,True,4
377,7,,,False,3
377,8,,,True,2
377,9,,,True,4
377,10,,,False,3
377,11,,,True,4
377,12,,,False,3
377,13,,,True,2
377,14,,,False,4
377,15,,,True,2
377,16,,,True,3
377,17,,,False,2
377,18,,,False,4
377,19,,,True,2
377,20,,,False,3
377,21,,,True,3
377,22,,,False,4
377,23,,,True,3
377,24,,,False,5
377,25,,,False,2
377,26,,,True,2
377,27,,,False,3
377,28,,,True,3
377,29,,,True,2
377,30,,,False,3
377,31,,,True,2
377,32,,,False,3
377,33,,,False,3
377,34,,,True,4
377,35,,,False,5
377,36,,,True,3
377,37,,,False,3
377,38,,,True,3
378,2,,,True,3
378,3,,,False,2
378,4,,,True,2
378,5,,,False,3
378,6,,,True,4
378,7,,,False,3
378,8,,,True,2
378,9,,,True,4
378,10,,,False,3
378,11,,,True,4
378,12,,,False,3
378,13,,,True,2
378,14,,,False,4
378,15,,,True,2
378,16,,,True,3
378,17,,,False,2
378,18,,,False,4
378,19,,,True,2
378,20,,,False,3
378,21,,,True,3
378,22,,,False,4
378,23,,,True,3
378,24,,,False,5
378,25,,,False,2
378,26,,,True,2
378,27,,,False,3
378,28,,,True,3
378,29,,,True,2
378,30,,,False,3
378,31,,,True,2
378,32,,,False,3
378,33,,,False,3
378,34,,,True,4
378,35,,,False,5
378,36,,,True,3
378,37,,,False,3
378,38,,,True,3
379,2,,,True,3
379,3,,,False,2
379,4,,,True,2
379,5,,,False,3
379,6,,,True,4
379,7,,,False,3
379,8,,,True,2
379,9,,,True,4
379,10,,,False,3
379,11,,,True,4
379,12,,,False,3
379,13,,,True,2
379,14,,,False,4
379,15,,,True,2
379,16,,,True,3
379,17,,,False,2
379,18,,,False,4
379,19,,,True,2
379,20,,,False,3
379,21,,,True,3
379,22,,,False,4
379,23,,,True,3
379,24,,,False,5
379,25,,,False,2
379,26,,,True,2
379,27,,,False,3
379,28,,,True,3
379,29,,,True,2
379,30,,,False,3
379,31,,,True,2
379,32,,,False,3
379,33,,,False,3
379,34,,,True,4
379,35,,,False,5
379,36,,,True,3
379,37,,,False,3
379,38,,,True,3
380,2,,,True,3
380,3,,,False,2
380,4,,,True,2
380,5,,,False,3
380,6,,,True,4
380,7,,,False,3
380,8,,,True,2
380,9,,,True,4
380,10,,,False,3
380,11,,,True,4
380,12,,,False,3
380,13,,,True,2
380,14,,,False,4
380,15,,,True,2
380,16,,,True,3
380,17,,,False,2
380,18,,,False,4
380,19,,,True,2
380,20,,,False,3
380,21,,,True,3
380,22,,,False,4
380,23,,,True,3
380,24,,,False,5
380,25,,,False,2
380,26,,,True,2
380,27,,,False,3
380,28,,,True,3
380,29,,,True,2
380,30,,,False,3
380,31,,,True,2
380,32,,,False,3
380,33,,,False,3
380,34,,,True,4
380,35,,,False,5
380,36,,,True,3
380,37,,,False,3
380,38,,,True,3
381,2,,,True,3
381,3,,,False,2
381,4,,,True,2
381,5,,,False,3
381,6,,,True,4
381,7,,,False,3
381,8,,,True,2
381,9,,,True,4
381,10,,,False,3
381,11,,,True,4
381,12,,,False,3
381,13,,,True,2
381,14,,,False,4
381,15,,,True,2
381,16,,,True,3
381,17,,,False,2
381,18,,,False,4
381,19,,,True,2
381,20,,,False,3
381,21,,,True,3
381,22,,,False,4
381,23,,,True,3
381,24,,,False,5
381,25,,,False,2
381,26,,,True,2
381,27,,,False,3
381,28,,,True,3
381,29,,,True,2
381,30,,,False,3
381,31,,,True,2
381,32,,,False,3
381,33,,,False,3
381,34,,,True,4
381,35,,,False,5
381,36,,,True,3
381,37,,,False,3
381,38,,,True,3
382,2,,,True,3
382,3,,,False,2
382,4,,,True,2
382,5,,,False,3
382,6,,,True,4
382,7,,,False,3
382,8,,,True,2
382,9,,,True,4
382,10,,,False,3
382,11,,,True,4
382,12,,,False,3
382,13,,,True,2
382,14,,,False,4
382,15,,,True,2
382,16,,,True,3
382,17,,,False,2
382,18,,,False,4
382,19,,,True,2
382,20,,,False,3
382,21,,,True,3
382,22,,,False,4
382,23,,,True,3
382,24,,,False,5
382,25,,,False,2
382,26,,,True,2
382,27,,,False,3
382,28,,,True,3
382,29,,,True,2
382,30,,,False,3
382,31,,,True,2
382,32,,,False,3
382,33,,,False,3
382,34,,,True,4
382,35,,,False,5
382,36,,,True,3
382,37,,,False,3
382,38,,,True,3
383,2,,,True,3
383,3,,,False,2
383,4,,,True,2
383,5,,,False,3
383,6,,,True,4
383,7,,,False,3
383,8,,,True,2
383,9,,,True,4
383,10,,,False,3
383,11,,,True,4
383,12,,,False,3
383,13,,,True,2
383,14,,,False,4
383,15,,,True,2
383,16,,,True,3
383,17,,,False,2
383,18,,,False,4
383,19,,,True,2
383,20,,,False,3
383,21,,,True,3
383,22,,,False,4
383,23,,,True,3
383,24,,,False,5
383,25,,,False,2
383,26,,,True,2
383,27,,,False,3
383,28,,,True,3
383,29,,,True,2
383,30,,,False,3
383,31,,,True,2
383,32,,,False,3
383,33,,,False,3
383,34,,,True,4
383,35,,,False,5
383,36,,,True,3
383,37,,,False,3
383,38,,,True,3
579,2,,,True,3
579,3,,,False,2
579,4,,,True,2
579,5,,,False,3
579,6,,,True,4
579,7,,,False,3
579,8,,,True,2
579,9,,,True,4
579,10,,,False,3
579,11,,,True,4
579,12,,,False,3
579,13,,,True,2
579,14,,,False,4
579,15,,,True,2
579,16,,,True,3
579,17,,,False,2
579,18,,,False,4
579,19,,,True,2
579,20,,,False,3
579,21,,,True,3
579,22,,,False,4
579,23,,,True,3
579,24,,,False,5
579,25,,,False,2
579,26,,,True,2
579,27,,,False,3
579,28,,,True,3
579,29,,,True,2
579,30,,,False,3
579,31,,,True,2
579,32,,,False,3
579,33,,,False,3
579,34,,,True,4
579,35,,,False,5
579,36,,,True,3
579,37,,,False,3
579,38,,,True,3
238,2,,,False,3
238,3,,,True,2
238,4,,,False,4
238,5,,,True,2
238,6,,,False,4
238,7,,,True,2
238,8,,,False,4
238,9,,,True,2
238,10,,,False,3
238,11,,,True,2
238,12,,,False,5
238,13,,,True,2
238,14,,,False,3
238,15,,,True,4
238,16,,,True,2
238,17,,,False,3
238,18,,,False,3
238,19,,,True,3
238,20,,,False,3
238,21,,,True,3
238,22,,,False,3
238,23,,,True,4
238,24,,,False,3
238,25,,,False,3
238,26,,,True,2
238,27,,,False,2
238,28,,,True,3
238,29,,,False,2
238,30,,,True,4
238,31,,,False,3
238,32,,,True,3
238,33,,,False,4
238,34,,,True,3
238,35,,,True,4
238,36,,,False,2
238,37,,,True,3
238,38,,,False,3
384,2,,,False,3
384,3,,,True,2
384,4,,,False,4
384,5,,,True,2
384,6,,,False,4
384,7,,,True,2
384,8,,,False,4
384,9,,,True,2
384,10,,,False,3
384,11,,,True,2
384,12,,,False,5
384,13,,,True,2
384,14,,,False,3
384,15,,,True,4
384,16,,,True,2
384,17,,,False,3
384,18,,,False,3
384,19,,,True,3
384,20,,,False,3
384,21,,,True,3
384,22,,,False,3
384,23,,,True,4
384,24,,,False,3
384,25,,,False,3
384,26,,,True,2
384,27,,,False,2
384,28,,,True,3
384,29,,,False,2
384,30,,,True,4
384,31,,,False,3
384,32,,,True,3
384,33,,,False,4
384,34,,,True,3
384,35,,,True,4
384,36,,,False,2
384,37,,,True,3
384,38,,,False,3
386,2,,,False,3
386,3,,,True,2
386,4,,,False,4
386,5,,,True,2
386,6,,,False,4
386,7,,,True,2
386,8,,,False,4
386,9,,,True,2
386,10,,,False,3
386,11,,,True,2
386,12,,,False,5
386,13,,,True,2
386,14,,,False,3
386,15,,,True,4
386,16,,,True,2
386,17,,,False,3
386,18,,,False,3
386,19,,,True,3
386,20,,,False,3
386,21,,,True,3
386,22,,,False,3
386,23,,,True,4
386,24,,,False,3
386,25,,,False,3
386,26,,,True,2
386,27,,,False,2
386,28,,,True,3
386,29,,,False,2
386,30,,,True,4
386,31,,,False,3
386,32,,,True,3
386,33,,,False,4
386,34,,,True,3
386,35,,,True,4
386,36,,,False,2
386,37,,,True,3
386,38,,,False,3
387,2,,,False,3
387,3,,,True,2
387,4,,,False,4
387,5,,,True,2
387,6,,,False,4
387,7,,,True,2
387,8,,,False,4
387,9,,,True,2
387,10,,,False,3
387,11,,,True,2
387,12,,,False,5
387,13,,,True,2
387,14,,,False,3
387,15,,,True,4
387,16,,,True,2
387,17,,,False,3
387,18,,,False,3
387,19,,,True,3
387,20,,,False,3
387,21,,,True,3
387,22,,,False,3
387,23,,,True,4
387,24,,,False,3
387,25,,,False,3
387,26,,,True,2
387,27,,,False,2
387,28,,,True,3
387,29,,,False,2
387,30,,,True,4
387,31,,,False,3
387,32,,,True,3
387,33,,,False,4
387,34,,,True,3
387,35,,,True,4
387,36,,,False,2
387,37,,,True,3
387,38,,,False,3
388,2,,,False,3
388,3,,,True,2
388,4,,,False,4
388,5,,,True,2
388,6,,,False,4
388,7,,,True,2
388,8,,,False,4
388,9,,,True,2
388,10,,,False,3
388,11,,,True,2
388,12,,,False,5
388,13,,,True,2
388,14,,,False,3
388,15,,,True,4
388,16,,,True,2
388,17,,,False,3
388,18,,,False,3
388,19,,,True,3
388,20,,,False,3
388,21,,,True,3
388,22,,,False,3
388,23,,,True,4
388,24,,,False,3
388,25,,,False,3
388,26,,,True,2
388,27,,,False,2
388,28,,,True,3
388,29,,,False,2
388,30,,,True,4
388,31,,,False,3
388,32,,,True,3
388,33,,,False,4
388,34,,,True,3
388,35,,,True,4
388,36,,,False,2
388,37,,,True,3
388,38,,,False,3
389,2,,,False,3
389,3,,,True,2
389,4,,,False,4
389,5,,,True,2
389,6,,,False,4
389,7,,,True,2
389,8,,,False,4
389,9,,,True,2
389,10,,,False,3
389,11,,,True,2
389,12,,,False,5
389,13,,,True,2
389,14,,,False,3
389,15,,,True,4
389,16,,,True,2
389,17,,,False,3
389,18,,,False,3
389,19,,,True,3
389,20,,,False,3
389,21,,,True,3
389,22,,,False,3
389,23,,,True,4
389,24,,,False,3
389,25,,,False,3
389,26,,,True,2
389,27,,,False,2
389,28,,,True,3
389,29,,,False,2
389,30,,,True,4
389,31,,,False,3
389,32,,,True,3
389,33,,,False,4
389,34,,,True,3
389,35,,,True,4
389,36,,,False,2
389,37,,,True,3
389,38,,,False,3
390,2,,,False,3
390,3,,,True,2
390,4,,,False,4
390,5,,,True,2
390,6,,,False,4
390,7,,,True,2
390,8,,,False,4
390,9,,,True,2
390,10,,,False,3
390,11,,,True,2
390,12,,,False,5
390,13,,,True,2
390,14,,,False,3
390,15,,,True,4
390,16,,,True,2
390,17,,,False,3
390,18,,,False,3
390,19,,,True,3
390,20,,,False,3
390,21,,,True,3
390,22,,,False,3
390,23,,,True,4
390,24,,,False,3
390,25,,,False,3
390,26,,,True,2
390,27,,,False,2
390,28,,,True,3
390,29,,,False,2
390,30,,,True,4
390,31,,,False,3
390,32,,,True,3
390,33,,,False,4
390,34,,,True,3
390,35,,,True,4
390,36,,,False,2
390,37,,,True,3
390,38,,,False,3
391,2,,,False,3
391,3,,,True,2
391,4,,,False,4
391,5,,,True,2
391,6,,,False,4
391,7,,,True,2
391,8,,,False,4
391,9,,,True,2
391,10,,,False,3
391,11,,,True,2
391,12,,,False,5
391,13,,,True,2
391,14,,,False,3
391,15,,,True,4
391,16,,,True,2
391,17,,,False,3
391,18,,,False,3
391,19,,,True,3
391,20,,,False,3
391,21,,,True,3
391,22,,,False,3
391,23,,,True,4
391,24,,,False,3
391,25,,,False,3
391,26,,,True,2
391,27,,,False,2
391,28,,,True,3
391,29,,,False,2
391,30,,,True,4
391,31,,,False,3
391,32,,,True,3
391,33,,,False,4
391,34,,,True,3
391,35,,,True,4
391,36,,,False,2
391,37,,,True,3
391,38,,,False,3
392,2,,,False,3
392,3,,,True,2
392,4,,,False,4
392,5,,,True,2
392,6,,,False,4
392,7,,,True,2
392,8,,,False,4
392,9,,,True,2
392,10,,,False,3
392,11,,,True,2
392,12,,,False,5
392,13,,,True,2
392,14,,,False,3
392,15,,,True,4
392,16,,,True,2
392,17,,,False,3
392,18,,,False,3
392,19,,,True,3
392,20,,,False,3
392,21,,,True,3
392,22,,,False,3
392,23,,,True,4
392,24,,,False,3
392,25,,,False,3
392,26,,,True,2
392,27,,,False,2
392,28,,,True,3
392,29,,,False,2
392,30,,,True,4
392,31,,,False,3
392,32,,,True,3
392,33,,,False,4
392,34,,,True,3
392,35,,,True,4
392,36,,,False,2
392,37,,,True,3
392,38,,,False,3
393,2,,,False,3
393,3,,,True,2
393,4,,,False,4
393,5,,,True,2
393,6,,,False,4
393,7,,,True,2
393,8,,,False,4
393,9,,,True,2
393,10,,,False,3
393,11,,,True,2
393,12,,,False,5
393,13,,,True,2
393,14,,,False,3
393,15,,,True,4
393,16,,,True,2
393,17,,,False,3
393,18,,,False,3
393,19,,,True,3
393,20,,,False,3
393,21,,,True,3
393,22,,,False,3
393,23,,,True,4
393,24,,,False,3
393,25,,,False,3
393,26,,,True,2
393,27,,,False,2
393,28,,,True,3
393,29,,,False,2
393,30,,,True,4
393,31,,,False,3
393,32,,,True,3
393,33,,,False,4
393,34,,,True,3
393,35,,,True,4
393,36,,,False,2
393,37,,,True,3
393,38,,,False,3
394,2,,,False,3
394,3,,,True,2
394,4,,,False,4
394,5,,,True,2
394,6,,,False,4
394,7,,,True,2
394,8,,,False,4
394,9,,,True,2
394,10,,,False,3
394,11,,,True,2
394,12,,,False,5
394,13,,,True,2
394,14,,,False,3
394,15,,,True,4
394,16,,,True,2
394,17,,,False,3
394,18,,,False,3
394,19,,,True,3
394,20,,,False,3
394,21,,,True,3
394,22,,,False,3
394,23,,,True,4
394,24,,,False,3
394,25,,,False,3
394,26,,,True,2
394,27,,,False,2
394,28,,,True,3
394,29,,,False,2
394,30,,,True,4
394,31,,,False,3
394,32,,,True,3
394,33,,,False,4
394,34,,,True,3
394,35,,,True,4
394,36,,,False,2
394,37,,,True,3
394,38,,,False,3
395,2,,,False,3
395,3,,,True,2
395,4,,,False,4
395,5,,,True,2
395,6,,,False,4
395,7,,,True,2
395,8,,,False,4
395,9,,,True,2
395,10,,,False,3
395,11,,,True,2
395,12,,,False,5
395,13,,,True,2
395,14,,,False,3
395,15,,,True,4
395,16,,,True,2
395,17,,,False,3
395,18,,,False,3
395,19,,,True,3
395,20,,,False,3
395,21,,,True,3
395,22,,,False,3
395,23,,,True,4
395,24,,,False,3
395,25,,,False,3
395,26,,,True,2
395,27,,,False,2
395,28,,,True,3
395,29,,,False,2
395,30,,,True,4
395,31,,,False,3
395,32,,,True,3
395,33,,,False,4
395,34,,,True,3
395,35,,,True,4
395,36,,,False,2
395,37,,,True,3
395,38,,,False,3
396,2,,,False,3
396,3,,,True,2
396,4,,,False,4
396,5,,,True,2
396,6,,,False,4
396,7,,,True,2
396,8,,,False,4
396,9,,,True,2
396,10,,,False,3
396,11,,,True,2
396,12,,,False,5
396,13,,,True,2
396,14,,,False,3
396,15,,,True,4
396,16,,,True,2
396,17,,,False,3
396,18,,,False,3
396,19,,,True,3
396,20,,,False,3
396,21,,,True,3
396,22,,,False,3
396,23,,,True,4
396,24,,,False,3
396,25,,,False,3
396,26,,,True,2
396,27,,,False,2
396,28,,,True,3
396,29,,,False,2
396,30,,,True,4
396,31,,,False,3
396,32,,,True,3
396,33,,,False,4
396,34,,,True,3
396,35,,,True,4
396,36,,,False,2
396,37,,,True,3
396,38,,,False,3
397,2,,,False,3
397,3,,,True,2
397,4,,,False,4
397,5,,,True,2
397,6,,,False,4
397,7,,,True,2
397,8,,,False,4
397,9,,,True,2
397,10,,,False,3
397,11,,,True,2
397,12,,,False,5
397,13,,,True,2
397,14,,,False,3
397,15,,,True,4
397,16,,,True,2
397,17,,,False,3
397,18,,,False,3
397,19,,,True,3
397,20,,,False,3
397,21,,,True,3
397,22,,,False,3
397,23,,,True,4
397,24,,,False,3
397,25,,,False,3
397,26,,,True,2
397,27,,,False,2
397,28,,,True,3
397,29,,,False,2
397,30,,,True,4
397,31,,,False,3
397,32,,,True,3
397,33,,,False,4
397,34,,,True,3
397,35,,,True,4
397,36,,,False,2
397,37,,,True,3
397,38,,,False,3
398,2,,,False,3
398,3,,,True,2
398,4,,,False,4
398,5,,,True,2
398,6,,,False,4
398,7,,,True,2
398,8,,,False,4
398,9,,,True,2
398,10,,,False,3
398,11,,,True,2
398,12,,,False,5
398,13,,,True,2
398,14,,,False,3
398,15,,,True,4
398,16,,,True,2
398,17,,,False,3
398,18,,,False,3
398,19,,,True,3
398,20,,,False,3
398,21,,,True,3
398,22,,,False,3
398,23,,,True,4
398,24,,,False,3
398,25,,,False,3
398,26,,,True,2
398,27,,,False,2
398,28,,,True,3
398,29,,,False,2
398,30,,,True,4
398,31,,,False,3
398,32,,,True,3
398,33,,,False,4
398,34,,,True,3
398,35,,,True,4
398,36,,,False,2
398,37,,,True,3
398,38,,,False,3
399,2,,,False,3
399,3,,,True,2
399,4,,,False,4
399,5,,,True,2
399,6,,,False,4
399,7,,,True,2
399,8,,,False,4
399,9,,,True,2
399,10,,,False,3
399,11,,,True,2
399,12,,,False,5
399,13,,,True,2
399,14,,,False,3
399,15,,,True,4
399,16,,,True,2
399,17,,,False,3
399,18,,,False,3
399,19,,,True,3
399,20,,,False,3
399,21,,,True,3
399,22,,,False,3
399,23,,,True,4
399,24,,,False,3
399,25,,,False,3
399,26,,,True,2
399,27,,,False,2
399,28,,,True,3
399,29,,,False,2
399,30,,,True,4
399,31,,,False,3
399,32,,,True,3
399,33,,,False,4
399,34,,,True,3
399,35,,,True,4
399,36,,,False,2
399,37,,,True,3
399,38,,,False,3
400,2,,,False,3
400,3,,,True,2
400,4,,,False,4
400,5,,,True,2
400,6,,,False,4
400,7,,,True,2
400,8,,,False,4
400,9,,,True,2
400,10,,,False,3
400,11,,,True,2
400,12,,,False,5
400,13,,,True,2
400,14,,,False,3
400,15,,,True,4
400,16,,,True,2
400,17,,,False,3
400,18,,,False,3
400,19,,,True,3
400,20,,,False,3
400,21,,,True,3
400,22,,,False,3
400,23,,,True,4
400,24,,,False,3
400,25,,,False,3
400,26,,,True,2
400,27,,,False,2
400,28,,,True,3
400,29,,,False,2
400,30,,,True,4
400,31,,,False,3
400,32,,,True,3
400,33,,,False,4
400,34,,,True,3
400,35,,,True,4
400,36,,,False,2
400,37,,,True,3
400,38,,,False,3
402,2,,,False,3
402,3,,,True,2
402,4,,,False,4
402,5,,,True,2
402,6,,,False,4
402,7,,,True,2
402,8,,,False,4
402,9,,,True,2
402,10,,,False,3
402,11,,,True,2
402,12,,,False,5
402,13,,,True,2
402,14,,,False,3
402,15,,,True,4
402,16,,,True,2
402,17,,,False,3
402,18,,,False,3
402,19,,,True,3
402,20,,,False,3
402,21,,,True,3
402,22,,,False,3
402,23,,,True,4
402,24,,,False,3
402,25,,,False,3
402,26,,,True,2
402,27,,,False,2
402,28,,,True,3
402,29,,,False,2
402,30,,,True,4
402,31,,,False,3
402,32,,,True,3
402,33,,,False,4
402,34,,,True,3
402,35,,,True,4
402,36,,,False,2
402,37,,,True,3
402,38,,,False,3
404,2,,,False,3
404,3,,,True,2
404,4,,,False,4
404,5,,,True,2
404,6,,,False,4
404,7,,,True,2
404,8,,,False,4
404,9,,,True,2
404,10,,,False,3
404,11,,,True,2
404,12,,,False,5
404,13,,,True,2
404,14,,,False,3
404,15,,,True,4
404,16,,,True,2
404,17,,,False,3
404,18,,,False,3
404,19,,,True,3
404,20,,,False,3
404,21,,,True,3
404,22,,,False,3
404,23,,,True,4
404,24,,,False,3
404,25,,,False,3
404,26,,,True,2
404,27,,,False,2
404,28,,,True,3
404,29,,,False,2
404,30,,,True,4
404,31,,,False,3
404,32,,,True,3
404,33,,,False,4
404,34,,,True,3
404,35,,,True,4
404,36,,,False,2
404,37,,,True,3
404,38,,,False,3
406,2,,,False,3
406,3,,,True,2
406,4,,,False,4
406,5,,,True,2
406,6,,,False,4
406,7,,,True,2
406,8,,,False,4
406,9,,,True,2
406,10,,,False,3
406,11,,,True,2
406,12,,,False,5
406,13,,,True,2
406,14,,,False,3
406,15,,,True,4
406,16,,,True,2
406,17,,,False,3
406,18,,,False,3
406,19,,,True,3
406,20,,,False,3
406,21,,,True,3
406,22,,,False,3
406,23,,,True,4
406,24,,,False,3
406,25,,,False,3
406,26,,,True,2
406,27,,,False,2
406,28,,,True,3
406,29,,,False,2
406,30,,,True,4
406,31,,,False,3
406,32,,,True,3
406,33,,,False,4
406,34,,,True,3
406,35,,,True,4
406,36,,,False,2
406,37,,,True,3
406,38,,,False,3
407,2,,,False,3
407,3,,,True,2
407,4,,,False,4
407,5,,,True,2
407,6,,,False,4
407,7,,,True,2
407,8,,,False,4
407,9,,,True,2
407,10,,,False,3
407,11,,,True,2
407,12,,,False,5
407,13,,,True,2
407,14,,,False,3
407,15,,,True,4
407,16,,,True,2
407,17,,,False,3
407,18,,,False,3
407,19,,,True,3
407,20,,,False,3
407,21,,,True,3
407,22,,,False,3
407,23,,,True,4
407,24,,,False,3
407,25,,,False,3
407,26,,,True,2
407,27,,,False,2
407,28,,,True,3
407,29,,,False,2
407,30,,,True,4
407,31,,,False,3
407,32,,,True,3
407,33,,,False,4
407,34,,,True,3
407,35,,,True,4
407,36,,,False,2
407,37,,,True,3
407,38,,,False,3
408,2,,,False,3
408,3,,,True,2
408,4,,,False,4
408,5,,,True,2
408,6,,,False,4
408,7,,,True,2
408,8,,,False,4
408,9,,,True,2
408,10,,,False,3
408,11,,,True,2
408,12,,,False,5
408,13,,,True,2
408,14,,,False,3
408,15,,,True,4
408,16,,,True,2
408,17,,,False,3
408,18,,,False,3
408,19,,,True,3
408,20,,,False,3
408,21,,,True,3
408,22,,,False,3
408,23,,,True,4
408,24,,,False,3
408,25,,,False,3
408,26,,,True,2
408,27,,,False,2
408,28,,,True,3
408,29,,,False,2
408,30,,,True,4
408,31,,,False,3
408,32,,,True,3
408,33,,,False,4
408,34,,,True,3
408,35,,,True,4
408,36,,,False,2
408,37,,,True,3
408,38,,,False,3
409,2,,,False,3
409,3,,,True,2
409,4,,,False,4
409,5,,,True,2
409,6,,,False,4
409,7,,,True,2
409,8,,,False,4
409,9,,,True,2
409,10,,,False,3
409,11,,,True,2
409,12,,,False,5
409,13,,,True,2
409,14,,,False,3
409,15,,,True,4
409,16,,,True,2
409,17,,,False,3
409,18,,,False,3
409,19,,,True,3
409,20,,,False,3
409,21,,,True,3
409,22,,,False,3
409,23,,,True,4
409,24,,,False,3
409,25,,,False,3
409,26,,,True,2
409,27,,,False,2
409,28,,,True,3
409,29,,,False,2
409,30,,,True,4
409,31,,,False,3
409,32,,,True,3
409,33,,,False,4
409,34,,,True,3
409,35,,,True,4
409,36,,,False,2
409,37,,,True,3
409,38,,,False,3
410,2,,,False,3
410,3,,,True,2
410,4,,,False,4
410,5,,,True,2
410,6,,,False,4
410,7,,,True,2
410,8,,,False,4
410,9,,,True,2
410,10,,,False,3
410,11,,,True,2
410,12,,,False,5
410,13,,,True,2
410,14,,,False,3
410,15,,,True,4
410,16,,,True,2
410,17,,,False,3
410,18,,,False,3
410,19,,,True,3
410,20,,,False,3
410,21,,,True,3
410,22,,,False,3
410,23,,,True,4
410,24,,,False,3
410,25,,,False,3
410,26,,,True,2
410,27,,,False,2
410,28,,,True,3
410,29,,,False,2
410,30,,,True,4
410,31,,,False,3
410,32,,,True,3
410,33,,,False,4
410,34,,,True,3
410,35,,,True,4
410,36,,,False,2
410,37,,,True,3
410,38,,,False,3
411,2,,,False,3
411,3,,,True,2
411,4,,,False,4
411,5,,,True,2
411,6,,,False,4
411,7,,,True,2
411,8,,,False,4
411,9,,,True,2
411,10,,,False,3
411,11,,,True,2
411,12,,,False,5
411,13,,,True,2
411,14,,,False,3
411,15,,,True,4
411,16,,,True,2
411,17,,,False,3
411,18,,,False,3
411,19,,,True,3
411,20,,,False,3
411,21,,,True,3
411,22,,,False,3
411,23,,,True,4
411,24,,,False,3
411,25,,,False,3
411,26,,,True,2
411,27,,,False,2
411,28,,,True,3
411,29,,,False,2
411,30,,,True,4
411,31,,,False,3
411,32,,,True,3
411,33,,,False,4
411,34,,,True,3
411,35,,,True,4
411,36,,,False,2
411,37,,,True,3
411,38,,,False,3
481,2,,,False,3
481,3,,,True,2
481,4,,,False,4
481,5,,,True,2
481,6,,,False,4
481,7,,,True,2
481,8,,,False,4
481,9,,,True,2
481,10,,,False,3
481,11,,,True,2
481,12,,,False,5
481,13,,,True,2
481,14,,,False,3
481,15,,,True,4
481,16,,,True,2
481,17,,,False,3
481,18,,,False,3
481,19,,,True,3
481,20,,,False,3
481,21,,,True,3
481,22,,,False,3
481,23,,,True,4
481,24,,,False,3
481,25,,,False,3
481,26,,,True,2
481,27,,,False,2
481,28,,,True,3
481,29,,,False,2
481,30,,,True,4
481,31,,,False,3
481,32,,,True,3
481,33,,,False,4
481,34,,,True,3
481,35,,,True,4
481,36,,,False,2
481,37,,,True,3
481,38,,,False,3
587,2,,,False,3
587,3,,,True,2
587,4,,,False,4
587,5,,,True,2
587,6,,,False,4
587,7,,,True,2
587,8,,,False,4
587,9,,,True,2
587,10,,,False,3
587,11,,,True,2
587,12,,,False,5
587,13,,,True,2
587,14,,,False,3
587,15,,,True,4
587,16,,,True,2
587,17,,,False,3
587,18,,,False,3
587,19,,,True,3
587,20,,,False,3
587,21,,,True,3
587,22,,,False,3
587,23,,,True,4
587,24,,,False,3
587,25,,,False,3
587,26,,,True,2
587,27,,,False,2
587,28,,,True,3
587,29,,,False,2
587,30,,,True,4
587,31,,,False,3
587,32,,,True,3
587,33,,,False,4
587,34,,,True,3
587,35,,,True,4
587,36,,,False,2
587,37,,,True,3
587,38,,,False,3
616,2,,,False,3
616,3,,,True,2
616,4,,,False,4
616,5,,,True,2
616,6,,,False,4
616,7,,,True,2
616,8,,,False,4
616,9,,,True,2
616,10,,,False,3
616,11,,,True,2
616,12,,,False,5
616,13,,,True,2
616,14,,,False,3
616,15,,,True,4
616,16,,,True,2
616,17,,,False,3
616,18,,,False,3
616,19,,,True,3
616,20,,,False,3
616,21,,,True,3
616,22,,,False,3
616,23,,,True,4
616,24,,,False,3
616,25,,,False,3
616,26,,,True,2
616,27,,,False,2
616,28,,,True,3
616,29,,,False,2
616,30,,,True,4
616,31,,,False,3
616,32,,,True,3
616,33,,,False,4
616,34,,,True,3
616,35,,,True,4
616,36,,,False,2
616,37,,,True,3
616,38,,,False,3
621,3,,,True,2
621,4,,,False,4
621,5,,,True,2
621,6,,,False,4
621,7,,,True,2
621,8,,,False,4
621,9,,,True,2
621,10,,,False,3
621,11,,,True,2
621,12,,,False,5
621,13,,,True,2
621,14,,,False,3
621,15,,,True,4
621,16,,,True,2
621,17,,,False,3
621,18,,,False,3
621,19,,,True,3
621,20,,,False,3
621,21,,,True,3
621,22,,,False,3
621,23,,,True,4
621,24,,,False,3
621,25,,,False,3
621,26,,,True,2
621,27,,,False,2
621,28,,,True,3
621,29,,,False,2
621,30,,,True,4
621,31,,,False,3
621,32,,,True,3
621,33,,,False,4
621,34,,,True,3
621,35,,,True,4
621,36,,,False,2
621,37,,,True,3
621,38,,,False,3
622,3,,,True,2
622,4,,,False,4
622,5,,,True,2
622,6,,,False,4
622,7,,,True,2
622,8,,,False,4
622,9,,,True,2
622,10,,,False,3
622,11,,,True,2
622,12,,,False,5
622,13,,,True,2
622,14,,,False,3
622,15,,,True,4
622,16,,,True,2
622,17,,,False,3
622,18,,,False,3
622,19,,,True,3
622,20,,,False,3
622,21,,,True,3
622,22,,,False,3
622,23,,,True,4
622,24,,,False,3
622,25,,,False,3
622,26,,,True,2
622,27,,,False,2
622,28,,,True,3
622,29,,,False,2
622,30,,,True,4
622,31,,,False,3
622,32,,,True,3
622,33,,,False,4
622,34,,,True,3
622,35,,,True,4
622,36,,,False,2
622,37,,,True,3
622,38,,,False,3
43,2,,,True,2
43,3,,,False,3
43,4,,,True,4
43,5,,,False,3
43,6,,,True,3
43,7,,,False,3
43,8,,,True,3
43,9,,,False,4
43,10,,,True,3
43,11,,,False,4
43,12,,,True,3
43,13,,,False,3
43,14,,,True,2
43,15,,,False,3
43,16,,,False,5
43,17,,,True,3
43,18,,,True,2
43,19,,,False,3
43,20,,,True,2
43,21,,,False,4
43,22,,,True,4
43,23,,,False,3
43,24,,,True,4
43,25,,,True,2
43,26,,,False,3
43,27,,,True,4
43,28,,,False,3
43,29,,,True,3
43,30,,,False,5
43,31,,,True,2
43,32,,,False,2
43,33,,,True,3
43,34,,,False,2
43,35,,,False,3
43,36,,,True,2
43,37,,,False,3
43,38,,,True,2
131,2,,,False,4
131,3,,,True,2
131,4,,,False,2
131,5,,,True,4
131,6,,,False,3
131,7,,,True,3
131,8,,,False,4
131,9,,,False,5
131,10,,,True,3
131,11,,,False,2
131,12,,,True,2
131,13,,,False,3
131,14,,,False,3
131,15,,,True,3
131,16,,,True,2
131,17,,,False,3
131,18,,,False,3
131,19,,,True,4
131,20,,,True,3
131,21,,,False,3
131,22,,,True,4
131,23,,,False,3
131,24,,,True,2
131,25,,,False,4
131,26,,,True,3
131,27,,,False,2
131,28,,,True,2
131,29,,,False,3
131,30,,,True,2
131,31,,,False,4
131,32,,,True,4
131,33,,,False,3
131,34,,,True,3
131,35,,,True,2
131,36,,,False,3
131,37,,,True,4
131,38,,,False,5
162,2,,,True,2
162,3,,,False,3
162,4,,,True,4
162,5,,,False,3
162,6,,,True,3
162,7,,,False,3
162,8,,,True,3
162,9,,,False,4
162,10,,,True,3
162,11,,,False,4
162,12,,,True,3
162,13,,,False,3
162,14,,,True,2
162,15,,,False,3
162,16,,,False,5
162,17,,,True,3
162,18,,,True,2
162,19,,,False,3
162,20,,,True,2
162,21,,,False,4
162,22,,,True,4
162,23,,,False,3
162,24,,,True,4
162,25,,,True,2
162,26,,,False,3
162,27,,,True,4
162,28,,,False,3
162,29,,,True,3
162,30,,,False,5
162,31,,,True,2
162,32,,,False,2
162,33,,,True,3
162,34,,,False,2
162,35,,,False,3
162,36,,,True,2
162,37,,,False,3
162,38,,,True,2
325,2,,,True,2
325,3,,,False,3
325,4,,,True,4
325,5,,,False,3
325,6,,,True,3
325,7,,,False,3
325,8,,,True,3
325,9,,,False,4
325,10,,,True,3
325,11,,,False,4
325,12,,,True,3
325,13,,,False,3
325,14,,,True,2
325,15,,,False,3
325,16,,,False,5
325,17,,,True,3
325,18,,,True,2
325,19,,,False,3
325,20,,,True,2
325,21,,,False,4
325,22,,,True,4
325,23,,,False,3
325,24,,,True,4
325,25,,,True,2
325,26,,,False,3
325,27,,,True,4
325,28,,,False,3
325,29,,,True,3
325,30,,,False,5
325,31,,,True,2
325,32,,,False,2
325,33,,,True,3
325,34,,,False,2
325,35,,,False,3
325,36,,,True,2
325,37,,,False,3
325,38,,,True,2
412,2,,,True,2
412,3,,,False,3
412,4,,,True,4
412,5,,,False,3
412,6,,,True,3
412,7,,,False,3
412,8,,,True,3
412,9,,,False,4
412,10,,,True,3
412,11,,,False,4
412,12,,,True,3
412,13,,,False,3
412,14,,,True,2
412,15,,,False,3
412,16,,,False,5
412,17,,,True,3
412,18,,,True,2
412,19,,,False,3
412,20,,,True,2
412,21,,,False,4
412,22,,,True,4
412,23,,,False,3
412,24,,,True,4
412,25,,,True,2
412,26,,,False,3
412,27,,,True,4
412,28,,,False,3
412,29,,,True,3
412,30,,,False,5
412,31,,,True,2
412,32,,,False,2
412,33,,,True,3
412,34,,,False,2
412,35,,,False,3
412,36,,,True,2
412,37,,,False,3
412,38,,,True,2
413,2,,,True,2
413,3,,,False,3
413,4,,,True,4
413,5,,,False,3
413,6,,,True,3
413,7,,,False,3
413,8,,,True,3
413,9,,,False,4
413,10,,,True,3
413,11,,,False,4
413,12,,,True,3
413,13,,,False,3
413,14,,,True,2
413,15,,,False,3
413,16,,,False,5
413,17,,,True,3
413,18,,,True,2
413,19,,,False,3
413,20,,,True,2
413,21,,,False,4
413,22,,,True,4
413,23,,,False,3
413,24,,,True,4
413,25,,,True,2
413,26,,,False,3
413,27,,,True,4
413,28,,,False,3
413,29,,,True,3
413,30,,,False,5
413,31,,,True,2
413,32,,,False,2
413,33,,,True,3
413,34,,,False,2
413,35,,,False,3
413,36,,,True,2
413,37,,,False,3
413,38,,,True,2
414,2,,,True,2
414,3,,,False,3
414,4,,,True,4
414,5,,,False,3
414,6,,,True,3
414,7,,,False,3
414,8,,,True,3
414,9,,,False,4
414,10,,,True,3
414,11,,,False,4
414,12,,,True,3
414,13,,,False,3
414,14,,,True,2
414,15,,,False,3
414,16,,,False,5
414,17,,,True,3
414,18,,,True,2
414,19,,,False,3
414,20,,,True,2
414,21,,,False,4
414,22,,,True,4
414,23,,,False,3
414,24,,,True,4
414,25,,,True,2
414,26,,,False,3
414,27,,,True,4
414,28,,,False,3
414,29,,,True,3
414,30,,,False,5
414,31,,,True,2
414,32,,,False,2
414,33,,,True,3
414,34,,,False,2
414,35,,,False,3
414,36,,,True,2
414,37,,,False,3
414,38,,,True,2
415,2,,,True,2
415,3,,,False,3
415,4,,,True,4
415,5,,,False,3
415,6,,,True,3
415,7,,,False,3
415,8,,,True,3
415,9,,,False,4
415,10,,,True,3
415,11,,,False,4
415,12,,,True,3
415,13,,,False,3
415,14,,,True,2
415,15,,,False,3
415,16,,,False,5
415,17,,,True,3
415,18,,,True,2
415,19,,,False,3
415,20,,,True,2
415,21,,,False,4
415,22,,,True,4
415,23,,,False,3
415,24,,,True,4
415,25,,,True,2
415,26,,,False,3
415,27,,,True,4
415,28,,,False,3
415,29,,,True,3
415,30,,,False,5
415,31,,,True,2
415,32,,,False,2
415,33,,,True,3
415,34,,,False,2
415,35,,,False,3
415,36,,,True,2
415,37,,,False,3
415,38,,,True,2
416,2,,,True,2
416,3,,,False,3
416,4,,,True,4
416,5,,,False,3
416,6,,,True,3
416,7,,,False,3
416,8,,,True,3
416,9,,,False,4
416,10,,,True,3
416,11,,,False,4
416,12,,,True,3
416,13,,,False,3
416,14,,,True,2
416,15,,,False,3
416,16,,,False,5
416,17,,,True,3
416,18,,,True,2
416,19,,,False,3
416,20,,,True,2
416,21,,,False,4
416,22,,,True,4
416,23,,,False,3
416,24,,,True,4
416,25,,,True,2
416,26,,,False,3
416,27,,,True,4
416,28,,,False,3
416,29,,,True,3
416,30,,,False,5
416,31,,,True,2
416,32,,,False,2
416,33,,,True,3
416,34,,,False,2
416,35,,,False,3
416,36,,,True,2
416,37,,,False,3
416,38,,,True,2
417,2,,,True,2
417,3,,,False,3
417,4,,,True,4
417,5,,,False,3
417,6,,,True,3
417,7,,,False,3
417,8,,,True,3
417,9,,,False,4
417,10,,,True,3
417,11,,,False,4
417,12,,,True,3
417,13,,,False,3
417,14,,,True,2
417,15,,,False,3
417,16,,,False,5
417,17,,,True,3
417,18,,,True,2
417,19,,,False,3
417,20,,,True,2
417,21,,,False,4
417,22,,,True,4
417,23,,,False,3
417,24,,,True,4
417,25,,,True,2
417,26,,,False,3
417,27,,,True,4
417,28,,,False,3
417,29,,,True,3
417,30,,,False,5
417,31,,,True,2
417,32,,,False,2
417,33,,,True,3
417,34,,,False,2
417,35,,,False,3
417,36,,,True,2
417,37,,,False,3
417,38,,,True,2
418,2,,,True,2
418,3,,,False,3
418,4,,,True,4
418,5,,,False,3
418,6,,,True,3
418,7,,,False,3
418,8,,,True,3
418,9,,,False,4
418,10,,,True,3
418,11,,,False,4
418,12,,,True,3
418,13,,,False,3
418,14,,,True,2
418,15,,,False,3
418,16,,,False,5
418,17,,,True,3
418,18,,,True,2
418,19,,,False,3
418,20,,,True,2
418,21,,,False,4
418,22,,,True,4
418,23,,,False,3
418,24,,,True,4
418,25,,,True,2
418,26,,,False,3
418,27,,,True,4
418,28,,,False,3
418,29,,,True,3
418,30,,,False,5
418,31,,,True,2
418,32,,,False,2
418,33,,,True,3
418,34,,,False,2
418,35,,,False,3
418,36,,,True,2
418,37,,,False,3
418,38,,,True,2
419,2,,,True,2
419,3,,,False,3
419,4,,,True,4
419,5,,,False,3
419,6,,,True,3
419,7,,,False,3
419,8,,,True,3
419,9,,,False,4
419,10,,,True,3
419,11,,,False,4
419,12,,,True,3
419,13,,,False,3
419,14,,,True,2
419,15,,,False,3
419,16,,,False,5
419,17,,,True,3
419,18,,,True,2
419,19,,,False,3
419,20,,,True,2
419,21,,,False,4
419,22,,,True,4
419,23,,,False,3
419,24,,,True,4
419,25,,,True,2
419,26,,,False,3
419,27,,,True,4
419,28,,,False,3
419,29,,,True,3
419,30,,,False,5
419,31,,,True,2
419,32,,,False,2
419,33,,,True,3
419,34,,,False,2
419,35,,,False,3
419,36,,,True,2
419,37,,,False,3
419,38,,,True,2
420,2,,,True,2
420,3,,,False,3
420,4,,,True,4
420,5,,,False,3
420,6,,,True,3
420,7,,,False,3
420,8,,,True,3
420,9,,,False,4
420,10,,,True,3
420,11,,,False,4
420,12,,,True,3
420,13,,,False,3
420,14,,,True,2
420,15,,,False,3
420,16,,,False,5
420,17,,,True,3
420,18,,,True,2
420,19,,,False,3
420,20,,,True,2
420,21,,,False,4
420,22,,,True,4
420,23,,,False,3
420,24,,,True,4
420,25,,,True,2
420,26,,,False,3
420,27,,,True,4
420,28,,,False,3
420,29,,,True,3
420,30,,,False,5
420,31,,,True,2
420,32,,,False,2
420,33,,,True,3
420,34,,,False,2
420,35,,,False,3
420,36,,,True,2
420,37,,,False,3
420,38,,,True,2
421,2,,,True,2
421,3,,,False,3
421,4,,,True,4
421,5,,,False,3
421,6,,,True,3
421,7,,,False,3
421,8,,,True,3
421,9,,,False,4
421,10,,,True,3
421,11,,,False,4
421,12,,,True,3
421,13,,,False,3
421,14,,,True,2
421,15,,,False,3
421,16,,,False,5
421,17,,,True,3
421,18,,,True,2
421,19,,,False,3
421,20,,,True,2
421,21,,,False,4
421,22,,,True,4
421,23,,,False,3
421,24,,,True,4
421,25,,,True,2
421,26,,,False,3
421,27,,,True,4
421,28,,,False,3
421,29,,,True,3
421,30,,,False,5
421,31,,,True,2
421,32,,,False,2
421,33,,,True,3
421,34,,,False,2
421,35,,,False,3
421,36,,,True,2
421,37,,,False,3
421,38,,,True,2
422,2,,,True,2
422,3,,,False,3
422,4,,,True,4
422,5,,,False,3
422,6,,,True,3
422,7,,,False,3
422,8,,,True,3
422,9,,,False,4
422,10,,,True,3
422,11,,,False,4
422,12,,,True,3
422,13,,,False,3
422,14,,,True,2
422,15,,,False,3
422,16,,,False,5
422,17,,,True,3
422,18,,,True,2
422,19,,,False,3
422,20,,,True,2
422,21,,,False,4
422,22,,,True,4
422,23,,,False,3
422,24,,,True,4
422,25,,,True,2
422,26,,,False,3
422,27,,,True,4
422,28,,,False,3
422,29,,,True,3
422,30,,,False,5
422,31,,,True,2
422,32,,,False,2
422,33,,,True,3
422,34,,,False,2
422,35,,,False,3
422,36,,,True,2
422,37,,,False,3
422,38,,,True,2
423,2,,,True,2
423,3,,,False,3
423,4,,,True,4
423,5,,,False,3
423,6,,,True,3
423,7,,,False,3
423,8,,,True,3
423,9,,,False,4
423,10,,,True,3
423,11,,,False,4
423,12,,,True,3
423,13,,,False,3
423,14,,,True,2
423,15,,,False,3
423,16,,,False,5
423,17,,,True,3
423,18,,,True,2
423,19,,,False,3
423,20,,,True,2
423,21,,,False,4
423,22,,,True,4
423,23,,,False,3
423,24,,,True,4
423,25,,,True,2
423,26,,,False,3
423,27,,,True,4
423,28,,,False,3
423,29,,,True,3
423,30,,,False,5
423,31,,,True,2
423,32,,,False,2
423,33,,,True,3
423,34,,,False,2
423,35,,,False,3
423,36,,,True,2
423,37,,,False,3
423,38,,,True,2
424,2,,,True,2
424,3,,,False,3
424,4,,,True,4
424,5,,,False,3
424,6,,,True,3
424,7,,,False,3
424,8,,,True,3
424,9,,,False,4
424,10,,,True,3
424,11,,,False,4
424,12,,,True,3
424,13,,,False,3
424,14,,,True,2
424,15,,,False,3
424,16,,,False,5
424,17,,,True,3
424,18,,,True,2
424,19,,,False,3
424,20,,,True,2
424,21,,,False,4
424,22,,,True,4
424,23,,,False,3
424,24,,,True,4
424,25,,,True,2
424,26,,,False,3
424,27,,,True,4
424,28,,,False,3
424,29,,,True,3
424,30,,,False,5
424,31,,,True,2
424,32,,,False,2
424,33,,,True,3
424,34,,,False,2
424,35,,,False,3
424,36,,,True,2
424,37,,,False,3
424,38,,,True,2
425,2,,,True,2
425,3,,,False,3
425,4,,,True,4
425,5,,,False,3
425,6,,,True,3
425,7,,,False,3
425,8,,,True,3
425,9,,,False,4
425,10,,,True,3
425,11,,,False,4
425,12,,,True,3
425,13,,,False,3
425,14,,,True,2
425,15,,,False,3
425,16,,,False,5
425,17,,,True,3
425,18,,,True,2
425,19,,,False,3
425,20,,,True,2
425,21,,,False,4
425,22,,,True,4
425,23,,,False,3
425,24,,,True,4
425,25,,,True,2
425,26,,,False,3
425,27,,,True,4
425,28,,,False,3
425,29,,,True,3
425,30,,,False,5
425,31,,,True,2
425,32,,,False,2
425,33,,,True,3
425,34,,,False,2
425,35,,,False,3
425,36,,,True,2
425,37,,,False,3
425,38,,,True,2
426,2,,,True,2
426,3,,,False,3
426,4,,,True,4
426,5,,,False,3
426,6,,,True,3
426,7,,,False,3
426,8,,,True,3
426,9,,,False,4
426,10,,,True,3
426,11,,,False,4
426,12,,,True,3
426,13,,,False,3
426,14,,,True,2
426,15,,,False,3
426,16,,,False,5
426,17,,,True,3
426,18,,,True,2
426,19,,,False,3
426,20,,,True,2
426,21,,,False,4
426,22,,,True,4
426,23,,,False,3
426,24,,,True,4
426,25,,,True,2
426,26,,,False,3
426,27,,,True,4
426,28,,,False,3
426,29,,,True,3
426,30,,,False,5
426,31,,,True,2
426,32,,,False,2
426,33,,,True,3
426,34,,,False,2
426,35,,,False,3
426,36,,,True,2
426,37,,,False,3
426,38,,,True,2
427,2,,,True,2
427,3,,,False,3
427,4,,,True,4
427,5,,,False,3
427,6,,,True,3
427,7,,,False,3
427,8,,,True,3
427,9,,,False,4
427,10,,,True,3
427,11,,,False,4
427,12,,,True,3
427,13,,,False,3
427,14,,,True,2
427,15,,,False,3
427,16,,,False,5
427,17,,,True,3
427,18,,,True,2
427,19,,,False,3
427,20,,,True,2
427,21,,,False,4
427,22,,,True,4
427,23,,,False,3
427,24,,,True,4
427,25,,,True,2
427,26,,,False,3
427,27,,,True,4
427,28,,,False,3
427,29,,,True,3
427,30,,,False,5
427,31,,,True,2
427,32,,,False,2
427,33,,,True,3
427,34,,,False,2
427,35,,,False,3
427,36,,,True,2
427,37,,,False,3
427,38,,,True,2
428,2,,,True,2
428,3,,,False,3
428,4,,,True,4
428,5,,,False,3
428,6,,,True,3
428,7,,,False,3
428,8,,,True,3
428,9,,,False,4
428,10,,,True,3
428,11,,,False,4
428,12,,,True,3
428,13,,,False,3
428,14,,,True,2
428,15,,,False,3
428,16,,,False,5
428,17,,,True,3
428,18,,,True,2
428,19,,,False,3
428,20,,,True,2
428,21,,,False,4
428,22,,,True,4
428,23,,,False,3
428,24,,,True,4
428,25,,,True,2
428,26,,,False,3
428,27,,,True,4
428,28,,,False,3
428,29,,,True,3
428,30,,,False,5
428,31,,,True,2
428,32,,,False,2
428,33,,,True,3
428,34,,,False,2
428,35,,,False,3
428,36,,,True,2
428,37,,,False,3
428,38,,,True,2
429,2,,,True,2
429,3,,,False,3
429,4,,,True,4
429,5,,,False,3
429,6,,,True,3
429,7,,,False,3
429,8,,,True,3
429,9,,,False,4
429,10,,,True,3
429,11,,,False,4
429,12,,,True,3
429,13,,,False,3
429,14,,,True,2
429,15,,,False,3
429,16,,,False,5
429,17,,,True,3
429,18,,,True,2
429,19,,,False,3
429,20,,,True,2
429,21,,,False,4
429,22,,,True,4
429,23,,,False,3
429,24,,,True,4
429,25,,,True,2
429,26,,,False,3
429,27,,,True,4
429,28,,,False,3
429,29,,,True,3
429,30,,,False,5
429,31,,,True,2
429,32,,,False,2
429,33,,,True,3
429,34,,,False,2
429,35,,,False,3
429,36,,,True,2
429,37,,,False,3
429,38,,,True,2
430,2,,,True,2
430,3,,,False,3
430,4,,,True,4
430,5,,,False,3
430,6,,,True,3
430,7,,,False,3
430,8,,,True,3
430,9,,,False,4
430,10,,,True,3
430,11,,,False,4
430,12,,,True,3
430,13,,,False,3
430,14,,,True,2
430,15,,,False,3
430,16,,,False,5
430,17,,,True,3
430,18,,,True,2
430,19,,,False,3
430,20,,,True,2
430,21,,,False,4
430,22,,,True,4
430,23,,,False,3
430,24,,,True,4
430,25,,,True,2
430,26,,,False,3
430,27,,,True,4
430,28,,,False,3
430,29,,,True,3
430,30,,,False,5
430,31,,,True,2
430,32,,,False,2
430,33,,,True,3
430,34,,,False,2
430,35,,,False,3
430,36,,,True,2
430,37,,,False,3
430,38,,,True,2
431,2,,,True,2
431,3,,,False,3
431,4,,,True,4
431,5,,,False,3
431,6,,,True,3
431,7,,,False,3
431,8,,,True,3
431,9,,,False,4
431,10,,,True,3
431,11,,,False,4
431,12,,,True,3
431,13,,,False,3
431,14,,,True,2
431,15,,,False,3
431,16,,,False,5
431,17,,,True,3
431,18,,,True,2
431,19,,,False,3
431,20,,,True,2
431,21,,,False,4
431,22,,,True,4
431,23,,,False,3
431,24,,,True,4
431,25,,,True,2
431,26,,,False,3
431,27,,,True,4
431,28,,,False,3
431,29,,,True,3
431,30,,,False,5
431,31,,,True,2
431,32,,,False,2
431,33,,,True,3
431,34,,,False,2
431,35,,,False,3
431,36,,,True,2
431,37,,,False,3
431,38,,,True,2
432,2,,,True,2
432,3,,,False,3
432,4,,,True,4
432,5,,,False,3
432,6,,,True,3
432,7,,,False,3
432,8,,,True,3
432,9,,,False,4
432,10,,,True,3
432,11,,,False,4
432,12,,,True,3
432,13,,,False,3
432,14,,,True,2
432,15,,,False,3
432,16,,,False,5
432,17,,,True,3
432,18,,,True,2
432,19,,,False,3
432,20,,,True,2
432,21,,,False,4
432,22,,,True,4
432,23,,,False,3
432,24,,,True,4
432,25,,,True,2
432,26,,,False,3
432,27,,,True,4
432,28,,,False,3
432,29,,,True,3
432,30,,,False,5
432,31,,,True,2
432,32,,,False,2
432,33,,,True,3
432,34,,,False,2
432,35,,,False,3
432,36,,,True,2
432,37,,,False,3
432,38,,,True,2
433,2,,,True,2
433,3,,,False,3
433,4,,,True,4
433,5,,,False,3
433,6,,,True,3
433,7,,,False,3
433,8,,,True,3
433,9,,,False,4
433,10,,,True,3
433,11,,,False,4
433,12,,,True,3
433,13,,,False,3
433,14,,,True,2
433,15,,,False,3
433,16,,,False,5
433,17,,,True,3
433,18,,,True,2
433,19,,,False,3
433,20,,,True,2
433,21,,,False,4
433,22,,,True,4
433,23,,,False,3
433,24,,,True,4
433,25,,,True,2
433,26,,,False,3
433,27,,,True,4
433,28,,,False,3
433,29,,,True,3
433,30,,,False,5
433,31,,,True,2
433,32,,,False,2
433,33,,,True,3
433,34,,,False,2
433,35,,,False,3
433,36,,,True,2
433,37,,,False,3
433,38,,,True,2
434,2,,,True,2
434,3,,,False,3
434,4,,,True,4
434,5,,,False,3
434,6,,,True,3
434,7,,,False,3
434,8,,,True,3
434,9,,,False,4
434,10,,,True,3
434,11,,,False,4
434,12,,,True,3
434,13,,,False,3
434,14,,,True,2
434,15,,,False,3
434,16,,,False,5
434,17,,,True,3
434,18,,,True,2
434,19,,,False,3
434,20,,,True,2
434,21,,,False,4
434,22,,,True,4
434,23,,,False,3
434,24,,,True,4
434,25,,,True,2
434,26,,,False,3
434,27,,,True,4
434,28,,,False,3
434,29,,,True,3
434,30,,,False,5
434,31,,,True,2
434,32,,,False,2
434,33,,,True,3
434,34,,,False,2
434,35,,,False,3
434,36,,,True,2
434,37,,,False,3
434,38,,,True,2
435,2,,,True,2
435,3,,,False,3
435,4,,,True,4
435,5,,,False,3
435,6,,,True,3
435,7,,,False,3
435,8,,,True,3
435,9,,,False,4
435,10,,,True,3
435,11,,,False,4
435,12,,,True,3
435,13,,,False,3
435,14,,,True,2
435,15,,,False,3
435,16,,,False,5
435,17,,,True,3
435,18,,,True,2
435,19,,,False,3
435,20,,,True,2
435,21,,,False,4
435,22,,,True,4
435,23,,,False,3
435,24,,,True,4
435,25,,,True,2
435,26,,,False,3
435,27,,,True,4
435,28,,,False,3
435,29,,,True,3
435,30,,,False,5
435,31,,,True,2
435,32,,,False,2
435,33,,,True,3
435,34,,,False,2
435,35,,,False,3
435,36,,,True,2
435,37,,,False,3
435,38,,,True,2
436,2,,,True,2
436,3,,,False,3
436,4,,,True,4
436,5,,,False,3
436,6,,,True,3
436,7,,,False,3
436,8,,,True,3
436,9,,,False,4
436,10,,,True,3
436,11,,,False,4
436,12,,,True,3
436,13,,,False,3
436,14,,,True,2
436,15,,,False,3
436,16,,,False,5
436,17,,,True,3
436,18,,,True,2
436,19,,,False,3
436,20,,,True,2
436,21,,,False,4
436,22,,,True,4
436,23,,,False,3
436,24,,,True,4
436,25,,,True,2
436,26,,,False,3
436,27,,,True,4
436,28,,,False,3
436,29,,,True,3
436,30,,,False,5
436,31,,,True,2
436,32,,,False,2
436,33,,,True,3
436,34,,,False,2
436,35,,,False,3
436,36,,,True,2
436,37,,,False,3
436,38,,,True,2
437,2,,,True,2
437,3,,,False,3
437,4,,,True,4
437,5,,,False,3
437,6,,,True,3
437,7,,,False,3
437,8,,,True,3
437,9,,,False,4
437,10,,,True,3
437,11,,,False,4
437,12,,,True,3
437,13,,,False,3
437,14,,,True,2
437,15,,,False,3
437,16,,,False,5
437,17,,,True,3
437,18,,,True,2
437,19,,,False,3
437,20,,,True,2
437,21,,,False,4
437,22,,,True,4
437,23,,,False,3
437,24,,,True,4
437,25,,,True,2
437,26,,,False,3
437,27,,,True,4
437,28,,,False,3
437,29,,,True,3
437,30,,,False,5
437,31,,,True,2
437,32,,,False,2
437,33,,,True,3
437,34,,,False,2
437,35,,,False,3
437,36,,,True,2
437,37,,,False,3
437,38,,,True,2
438,2,,,True,2
438,3,,,False,3
438,4,,,True,4
438,5,,,False,3
438,6,,,True,3
438,7,,,False,3
438,8,,,True,3
438,9,,,False,4
438,10,,,True,3
438,11,,,False,4
438,12,,,True,3
438,13,,,False,3
438,14,,,True,2
438,15,,,False,3
438,16,,,False,5
438,17,,,True,3
438,18,,,True,2
438,19,,,False,3
438,20,,,True,2
438,21,,,False,4
438,22,,,True,4
438,23,,,False,3
438,24,,,True,4
438,25,,,True,2
438,26,,,False,3
438,27,,,True,4
438,28,,,False,3
438,29,,,True,3
438,30,,,False,5
438,31,,,True,2
438,32,,,False,2
438,33,,,True,3
438,34,,,False,2
438,35,,,False,3
438,36,,,True,2
438,37,,,False,3
438,38,,,True,2
439,2,,,True,2
439,3,,,False,3
439,4,,,True,4
439,5,,,False,3
439,6,,,True,3
439,7,,,False,3
439,8,,,True,3
439,9,,,False,4
439,10,,,True,3
439,11,,,False,4
439,12,,,True,3
439,13,,,False,3
439,14,,,True,2
439,15,,,False,3
439,16,,,False,5
439,17,,,True,3
439,18,,,True,2
439,19,,,False,3
439,20,,,True,2
439,21,,,False,4
439,22,,,True,4
439,23,,,False,3
439,24,,,True,4
439,25,,,True,2
439,26,,,False,3
439,27,,,True,4
439,28,,,False,3
439,29,,,True,3
439,30,,,False,5
439,31,,,True,2
439,32,,,False,2
439,33,,,True,3
439,34,,,False,2
439,35,,,False,3
439,36,,,True,2
439,37,,,False,3
439,38,,,True,2
440,2,,,True,2
440,3,,,False,3
440,4,,,True,4
440,5,,,False,3
440,6,,,True,3
440,7,,,False,3
440,8,,,True,3
440,9,,,False,4
440,10,,,True,3
440,11,,,False,4
440,12,,,True,3
440,13,,,False,3
440,14,,,True,2
440,15,,,False,3
440,16,,,False,5
440,17,,,True,3
440,18,,,True,2
440,19,,,False,3
440,20,,,True,2
440,21,,,False,4
440,22,,,True,4
440,23,,,False,3
440,24,,,True,4
440,25,,,True,2
440,26,,,False,3
440,27,,,True,4
440,28,,,False,3
440,29,,,True,3
440,30,,,False,5
440,31,,,True,2
440,32,,,False,2
440,33,,,True,3
440,34,,,False,2
440,35,,,False,3
440,36,,,True,2
440,37,,,False,3
440,38,,,True,2
441,2,,,True,2
441,3,,,False,3
441,4,,,True,4
441,5,,,False,3
441,6,,,True,3
441,7,,,False,3
441,8,,,True,3
441,9,,,False,4
441,10,,,True,3
441,11,,,False,4
441,12,,,True,3
441,13,,,False,3
441,14,,,True,2
441,15,,,False,3
441,16,,,False,5
441,17,,,True,3
441,18,,,True,2
441,19,,,False,3
441,20,,,True,2
441,21,,,False,4
441,22,,,True,4
441,23,,,False,3
441,24,,,True,4
441,25,,,True,2
441,26,,,False,3
441,27,,,True,4
441,28,,,False,3
441,29,,,True,3
441,30,,,False,5
441,31,,,True,2
441,32,,,False,2
441,33,,,True,3
441,34,,,False,2
441,35,,,False,3
441,36,,,True,2
441,37,,,False,3
441,38,,,True,2
405,2,,,False,3
405,3,,,True,2
405,4,,,False,4
405,5,,,True,2
405,6,,,False,4
405,7,,,True,2
405,8,,,False,4
405,9,,,True,2
405,10,,,False,3
405,11,,,True,2
405,12,,,False,5
405,13,,,True,2
405,14,,,False,3
405,15,,,True,4
405,16,,,True,2
405,17,,,False,3
405,18,,,False,3
405,19,,,True,3
405,20,,,False,3
405,21,,,True,3
405,22,,,False,3
405,23,,,True,4
405,24,,,False,3
405,25,,,False,3
405,26,,,True,2
405,27,,,False,2
405,28,,,True,3
405,29,,,False,2
405,30,,,True,4
405,31,,,False,3
405,32,,,True,3
405,33,,,False,4
405,34,,,True,3
405,35,,,True,4
405,36,,,False,2
405,37,,,True,3
405,38,,,False,3
442,2,,,False,3
442,3,,,True,3
442,4,,,False,3
442,5,,,True,2
442,6,,,False,2
442,7,,,True,3
442,8,,,False,3
442,9,,,True,3
442,10,,,False,3
442,11,,,True,4
442,12,,,False,3
442,13,,,True,4
442,14,,,True,2
442,15,,,False,2
442,16,,,False,3
442,17,,,True,4
442,18,,,True,3
442,19,,,False,4
442,20,,,False,4
442,21,,,True,2
442,22,,,False,5
442,23,,,True,2
442,24,,,False,3
442,25,,,True,4
442,26,,,False,5
442,27,,,True,3
442,28,,,False,3
442,29,,,False,3
442,30,,,True,2
442,31,,,False,4
442,32,,,True,3
442,33,,,True,2
442,34,,,False,3
442,35,,,True,2
442,36,,,False,4
442,37,,,True,3
442,38,,,False,2
443,2,,,False,3
443,3,,,True,3
443,4,,,False,3
443,5,,,True,2
443,6,,,False,2
443,7,,,True,3
443,8,,,False,3
443,9,,,True,3
443,10,,,False,3
443,11,,,True,4
443,12,,,False,3
443,13,,,True,4
443,14,,,True,2
443,15,,,False,2
443,16,,,False,3
443,17,,,True,4
443,18,,,True,3
443,19,,,False,4
443,20,,,False,4
443,21,,,True,2
443,22,,,False,5
443,23,,,True,2
443,24,,,False,3
443,25,,,True,4
443,26,,,False,5
443,27,,,True,3
443,28,,,False,3
443,29,,,False,3
443,30,,,True,2
443,31,,,False,4
443,32,,,True,3
443,33,,,True,2
443,34,,,False,3
443,35,,,True,2
443,36,,,False,4
443,37,,,True,3
443,38,,,False,2
444,2,,,False,3
444,3,,,True,3
444,4,,,False,3
444,5,,,True,2
444,6,,,False,2
444,7,,,True,3
444,8,,,False,3
444,9,,,True,3
444,10,,,False,3
444,11,,,True,4
444,12,,,False,3
444,13,,,True,4
444,14,,,True,2
444,15,,,False,2
444,16,,,False,3
444,17,,,True,4
444,18,,,True,3
444,19,,,False,4
444,20,,,False,4
444,21,,,True,2
444,22,,,False,5
444,23,,,True,2
444,24,,,False,3
444,25,,,True,4
444,26,,,False,5
444,27,,,True,3
444,28,,,False,3
444,29,,,False,3
444,30,,,True,2
444,31,,,False,4
444,32,,,True,3
444,33,,,True,2
444,34,,,False,3
444,35,,,True,2
444,36,,,False,4
444,37,,,True,3
444,38,,,False,2
445,2,,,False,3
445,3,,,True,3
445,4,,,False,3
445,5,,,True,2
445,6,,,False,2
445,7,,,True,3
445,8,,,False,3
445,9,,,True,3
445,10,,,False,3
445,11,,,True,4
445,12,,,False,3
445,13,,,True,4
445,14,,,True,2
445,15,,,False,2
445,16,,,False,3
445,17,,,True,4
445,18,,,True,3
445,19,,,False,4
445,20,,,False,4
445,21,,,True,2
445,22,,,False,5
445,23,,,True,2
445,24,,,False,3
445,25,,,True,4
445,26,,,False,5
445,27,,,True,3
445,28,,,False,3
445,29,,,False,3
445,30,,,True,2
445,31,,,False,4
445,32,,,True,3
445,33,,,True,2
445,34,,,False,3
445,35,,,True,2
445,36,,,False,4
445,37,,,True,3
445,38,,,False,2
446,2,,,False,3
446,3,,,True,3
446,4,,,False,3
446,5,,,True,2
446,6,,,False,2
446,7,,,True,3
446,8,,,False,3
446,9,,,True,3
446,10,,,False,3
446,11,,,True,4
446,12,,,False,3
446,13,,,True,4
446,14,,,True,2
446,15,,,False,2
446,16,,,False,3
446,17,,,True,4
446,18,,,True,3
446,19,,,False,4
446,20,,,False,4
446,21,,,True,2
446,22,,,False,5
446,23,,,True,2
446,24,,,False,3
446,25,,,True,4
446,26,,,False,5
446,27,,,True,3
446,28,,,False,3
446,29,,,False,3
446,30,,,True,2
446,31,,,False,4
446,32,,,True,3
446,33,,,True,2
446,34,,,False,3
446,35,,,True,2
446,36,,,False,4
446,37,,,True,3
446,38,,,False,2
447,2,,,False,3
447,3,,,True,3
447,4,,,False,3
447,5,,,True,2
447,6,,,False,2
447,7,,,True,3
447,8,,,False,3
447,9,,,True,3
447,10,,,False,3
447,11,,,True,4
447,12,,,False,3
447,13,,,True,4
447,14,,,True,2
447,15,,,False,2
447,16,,,False,3
447,17,,,True,4
447,18,,,True,3
447,19,,,False,4
447,20,,,False,4
447,21,,,True,2
447,22,,,False,5
447,23,,,True,2
447,24,,,False,3
447,25,,,True,4
447,26,,,False,5
447,27,,,True,3
447,28,,,False,3
447,29,,,False,3
447,30,,,True,2
447,31,,,False,4
447,32,,,True,3
447,33,,,True,2
447,34,,,False,3
447,35,,,True,2
447,36,,,False,4
447,37,,,True,3
447,38,,,False,2
448,2,,,False,3
448,3,,,True,3
448,4,,,False,3
448,5,,,True,2
448,6,,,False,2
448,7,,,True,3
448,8,,,False,3
448,9,,,True,3
448,10,,,False,3
448,11,,,True,4
448,12,,,False,3
448,13,,,True,4
448,14,,,True,2
448,15,,,False,2
448,16,,,False,3
448,17,,,True,4
448,18,,,True,3
448,19,,,False,4
448,20,,,False,4
448,21,,,True,2
448,22,,,False,5
448,23,,,True,2
448,24,,,False,3
448,25,,,True,4
448,26,,,False,5
448,27,,,True,3
448,28,,,False,3
448,29,,,False,3
448,30,,,True,2
448,31,,,False,4
448,32,,,True,3
448,33,,,True,2
448,34,,,False,3
448,35,,,True,2
448,36,,,False,4
448,37,,,True,3
448,38,,,False,2
449,2,,,False,3
449,3,,,True,3
449,4,,,False,3
449,5,,,True,2
449,6,,,False,2
449,7,,,True,3
449,8,,,False,3
449,9,,,True,3
449,10,,,False,3
449,11,,,True,4
449,12,,,False,3
449,13,,,True,4
449,14,,,True,2
449,15,,,False,2
449,16,,,False,3
449,17,,,True,4
449,18,,,True,3
449,19,,,False,4
449,20,,,False,4
449,21,,,True,2
449,22,,,False,5
449,23,,,True,2
449,24,,,False,3
449,25,,,True,4
449,26,,,False,5
449,27,,,True,3
449,28,,,False,3
449,29,,,False,3
449,30,,,True,2
449,31,,,False,4
449,32,,,True,3
449,33,,,True,2
449,34,,,False,3
449,35,,,True,2
449,36,,,False,4
449,37,,,True,3
449,38,,,False,2
450,2,,,False,3
450,3,,,True,3
450,4,,,False,3
450,5,,,True,2
450,6,,,False,2
450,7,,,True,3
450,8,,,False,3
450,9,,,True,3
450,10,,,False,3
450,11,,,True,4
450,12,,,False,3
450,13,,,True,4
450,14,,,True,2
450,15,,,False,2
450,16,,,False,3
450,17,,,True,4
450,18,,,True,3
450,19,,,False,4
450,20,,,False,4
450,21,,,True,2
450,22,,,False,5
450,23,,,True,2
450,24,,,False,3
450,25,,,True,4
450,26,,,False,5
450,27,,,True,3
450,28,,,False,3
450,29,,,False,3
450,30,,,True,2
450,31,,,False,4
450,32,,,True,3
450,33,,,True,2
450,34,,,False,3
450,35,,,True,2
450,36,,,False,4
450,37,,,True,3
450,38,,,False,2
451,2,,,False,3
451,3,,,True,3
451,4,,,False,3
451,5,,,True,2
451,6,,,False,2
451,7,,,True,3
451,8,,,False,3
451,9,,,True,3
451,10,,,False,3
451,11,,,True,4
451,12,,,False,3
451,13,,,True,4
451,14,,,True,2
451,15,,,False,2
451,16,,,False,3
451,17,,,True,4
451,18,,,True,3
451,19,,,False,4
451,20,,,False,4
451,21,,,True,2
451,22,,,False,5
451,23,,,True,2
451,24,,,False,3
451,25,,,True,4
451,26,,,False,5
451,27,,,True,3
451,28,,,False,3
451,29,,,False,3
451,30,,,True,2
451,31,,,False,4
451,32,,,True,3
451,33,,,True,2
451,34,,,False,3
451,35,,,True,2
451,36,,,False,4
451,37,,,True,3
451,38,,,False,2
453,2,,,False,3
453,3,,,True,3
453,4,,,False,3
453,5,,,True,2
453,6,,,False,2
453,7,,,True,3
453,8,,,False,3
453,9,,,True,3
453,10,,,False,3
453,11,,,True,4
453,12,,,False,3
453,13,,,True,4
453,14,,,True,2
453,15,,,False,2
453,16,,,False,3
453,17,,,True,4
453,18,,,True,3
453,19,,,False,4
453,20,,,False,4
453,21,,,True,2
453,22,,,False,5
453,23,,,True,2
453,24,,,False,3
453,25,,,True,4
453,26,,,False,5
453,27,,,True,3
453,28,,,False,3
453,29,,,False,3
453,30,,,True,2
453,31,,,False,4
453,32,,,True,3
453,33,,,True,2
453,34,,,False,3
453,35,,,True,2
453,36,,,False,4
453,37,,,True,3
453,38,,,False,2
454,2,,,False,3
454,3,,,True,3
454,4,,,False,3
454,5,,,True,2
454,6,,,False,2
454,7,,,True,3
454,8,,,False,3
454,9,,,True,3
454,10,,,False,3
454,11,,,True,4
454,12,,,False,3
454,13,,,True,4
454,14,,,True,2
454,15,,,False,2
454,16,,,False,3
454,17,,,True,4
454,18,,,True,3
454,19,,,False,4
454,20,,,False,4
454,21,,,True,2
454,22,,,False,5
454,23,,,True,2
454,24,,,False,3
454,25,,,True,4
454,26,,,False,5
454,27,,,True,3
454,28,,,False,3
454,29,,,False,3
454,30,,,True,2
454,31,,,False,4
454,32,,,True,3
454,33,,,True,2
454,34,,,False,3
454,35,,,True,2
454,36,,,False,4
454,37,,,True,3
454,38,,,False,2
456,2,,,False,3
456,3,,,True,3
456,4,,,False,3
456,5,,,True,2
456,6,,,False,2
456,7,,,True,3
456,8,,,False,3
456,9,,,True,3
456,10,,,False,3
456,11,,,True,4
456,12,,,False,3
456,13,,,True,4
456,14,,,True,2
456,15,,,False,2
456,16,,,False,3
456,17,,,True,4
456,18,,,True,3
456,19,,,False,4
456,20,,,False,4
456,21,,,True,2
456,22,,,False,5
456,23,,,True,2
456,24,,,False,3
456,25,,,True,4
456,26,,,False,5
456,27,,,True,3
456,28,,,False,3
456,29,,,False,3
456,30,,,True,2
456,31,,,False,4
456,32,,,True,3
456,33,,,True,2
456,34,,,False,3
456,35,,,True,2
456,36,,,False,4
456,37,,,True,3
456,38,,,False,2
457,2,,,False,3
457,3,,,True,3
457,4,,,False,3
457,5,,,True,2
457,6,,,False,2
457,7,,,True,3
457,8,,,False,3
457,9,,,True,3
457,10,,,False,3
457,11,,,True,4
457,12,,,False,3
457,13,,,True,4
457,14,,,True,2
457,15,,,False,2
457,16,,,False,3
457,17,,,True,4
457,18,,,True,3
457,19,,,False,4
457,20,,,False,4
457,21,,,True,2
457,22,,,False,5
457,23,,,True,2
457,24,,,False,3
457,25,,,True,4
457,26,,,False,5
457,27,,,True,3
457,28,,,False,3
457,29,,,False,3
457,30,,,True,2
457,31,,,False,4
457,32,,,True,3
457,33,,,True,2
457,34,,,False,3
457,35,,,True,2
457,36,,,False,4
457,37,,,True,3
457,38,,,False,2
458,2,,,False,3
458,3,,,True,3
458,4,,,False,3
458,5,,,True,2
458,6,,,False,2
458,7,,,True,3
458,8,,,False,3
458,9,,,True,3
458,10,,,False,3
458,11,,,True,4
458,12,,,False,3
458,13,,,True,4
458,14,,,True,2
458,15,,,False,2
458,16,,,False,3
458,17,,,True,4
458,18,,,True,3
458,19,,,False,4
458,20,,,False,4
458,21,,,True,2
458,22,,,False,5
458,23,,,True,2
458,24,,,False,3
458,25,,,True,4
458,26,,,False,5
458,27,,,True,3
458,28,,,False,3
458,29,,,False,3
458,30,,,True,2
458,31,,,False,4
458,32,,,True,3
458,33,,,True,2
458,34,,,False,3
458,35,,,True,2
458,36,,,False,4
458,37,,,True,3
458,38,,,False,2
459,2,,,False,3
459,3,,,True,3
459,4,,,False,3
459,5,,,True,2
459,6,,,False,2
459,7,,,True,3
459,8,,,False,3
459,9,,,True,3
459,10,,,False,3
459,11,,,True,4
459,12,,,False,3
459,13,,,True,4
459,14,,,True,2
459,15,,,False,2
459,16,,,False,3
459,17,,,True,4
459,18,,,True,3
459,19,,,False,4
459,20,,,False,4
459,21,,,True,2
459,22,,,False,5
459,23,,,True,2
459,24,,,False,3
459,25,,,True,4
459,26,,,False,5
459,27,,,True,3
459,28,,,False,3
459,29,,,False,3
459,30,,,True,2
459,31,,,False,4
459,32,,,True,3
459,33,,,True,2
459,34,,,False,3
459,35,,,True,2
459,36,,,False,4
459,37,,,True,3
459,38,,,False,2
460,2,,,False,3
460,3,,,True,3
460,4,,,False,3
460,5,,,True,2
460,6,,,False,2
460,7,,,True,3
460,8,,,False,3
460,9,,,True,3
460,10,,,False,3
460,11,,,True,4
460,12,,,False,3
460,13,,,True,4
460,14,,,True,2
460,15,,,False,2
460,16,,,False,3
460,17,,,True,4
460,18,,,True,3
460,19,,,False,4
460,20,,,False,4
460,21,,,True,2
460,22,,,False,5
460,23,,,True,2
460,24,,,False,3
460,25,,,True,4
460,26,,,False,5
460,27,,,True,3
460,28,,,False,3
460,29,,,False,3
460,30,,,True,2
460,31,,,False,4
460,32,,,True,3
460,33,,,True,2
460,34,,,False,3
460,35,,,True,2
460,36,,,False,4
460,37,,,True,3
460,38,,,False,2
461,2,,,False,3
461,3,,,True,3
461,4,,,False,3
461,5,,,True,2
461,6,,,False,2
461,7,,,True,3
461,8,,,False,3
461,9,,,True,3
461,10,,,False,3
461,11,,,True,4
461,12,,,False,3
461,13,,,True,4
461,14,,,True,2
461,15,,,False,2
461,16,,,False,3
461,17,,,True,4
461,18,,,True,3
461,19,,,False,4
461,20,,,False,4
461,21,,,True,2
461,22,,,False,5
461,23,,,True,2
461,24,,,False,3
461,25,,,True,4
461,26,,,False,5
461,27,,,True,3
461,28,,,False,3
461,29,,,False,3
461,30,,,True,2
461,31,,,False,4
461,32,,,True,3
461,33,,,True,2
461,34,,,False,3
461,35,,,True,2
461,36,,,False,4
461,37,,,True,3
461,38,,,False,2
462,2,,,False,3
462,3,,,True,3
462,4,,,False,3
462,5,,,True,2
462,6,,,False,2
462,7,,,True,3
462,8,,,False,3
462,9,,,True,3
462,10,,,False,3
462,11,,,True,4
462,12,,,False,3
462,13,,,True,4
462,14,,,True,2
462,15,,,False,2
462,16,,,False,3
462,17,,,True,4
462,18,,,True,3
462,19,,,False,4
462,20,,,False,4
462,21,,,True,2
462,22,,,False,5
462,23,,,True,2
462,24,,,False,3
462,25,,,True,4
462,26,,,False,5
462,27,,,True,3
462,28,,,False,3
462,29,,,False,3
462,30,,,True,2
462,31,,,False,4
462,32,,,True,3
462,33,,,True,2
462,34,,,False,3
462,35,,,True,2
462,36,,,False,4
462,37,,,True,3
462,38,,,False,2
463,2,,,False,3
463,3,,,True,3
463,4,,,False,3
463,5,,,True,2
463,6,,,False,2
463,7,,,True,3
463,8,,,False,3
463,9,,,True,3
463,10,,,False,3
463,11,,,True,4
463,12,,,False,3
463,13,,,True,4
463,14,,,True,2
463,15,,,False,2
463,16,,,False,3
463,17,,,True,4
463,18,,,True,3
463,19,,,False,4
463,20,,,False,4
463,21,,,True,2
463,22,,,False,5
463,23,,,True,2
463,24,,,False,3
463,25,,,True,4
463,26,,,False,5
463,27,,,True,3
463,28,,,False,3
463,29,,,False,3
463,30,,,True,2
463,31,,,False,4
463,32,,,True,3
463,33,,,True,2
463,34,,,False,3
463,35,,,True,2
463,36,,,False,4
463,37,,,True,3
463,38,,,False,2
464,2,,,False,3
464,3,,,True,3
464,4,,,False,3
464,5,,,True,2
464,6,,,False,2
464,7,,,True,3
464,8,,,False,3
464,9,,,True,3
464,10,,,False,3
464,11,,,True,4
464,12,,,False,3
464,13,,,True,4
464,14,,,True,2
464,15,,,False,2
464,16,,,False,3
464,17,,,True,4
464,18,,,True,3
464,19,,,False,4
464,20,,,False,4
464,21,,,True,2
464,22,,,False,5
464,23,,,True,2
464,24,,,False,3
464,25,,,True,4
464,26,,,False,5
464,27,,,True,3
464,28,,,False,3
464,29,,,False,3
464,30,,,True,2
464,31,,,False,4
464,32,,,True,3
464,33,,,True,2
464,34,,,False,3
464,35,,,True,2
464,36,,,False,4
464,37,,,True,3
464,38,,,False,2
465,2,,,False,3
465,3,,,True,3
465,4,,,False,3
465,5,,,True,2
465,6,,,False,2
465,7,,,True,3
465,8,,,False,3
465,9,,,True,3
465,10,,,False,3
465,11,,,True,4
465,12,,,False,3
465,13,,,True,4
465,14,,,True,2
465,15,,,False,2
465,16,,,False,3
465,17,,,True,4
465,18,,,True,3
465,19,,,False,4
465,20,,,False,4
465,21,,,True,2
465,22,,,False,5
465,23,,,True,2
465,24,,,False,3
465,25,,,True,4
465,26,,,False,5
465,27,,,True,3
465,28,,,False,3
465,29,,,False,3
465,30,,,True,2
465,31,,,False,4
465,32,,,True,3
465,33,,,True,2
465,34,,,False,3
465,35,,,True,2
465,36,,,False,4
465,37,,,True,3
465,38,,,False,2
466,2,,,False,3
466,3,,,True,3
466,4,,,False,3
466,5,,,True,2
466,6,,,False,2
466,7,,,True,3
466,8,,,False,3
466,9,,,True,3
466,10,,,False,3
466,11,,,True,4
466,12,,,False,3
466,13,,,True,4
466,14,,,True,2
466,15,,,False,2
466,16,,,False,3
466,17,,,True,4
466,18,,,True,3
466,19,,,False,4
466,20,,,False,4
466,21,,,True,2
466,22,,,False,5
466,23,,,True,2
466,24,,,False,3
466,25,,,True,4
466,26,,,False,5
466,27,,,True,3
466,28,,,False,3
466,29,,,False,3
466,30,,,True,2
466,31,,,False,4
466,32,,,True,3
466,33,,,True,2
466,34,,,False,3
466,35,,,True,2
466,36,,,False,4
466,37,,,True,3
466,38,,,False,2
559,2,,,False,3
559,3,,,True,3
559,4,,,False,3
559,5,,,True,2
559,6,,,False,2
559,7,,,True,3
559,8,,,False,3
559,9,,,True,3
559,10,,,False,3
559,11,,,True,4
559,12,,,False,3
559,13,,,True,4
559,14,,,True,2
559,15,,,False,2
559,16,,,False,3
559,17,,,True,4
559,18,,,True,3
559,19,,,False,4
559,20,,,False,4
559,21,,,True,2
559,22,,,False,5
559,23,,,True,2
559,24,,,False,3
559,25,,,True,4
559,26,,,False,5
559,27,,,True,3
559,28,,,False,3
559,29,,,False,3
559,30,,,True,2
559,31,,,False,4
559,32,,,True,3
559,33,,,True,2
559,34,,,False,3
559,35,,,True,2
559,36,,,False,4
559,37,,,True,3
559,38,,,False,2
567,2,,,False,3
567,3,,,True,3
567,4,,,False,3
567,5,,,True,2
567,6,,,False,2
567,7,,,True,3
567,8,,,False,3
567,9,,,True,3
567,10,,,False,3
567,11,,,True,4
567,12,,,False,3
567,13,,,True,4
567,14,,,True,2
567,15,,,False,2
567,16,,,False,3
567,17,,,True,4
567,18,,,True,3
567,19,,,False,4
567,20,,,False,4
567,21,,,True,2
567,22,,,False,5
567,23,,,True,2
567,24,,,False,3
567,25,,,True,4
567,26,,,False,5
567,27,,,True,3
567,28,,,False,3
567,29,,,False,3
567,30,,,True,2
567,31,,,False,4
567,32,,,True,3
567,33,,,True,2
567,34,,,False,3
567,35,,,True,2
567,36,,,False,4
567,37,,,True,3
567,38,,,False,2
593,2,,,False,3
593,3,,,True,3
593,4,,,False,3
593,5,,,True,2
593,6,,,False,2
593,7,,,True,3
593,8,,,False,3
593,9,,,True,3
593,10,,,False,3
593,11,,,True,4
593,12,,,False,3
593,13,,,True,4
593,14,,,True,2
593,15,,,False,2
593,16,,,False,3
593,17,,,True,4
593,18,,,True,3
593,19,,,False,4
593,20,,,False,4
593,21,,,True,2
593,22,,,False,5
593,23,,,True,2
593,24,,,False,3
593,25,,,True,4
593,26,,,False,5
593,27,,,True,3
593,28,,,False,3
593,29,,,False,3
593,30,,,True,2
593,31,,,False,4
593,32,,,True,3
593,33,,,True,2
593,34,,,False,3
593,35,,,True,2
593,36,,,False,4
593,37,,,True,3
593,38,,,False,2
609,2,,,False,3
609,3,,,True,3
609,4,,,False,3
609,5,,,True,2
609,6,,,False,2
609,7,,,True,3
609,8,,,False,3
609,9,,,True,3
609,10,,,False,3
609,11,,,True,4
609,12,,,False,3
609,13,,,True,4
609,14,,,True,2
609,15,,,False,2
609,16,,,False,3
609,17,,,True,4
609,18,,,True,3
609,19,,,False,4
609,20,,,False,4
609,21,,,True,2
609,22,,,False,5
609,23,,,True,2
609,24,,,False,3
609,25,,,True,4
609,26,,,False,5
609,27,,,True,3
609,28,,,False,3
609,29,,,False,3
609,30,,,True,2
609,31,,,False,4
609,32,,,True,3
609,33,,,True,2
609,34,,,False,3
609,35,,,True,2
609,36,,,False,4
609,37,,,True,3
609,38,,,False,2
167,2,,,True,2
167,3,,,False,5
167,4,,,True,2
167,5,,,False,3
167,6,,,True,3
167,7,,,False,3
167,8,,,True,3
167,9,,,True,4
167,10,,,False,3
167,11,,,True,2
167,12,,,False,3
167,13,,,True,3
167,14,,,True,4
167,15,,,False,5
167,16,,,True,3
167,17,,,False,2
167,18,,,False,2
167,19,,,True,2
167,20,,,False,3
167,21,,,True,2
167,22,,,False,3
167,23,,,True,3
167,24,,,False,4
167,25,,,False,3
167,26,,,True,2
167,27,,,False,4
167,28,,,True,2
167,29,,,True,4
167,30,,,False,2
167,31,,,True,2
167,32,,,False,3
167,33,,,True,4
167,34,,,False,4
167,35,,,False,3
167,36,,,True,3
167,37,,,False,3
167,38,,,True,3
467,2,,,False,4
467,3,,,True,3
467,4,,,False,4
467,5,,,True,2
467,6,,,False,3
467,7,,,True,4
467,8,,,False,2
467,9,,,False,3
467,10,,,True,4
467,11,,,False,3
467,12,,,True,4
467,13,,,False,2
467,14,,,True,2
467,15,,,False,3
467,16,,,True,3
467,17,,,False,4
467,18,,,False,3
467,19,,,True,2
467,20,,,True,2
467,21,,,False,5
467,22,,,True,3
467,23,,,False,4
467,24,,,True,3
467,25,,,False,3
467,26,,,True,4
467,27,,,False,3
467,28,,,True,2
467,29,,,False,3
467,30,,,True,3
467,31,,,False,3
467,32,,,True,4
467,33,,,True,2
467,34,,,False,3
467,35,,,True,3
467,36,,,False,5
467,37,,,True,2
467,38,,,False,2
468,2,,,False,4
468,3,,,True,3
468,4,,,False,4
468,5,,,True,2
468,6,,,False,3
468,7,,,True,4
468,8,,,False,2
468,9,,,False,3
468,10,,,True,4
468,11,,,False,3
468,12,,,True,4
468,13,,,False,2
468,14,,,True,2
468,15,,,False,3
468,16,,,True,3
468,17,,,False,4
468,18,,,False,3
468,19,,,True,2
468,20,,,True,2
468,21,,,False,5
468,22,,,True,3
468,23,,,False,4
468,24,,,True,3
468,25,,,False,3
468,26,,,True,4
468,27,,,False,3
468,28,,,True,2
468,29,,,False,3
468,30,,,True,3
468,31,,,False,3
468,32,,,True,4
468,33,,,True,2
468,34,,,False,3
468,35,,,True,3
468,36,,,False,5
468,37,,,True,2
468,38,,,False,2
469,2,,,False,4
469,3,,,True,3
469,4,,,False,4
469,5,,,True,2
469,6,,,False,3
469,7,,,True,4
469,8,,,False,2
469,9,,,False,3
469,10,,,True,4
469,11,,,False,3
469,12,,,True,4
469,13,,,False,2
469,14,,,True,2
469,15,,,False,3
469,16,,,True,3
469,17,,,False,4
469,18,,,False,3
469,19,,,True,2
469,20,,,True,2
469,21,,,False,5
469,22,,,True,3
469,23,,,False,4
469,24,,,True,3
469,25,,,False,3
469,26,,,True,4
469,27,,,False,3
469,28,,,True,2
469,29,,,False,3
469,30,,,True,3
469,31,,,False,3
469,32,,,True,4
469,33,,,True,2
469,34,,,False,3
469,35,,,True,3
469,36,,,False,5
469,37,,,True,2
469,38,,,False,2
470,2,,,False,4
470,3,,,True,3
470,4,,,False,4
470,5,,,True,2
470,6,,,False,3
470,7,,,True,4
470,8,,,False,2
470,9,,,False,3
470,10,,,True,4
470,11,,,False,3
470,12,,,True,4
470,13,,,False,2
470,14,,,True,2
470,15,,,False,3
470,16,,,True,3
470,17,,,False,4
470,18,,,False,3
470,19,,,True,2
470,20,,,True,2
470,21,,,False,5
470,22,,,True,3
470,23,,,False,4
470,24,,,True,3
470,25,,,False,3
470,26,,,True,4
470,27,,,False,3
470,28,,,True,2
470,29,,,False,3
470,30,,,True,3
470,31,,,False,3
470,32,,,True,4
470,33,,,True,2
470,34,,,False,3
470,35,,,True,3
470,36,,,False,5
470,37,,,True,2
470,38,,,False,2
471,2,,,False,4
471,3,,,True,3
471,4,,,False,4
471,5,,,True,2
471,6,,,False,3
471,7,,,True,4
471,8,,,False,2
471,9,,,False,3
471,10,,,True,4
471,11,,,False,3
471,12,,,True,4
471,13,,,False,2
471,14,,,True,2
471,15,,,False,3
471,16,,,True,3
471,17,,,False,4
471,18,,,False,3
471,19,,,True,2
471,20,,,True,2
471,21,,,False,5
471,22,,,True,3
471,23,,,False,4
471,24,,,True,3
471,25,,,False,3
471,26,,,True,4
471,27,,,False,3
471,28,,,True,2
471,29,,,False,3
471,30,,,True,3
471,31,,,False,3
471,32,,,True,4
471,33,,,True,2
471,34,,,False,3
471,35,,,True,3
471,36,,,False,5
471,37,,,True,2
471,38,,,False,2
472,2,,,False,4
472,3,,,True,3
472,4,,,False,4
472,5,,,True,2
472,6,,,False,3
472,7,,,True,4
472,8,,,False,2
472,9,,,False,3
472,10,,,True,4
472,11,,,False,3
472,12,,,True,4
472,13,,,False,2
472,14,,,True,2
472,15,,,False,3
472,16,,,True,3
472,17,,,False,4
472,18,,,False,3
472,19,,,True,2
472,20,,,True,2
472,21,,,False,5
472,22,,,True,3
472,23,,,False,4
472,24,,,True,3
472,25,,,False,3
472,26,,,True,4
472,27,,,False,3
472,28,,,True,2
472,29,,,False,3
472,30,,,True,3
472,31,,,False,3
472,32,,,True,4
472,33,,,True,2
472,34,,,False,3
472,35,,,True,3
472,36,,,False,5
472,37,,,True,2
472,38,,,False,2
473,2,,,False,4
473,3,,,True,3
473,4,,,False,4
473,5,,,True,2
473,6,,,False,3
473,7,,,True,4
473,8,,,False,2
473,9,,,False,3
473,10,,,True,4
473,11,,,False,3
473,12,,,True,4
473,13,,,False,2
473,14,,,True,2
473,15,,,False,3
473,16,,,True,3
473,17,,,False,4
473,18,,,False,3
473,19,,,True,2
473,20,,,True,2
473,21,,,False,5
473,22,,,True,3
473,23,,,False,4
473,24,,,True,3
473,25,,,False,3
473,26,,,True,4
473,27,,,False,3
473,28,,,True,2
473,29,,,False,3
473,30,,,True,3
473,31,,,False,3
473,32,,,True,4
473,33,,,True,2
473,34,,,False,3
473,35,,,True,3
473,36,,,False,5
473,37,,,True,2
473,38,,,False,2
474,2,,,False,4
474,3,,,True,3
474,4,,,False,4
474,5,,,True,2
474,6,,,False,3
474,7,,,True,4
474,8,,,False,2
474,9,,,False,3
474,10,,,True,4
474,11,,,False,3
474,12,,,True,4
474,13,,,False,2
474,14,,,True,2
474,15,,,False,3
474,16,,,True,3
474,17,,,False,4
474,18,,,False,3
474,19,,,True,2
474,20,,,True,2
474,21,,,False,5
474,22,,,True,3
474,23,,,False,4
474,24,,,True,3
474,25,,,False,3
474,26,,,True,4
474,27,,,False,3
474,28,,,True,2
474,29,,,False,3
474,30,,,True,3
474,31,,,False,3
474,32,,,True,4
474,33,,,True,2
474,34,,,False,3
474,35,,,True,3
474,36,,,False,5
474,37,,,True,2
474,38,,,False,2
475,2,,,False,4
475,3,,,True,3
475,4,,,False,4
475,5,,,True,2
475,6,,,False,3
475,7,,,True,4
475,8,,,False,2
475,9,,,False,3
475,10,,,True,4
475,11,,,False,3
475,12,,,True,4
475,13,,,False,2
475,14,,,True,2
475,15,,,False,3
475,16,,,True,3
475,17,,,False,4
475,18,,,False,3
475,19,,,True,2
475,20,,,True,2
475,21,,,False,5
475,22,,,True,3
475,23,,,False,4
475,24,,,True,3
475,25,,,False,3
475,26,,,True,4
475,27,,,False,3
475,28,,,True,2
475,29,,,False,3
475,30,,,True,3
475,31,,,False,3
475,32,,,True,4
475,33,,,True,2
475,34,,,False,3
475,35,,,True,3
475,36,,,False,5
475,37,,,True,2
475,38,,,False,2
476,2,,,False,4
476,3,,,True,3
476,4,,,False,4
476,5,,,True,2
476,6,,,False,3
476,7,,,True,4
476,8,,,False,2
476,9,,,False,3
476,10,,,True,4
476,11,,,False,3
476,12,,,True,4
476,13,,,False,2
476,14,,,True,2
476,15,,,False,3
476,16,,,True,3
476,17,,,False,4
476,18,,,False,3
476,19,,,True,2
476,20,,,True,2
476,21,,,False,5
476,22,,,True,3
476,23,,,False,4
476,24,,,True,3
476,25,,,False,3
476,26,,,True,4
476,27,,,False,3
476,28,,,True,2
476,29,,,False,3
476,30,,,True,3
476,31,,,False,3
476,32,,,True,4
476,33,,,True,2
476,34,,,False,3
476,35,,,True,3
476,36,,,False,5
476,37,,,True,2
476,38,,,False,2
477,2,,,False,4
477,3,,,True,3
477,4,,,False,4
477,5,,,True,2
477,6,,,False,3
477,7,,,True,4
477,8,,,False,2
477,9,,,False,3
477,10,,,True,4
477,11,,,False,3
477,12,,,True,4
477,13,,,False,2
477,14,,,True,2
477,15,,,False,3
477,16,,,True,3
477,17,,,False,4
477,18,,,False,3
477,19,,,True,2
477,20,,,True,2
477,21,,,False,5
477,22,,,True,3
477,23,,,False,4
477,24,,,True,3
477,25,,,False,3
477,26,,,True,4
477,27,,,False,3
477,28,,,True,2
477,29,,,False,3
477,30,,,True,3
477,31,,,False,3
477,32,,,True,4
477,33,,,True,2
477,34,,,False,3
477,35,,,True,3
477,36,,,False,5
477,37,,,True,2
477,38,,,False,2
478,2,,,False,4
478,3,,,True,3
478,4,,,False,4
478,5,,,True,2
478,6,,,False,3
478,7,,,True,4
478,8,,,False,2
478,9,,,False,3
478,10,,,True,4
478,11,,,False,3
478,12,,,True,4
478,13,,,False,2
478,14,,,True,2
478,15,,,False,3
478,16,,,True,3
478,17,,,False,4
478,18,,,False,3
478,19,,,True,2
478,20,,,True,2
478,21,,,False,5
478,22,,,True,3
478,23,,,False,4
478,24,,,True,3
478,25,,,False,3
478,26,,,True,4
478,27,,,False,3
478,28,,,True,2
478,29,,,False,3
478,30,,,True,3
478,31,,,False,3
478,32,,,True,4
478,33,,,True,2
478,34,,,False,3
478,35,,,True,3
478,36,,,False,5
478,37,,,True,2
478,38,,,False,2
479,2,,,False,4
479,3,,,True,3
479,4,,,False,4
479,5,,,True,2
479,6,,,False,3
479,7,,,True,4
479,8,,,False,2
479,9,,,False,3
479,10,,,True,4
479,11,,,False,3
479,12,,,True,4
479,13,,,False,2
479,14,,,True,2
479,15,,,False,3
479,16,,,True,3
479,17,,,False,4
479,18,,,False,3
479,19,,,True,2
479,20,,,True,2
479,21,,,False,5
479,22,,,True,3
479,23,,,False,4
479,24,,,True,3
479,25,,,False,3
479,26,,,True,4
479,27,,,False,3
479,28,,,True,2
479,29,,,False,3
479,30,,,True,3
479,31,,,False,3
479,32,,,True,4
479,33,,,True,2
479,34,,,False,3
479,35,,,True,3
479,36,,,False,5
479,37,,,True,2
479,38,,,False,2
480,2,,,False,4
480,3,,,True,3
480,4,,,False,4
480,5,,,True,2
480,6,,,False,3
480,7,,,True,4
480,8,,,False,2
480,9,,,False,3
480,10,,,True,4
480,11,,,False,3
480,12,,,True,4
480,13,,,False,2
480,14,,,True,2
480,15,,,False,3
480,16,,,True,3
480,17,,,False,4
480,18,,,False,3
480,19,,,True,2
480,20,,,True,2
480,21,,,False,5
480,22,,,True,3
480,23,,,False,4
480,24,,,True,3
480,25,,,False,3
480,26,,,True,4
480,27,,,False,3
480,28,,,True,2
480,29,,,False,3
480,30,,,True,3
480,31,,,False,3
480,32,,,True,4
480,33,,,True,2
480,34,,,False,3
480,35,,,True,3
480,36,,,False,5
480,37,,,True,2
480,38,,,False,2
482,2,,,False,4
482,3,,,True,3
482,4,,,False,4
482,5,,,True,2
482,6,,,False,3
482,7,,,True,4
482,8,,,False,2
482,9,,,False,3
482,10,,,True,4
482,11,,,False,3
482,12,,,True,4
482,13,,,False,2
482,14,,,True,2
482,15,,,False,3
482,16,,,True,3
482,17,,,False,4
482,18,,,False,3
482,19,,,True,2
482,20,,,True,2
482,21,,,False,5
482,22,,,True,3
482,23,,,False,4
482,24,,,True,3
482,25,,,False,3
482,26,,,True,4
482,27,,,False,3
482,28,,,True,2
482,29,,,False,3
482,30,,,True,3
482,31,,,False,3
482,32,,,True,4
482,33,,,True,2
482,34,,,False,3
482,35,,,True,3
482,36,,,False,5
482,37,,,True,2
482,38,,,False,2
483,2,,,False,4
483,3,,,True,3
483,4,,,False,4
483,5,,,True,2
483,6,,,False,3
483,7,,,True,4
483,8,,,False,2
483,9,,,False,3
483,10,,,True,4
483,11,,,False,3
483,12,,,True,4
483,13,,,False,2
483,14,,,True,2
483,15,,,False,3
483,16,,,True,3
483,17,,,False,4
483,18,,,False,3
483,19,,,True,2
483,20,,,True,2
483,21,,,False,5
483,22,,,True,3
483,23,,,False,4
483,24,,,True,3
483,25,,,False,3
483,26,,,True,4
483,27,,,False,3
483,28,,,True,2
483,29,,,False,3
483,30,,,True,3
483,31,,,False,3
483,32,,,True,4
483,33,,,True,2
483,34,,,False,3
483,35,,,True,3
483,36,,,False,5
483,37,,,True,2
483,38,,,False,2
484,2,,,False,4
484,3,,,True,3
484,4,,,False,4
484,5,,,True,2
484,6,,,False,3
484,7,,,True,4
484,8,,,False,2
484,9,,,False,3
484,10,,,True,4
484,11,,,False,3
484,12,,,True,4
484,13,,,False,2
484,14,,,True,2
484,15,,,False,3
484,16,,,True,3
484,17,,,False,4
484,18,,,False,3
484,19,,,True,2
484,20,,,True,2
484,21,,,False,5
484,22,,,True,3
484,23,,,False,4
484,24,,,True,3
484,25,,,False,3
484,26,,,True,4
484,27,,,False,3
484,28,,,True,2
484,29,,,False,3
484,30,,,True,3
484,31,,,False,3
484,32,,,True,4
484,33,,,True,2
484,34,,,False,3
484,35,,,True,3
484,36,,,False,5
484,37,,,True,2
484,38,,,False,2
485,2,,,False,4
485,3,,,True,3
485,4,,,False,4
485,5,,,True,2
485,6,,,False,3
485,7,,,True,4
485,8,,,False,2
485,9,,,False,3
485,10,,,True,4
485,11,,,False,3
485,12,,,True,4
485,13,,,False,2
485,14,,,True,2
485,15,,,False,3
485,16,,,True,3
485,17,,,False,4
485,18,,,False,3
485,19,,,True,2
485,20,,,True,2
485,21,,,False,5
485,22,,,True,3
485,23,,,False,4
485,24,,,True,3
485,25,,,False,3
485,26,,,True,4
485,27,,,False,3
485,28,,,True,2
485,29,,,False,3
485,30,,,True,3
485,31,,,False,3
485,32,,,True,4
485,33,,,True,2
485,34,,,False,3
485,35,,,True,3
485,36,,,False,5
485,37,,,True,2
485,38,,,False,2
486,2,,,False,4
486,3,,,True,3
486,4,,,False,4
486,5,,,True,2
486,6,,,False,3
486,7,,,True,4
486,8,,,False,2
486,9,,,False,3
486,10,,,True,4
486,11,,,False,3
486,12,,,True,4
486,13,,,False,2
486,14,,,True,2
486,15,,,False,3
486,16,,,True,3
486,17,,,False,4
486,18,,,False,3
486,19,,,True,2
486,20,,,True,2
486,21,,,False,5
486,22,,,True,3
486,23,,,False,4
486,24,,,True,3
486,25,,,False,3
486,26,,,True,4
486,27,,,False,3
486,28,,,True,2
486,29,,,False,3
486,30,,,True,3
486,31,,,False,3
486,32,,,True,4
486,33,,,True,2
486,34,,,False,3
486,35,,,True,3
486,36,,,False,5
486,37,,,True,2
486,38,,,False,2
487,2,,,False,4
487,3,,,True,3
487,4,,,False,4
487,5,,,True,2
487,6,,,False,3
487,7,,,True,4
487,8,,,False,2
487,9,,,False,3
487,10,,,True,4
487,11,,,False,3
487,12,,,True,4
487,13,,,False,2
487,14,,,True,2
487,15,,,False,3
487,16,,,True,3
487,17,,,False,4
487,18,,,False,3
487,19,,,True,2
487,20,,,True,2
487,21,,,False,5
487,22,,,True,3
487,23,,,False,4
487,24,,,True,3
487,25,,,False,3
487,26,,,True,4
487,27,,,False,3
487,28,,,True,2
487,29,,,False,3
487,30,,,True,3
487,31,,,False,3
487,32,,,True,4
487,33,,,True,2
487,34,,,False,3
487,35,,,True,3
487,36,,,False,5
487,37,,,True,2
487,38,,,False,2
488,2,,,False,4
488,3,,,True,3
488,4,,,False,4
488,5,,,True,2
488,6,,,False,3
488,7,,,True,4
488,8,,,False,2
488,9,,,False,3
488,10,,,True,4
488,11,,,False,3
488,12,,,True,4
488,13,,,False,2
488,14,,,True,2
488,15,,,False,3
488,16,,,True,3
488,17,,,False,4
488,18,,,False,3
488,19,,,True,2
488,20,,,True,2
488,21,,,False,5
488,22,,,True,3
488,23,,,False,4
488,24,,,True,3
488,25,,,False,3
488,26,,,True,4
488,27,,,False,3
488,28,,,True,2
488,29,,,False,3
488,30,,,True,3
488,31,,,False,3
488,32,,,True,4
488,33,,,True,2
488,34,,,False,3
488,35,,,True,3
488,36,,,False,5
488,37,,,True,2
488,38,,,False,2
489,2,,,False,4
489,3,,,True,3
489,4,,,False,4
489,5,,,True,2
489,6,,,False,3
489,7,,,True,4
489,8,,,False,2
489,9,,,False,3
489,10,,,True,4
489,11,,,False,3
489,12,,,True,4
489,13,,,False,2
489,14,,,True,2
489,15,,,False,3
489,16,,,True,3
489,17,,,False,4
489,18,,,False,3
489,19,,,True,2
489,20,,,True,2
489,21,,,False,5
489,22,,,True,3
489,23,,,False,4
489,24,,,True,3
489,25,,,False,3
489,26,,,True,4
489,27,,,False,3
489,28,,,True,2
489,29,,,False,3
489,30,,,True,3
489,31,,,False,3
489,32,,,True,4
489,33,,,True,2
489,34,,,False,3
489,35,,,True,3
489,36,,,False,5
489,37,,,True,2
489,38,,,False,2
490,2,,,False,4
490,3,,,True,3
490,4,,,False,4
490,5,,,True,2
490,6,,,False,3
490,7,,,True,4
490,8,,,False,2
490,9,,,False,3
490,10,,,True,4
490,11,,,False,3
490,12,,,True,4
490,13,,,False,2
490,14,,,True,2
490,15,,,False,3
490,16,,,True,3
490,17,,,False,4
490,18,,,False,3
490,19,,,True,2
490,20,,,True,2
490,21,,,False,5
490,22,,,True,3
490,23,,,False,4
490,24,,,True,3
490,25,,,False,3
490,26,,,True,4
490,27,,,False,3
490,28,,,True,2
490,29,,,False,3
490,30,,,True,3
490,31,,,False,3
490,32,,,True,4
490,33,,,True,2
490,34,,,False,3
490,35,,,True,3
490,36,,,False,5
490,37,,,True,2
490,38,,,False,2
491,2,,,False,4
491,3,,,True,3
491,4,,,False,4
491,5,,,True,2
491,6,,,False,3
491,7,,,True,4
491,8,,,False,2
491,9,,,False,3
491,10,,,True,4
491,11,,,False,3
491,12,,,True,4
491,13,,,False,2
491,14,,,True,2
491,15,,,False,3
491,16,,,True,3
491,17,,,False,4
491,18,,,False,3
491,19,,,True,2
491,20,,,True,2
491,21,,,False,5
491,22,,,True,3
491,23,,,False,4
491,24,,,True,3
491,25,,,False,3
491,26,,,True,4
491,27,,,False,3
491,28,,,True,2
491,29,,,False,3
491,30,,,True,3
491,31,,,False,3
491,32,,,True,4
491,33,,,True,2
491,34,,,False,3
491,35,,,True,3
491,36,,,False,5
491,37,,,True,2
491,38,,,False,2
493,2,,,False,4
493,3,,,True,3
493,4,,,False,4
493,5,,,True,2
493,6,,,False,3
493,7,,,True,4
493,8,,,False,2
493,9,,,False,3
493,10,,,True,4
493,11,,,False,3
493,12,,,True,4
493,13,,,False,2
493,14,,,True,2
493,15,,,False,3
493,16,,,True,3
493,17,,,False,4
493,18,,,False,3
493,19,,,True,2
493,20,,,True,2
493,21,,,False,5
493,22,,,True,3
493,23,,,False,4
493,24,,,True,3
493,25,,,False,3
493,26,,,True,4
493,27,,,False,3
493,28,,,True,2
493,29,,,False,3
493,30,,,True,3
493,31,,,False,3
493,32,,,True,4
493,33,,,True,2
493,34,,,False,3
493,35,,,True,3
493,36,,,False,5
493,37,,,True,2
493,38,,,False,2
558,2,,,False,4
558,3,,,True,3
558,4,,,False,4
558,5,,,True,2
558,6,,,False,3
558,7,,,True,4
558,8,,,False,2
558,9,,,False,3
558,10,,,True,4
558,11,,,False,3
558,12,,,True,4
558,13,,,False,2
558,14,,,True,2
558,15,,,False,3
558,16,,,True,3
558,17,,,False,4
558,18,,,False,3
558,19,,,True,2
558,20,,,True,2
558,21,,,False,5
558,22,,,True,3
558,23,,,False,4
558,24,,,True,3
558,25,,,False,3
558,26,,,True,4
558,27,,,False,3
558,28,,,True,2
558,29,,,False,3
558,30,,,True,3
558,31,,,False,3
558,32,,,True,4
558,33,,,True,2
558,34,,,False,3
558,35,,,True,3
558,36,,,False,5
558,37,,,True,2
558,38,,,False,2
581,2,,,False,4
581,3,,,True,3
581,4,,,False,4
581,5,,,True,2
581,6,,,False,3
581,7,,,True,4
581,8,,,False,2
581,9,,,False,3
581,10,,,True,4
581,11,,,False,3
581,12,,,True,4
581,13,,,False,2
581,14,,,True,2
581,15,,,False,3
581,16,,,True,3
581,17,,,False,4
581,18,,,False,3
581,19,,,True,2
581,20,,,True,2
581,21,,,False,5
581,22,,,True,3
581,23,,,False,4
581,24,,,True,3
581,25,,,False,3
581,26,,,True,4
581,27,,,False,3
581,28,,,True,2
581,29,,,False,3
581,30,,,True,3
581,31,,,False,3
581,32,,,True,4
581,33,,,True,2
581,34,,,False,3
581,35,,,True,3
581,36,,,False,5
581,37,,,True,2
581,38,,,False,2
590,2,,,False,4
590,3,,,True,3
590,4,,,False,4
590,5,,,True,2
590,6,,,False,3
590,7,,,True,4
590,8,,,False,2
590,9,,,False,3
590,10,,,True,4
590,11,,,False,3
590,12,,,True,4
590,13,,,False,2
590,14,,,True,2
590,15,,,False,3
590,16,,,True,3
590,17,,,False,4
590,18,,,False,3
590,19,,,True,2
590,20,,,True,2
590,21,,,False,5
590,22,,,True,3
590,23,,,False,4
590,24,,,True,3
590,25,,,False,3
590,26,,,True,4
590,27,,,False,3
590,28,,,True,2
590,29,,,False,3
590,30,,,True,3
590,31,,,False,3
590,32,,,True,4
590,33,,,True,2
590,34,,,False,3
590,35,,,True,3
590,36,,,False,5
590,37,,,True,2
590,38,,,False,2
112,2,,,True,2
112,3,,,False,3
112,4,,,True,3
112,5,,,True,3
112,6,,,False,4
112,7,,,True,2
112,8,,,False,4
112,9,,,True,3
112,10,,,False,3
112,11,,,True,2
112,12,,,False,3
112,13,,,True,2
112,14,,,True,4
112,15,,,False,2
112,16,,,False,4
112,17,,,True,3
112,18,,,True,2
112,19,,,False,5
112,20,,,False,3
112,21,,,True,2
112,22,,,False,3
112,23,,,True,2
112,24,,,False,2
112,25,,,True,4
112,26,,,False,3
112,27,,,True,4
112,28,,,False,3
112,29,,,True,3
112,30,,,False,3
112,31,,,True,3
112,32,,,False,3
112,33,,,True,2
112,34,,,False,5
112,35,,,True,4
112,36,,,False,2
112,37,,,True,4
112,38,,,False,4
401,2,,,False,3
401,3,,,True,2
401,4,,,False,4
401,5,,,True,2
401,6,,,False,4
401,7,,,True,2
401,8,,,False,4
401,9,,,True,2
401,10,,,False,3
401,11,,,True,2
401,12,,,False,5
401,13,,,True,2
401,14,,,False,3
401,15,,,True,4
401,16,,,True,2
401,17,,,False,3
401,18,,,False,3
401,19,,,True,3
401,20,,,False,3
401,21,,,True,3
401,22,,,False,3
401,23,,,True,4
401,24,,,False,3
401,25,,,False,3
401,26,,,True,2
401,27,,,False,2
401,28,,,True,3
401,29,,,False,2
401,30,,,True,4
401,31,,,False,3
401,32,,,True,3
401,33,,,False,4
401,34,,,True,3
401,35,,,True,4
401,36,,,False,2
401,37,,,True,3
401,38,,,False,3
403,2,,,False,3
403,3,,,True,2
403,4,,,False,4
403,5,,,True,2
403,6,,,False,4
403,7,,,True,2
403,8,,,False,4
403,9,,,True,2
403,10,,,False,3
403,11,,,True,2
403,12,,,False,5
403,13,,,True,2
403,14,,,False,3
403,15,,,True,4
403,16,,,True,2
403,17,,,False,3
403,18,,,False,3
403,19,,,True,3
403,20,,,False,3
403,21,,,True,3
403,22,,,False,3
403,23,,,True,4
403,24,,,False,3
403,25,,,False,3
403,26,,,True,2
403,27,,,False,2
403,28,,,True,3
403,29,,,False,2
403,30,,,True,4
403,31,,,False,3
403,32,,,True,3
403,33,,,False,4
403,34,,,True,3
403,35,,,True,4
403,36,,,False,2
403,37,,,True,3
403,38,,,False,3
455,2,,,True,2
455,3,,,False,3
455,4,,,True,3
455,5,,,True,3
455,6,,,False,4
455,7,,,True,2
455,8,,,False,4
455,9,,,True,3
455,10,,,False,3
455,11,,,True,2
455,12,,,False,3
455,13,,,True,2
455,14,,,True,4
455,15,,,False,2
455,16,,,False,4
455,17,,,True,3
455,18,,,True,2
455,19,,,False,5
455,20,,,False,3
455,21,,,True,2
455,22,,,False,3
455,23,,,True,2
455,24,,,False,2
455,25,,,True,4
455,26,,,False,3
455,27,,,True,4
455,28,,,False,3
455,29,,,True,3
455,30,,,False,3
455,31,,,True,3
455,32,,,False,3
455,33,,,True,2
455,34,,,False,5
455,35,,,True,4
455,36,,,False,2
455,37,,,True,4
455,38,,,False,4
494,2,,,True,2
494,3,,,False,3
494,4,,,True,3
494,5,,,True,3
494,6,,,False,4
494,7,,,True,2
494,8,,,False,4
494,9,,,True,3
494,10,,,False,3
494,11,,,True,2
494,12,,,False,3
494,13,,,True,2
494,14,,,True,4
494,15,,,False,2
494,16,,,False,4
494,17,,,True,3
494,18,,,True,2
494,19,,,False,5
494,20,,,False,3
494,21,,,True,2
494,22,,,False,3
494,23,,,True,2
494,24,,,False,2
494,25,,,True,4
494,26,,,False,3
494,27,,,True,4
494,28,,,False,3
494,29,,,True,3
494,30,,,False,3
494,31,,,True,3
494,32,,,False,3
494,33,,,True,2
494,34,,,False,5
494,35,,,True,4
494,36,,,False,2
494,37,,,True,4
494,38,,,False,4
495,2,,,True,2
495,3,,,False,3
495,4,,,True,3
495,5,,,True,3
495,6,,,False,4
495,7,,,True,2
495,8,,,False,4
495,9,,,True,3
495,10,,,False,3
495,11,,,True,2
495,12,,,False,3
495,13,,,True,2
495,14,,,True,4
495,15,,,False,2
495,16,,,False,4
495,17,,,True,3
495,18,,,True,2
495,19,,,False,5
495,20,,,False,3
495,21,,,True,2
495,22,,,False,3
495,23,,,True,2
495,24,,,False,2
495,25,,,True,4
495,26,,,False,3
495,27,,,True,4
495,28,,,False,3
495,29,,,True,3
495,30,,,False,3
495,31,,,True,3
495,32,,,False,3
495,33,,,True,2
495,34,,,False,5
495,35,,,True,4
495,36,,,False,2
495,37,,,True,4
495,38,,,False,4
496,2,,,True,2
496,3,,,False,3
496,4,,,True,3
496,5,,,True,3
496,6,,,False,4
496,7,,,True,2
496,8,,,False,4
496,9,,,True,3
496,10,,,False,3
496,11,,,True,2
496,12,,,False,3
496,13,,,True,2
496,14,,,True,4
496,15,,,False,2
496,16,,,False,4
496,17,,,True,3
496,18,,,True,2
496,19,,,False,5
496,20,,,False,3
496,21,,,True,2
496,22,,,False,3
496,23,,,True,2
496,24,,,False,2
496,25,,,True,4
496,26,,,False,3
496,27,,,True,4
496,28,,,False,3
496,29,,,True,3
496,30,,,False,3
496,31,,,True,3
496,32,,,False,3
496,33,,,True,2
496,34,,,False,5
496,35,,,True,4
496,36,,,False,2
496,37,,,True,4
496,38,,,False,4
497,2,,,True,2
497,3,,,False,3
497,4,,,True,3
497,5,,,True,3
497,6,,,False,4
497,7,,,True,2
497,8,,,False,4
497,9,,,True,3
497,10,,,False,3
497,11,,,True,2
497,12,,,False,3
497,13,,,True,2
497,14,,,True,4
497,15,,,False,2
497,16,,,False,4
497,17,,,True,3
497,18,,,True,2
497,19,,,False,5
497,20,,,False,3
497,21,,,True,2
497,22,,,False,3
497,23,,,True,2
497,24,,,False,2
497,25,,,True,4
497,26,,,False,3
497,27,,,True,4
497,28,,,False,3
497,29,,,True,3
497,30,,,False,3
497,31,,,True,3
497,32,,,False,3
497,33,,,True,2
497,34,,,False,5
497,35,,,True,4
497,36,,,False,2
497,37,,,True,4
497,38,,,False,4
498,2,,,True,2
498,3,,,False,3
498,4,,,True,3
498,5,,,True,3
498,6,,,False,4
498,7,,,True,2
498,8,,,False,4
498,9,,,True,3
498,10,,,False,3
498,11,,,True,2
498,12,,,False,3
498,13,,,True,2
498,14,,,True,4
498,15,,,False,2
498,16,,,False,4
498,17,,,True,3
498,18,,,True,2
498,19,,,False,5
498,20,,,False,3
498,21,,,True,2
498,22,,,False,3
498,23,,,True,2
498,24,,,False,2
498,25,,,True,4
498,26,,,False,3
498,27,,,True,4
498,28,,,False,3
498,29,,,True,3
498,30,,,False,3
498,31,,,True,3
498,32,,,False,3
498,33,,,True,2
498,34,,,False,5
498,35,,,True,4
498,36,,,False,2
498,37,,,True,4
498,38,,,False,4
499,2,,,True,2
499,3,,,False,3
499,4,,,True,3
499,5,,,True,3
499,6,,,False,4
499,7,,,True,2
499,8,,,False,4
499,9,,,True,3
499,10,,,False,3
499,11,,,True,2
499,12,,,False,3
499,13,,,True,2
499,14,,,True,4
499,15,,,False,2
499,16,,,False,4
499,17,,,True,3
499,18,,,True,2
499,19,,,False,5
499,20,,,False,3
499,21,,,True,2
499,22,,,False,3
499,23,,,True,2
499,24,,,False,2
499,25,,,True,4
499,26,,,False,3
499,27,,,True,4
499,28,,,False,3
499,29,,,True,3
499,30,,,False,3
499,31,,,True,3
499,32,,,False,3
499,33,,,True,2
499,34,,,False,5
499,35,,,True,4
499,36,,,False,2
499,37,,,True,4
499,38,,,False,4
500,2,,,True,2
500,3,,,False,3
500,4,,,True,3
500,5,,,True,3
500,6,,,False,4
500,7,,,True,2
500,8,,,False,4
500,9,,,True,3
500,10,,,False,3
500,11,,,True,2
500,12,,,False,3
500,13,,,True,2
500,14,,,True,4
500,15,,,False,2
500,16,,,False,4
500,17,,,True,3
500,18,,,True,2
500,19,,,False,5
500,20,,,False,3
500,21,,,True,2
500,22,,,False,3
500,23,,,True,2
500,24,,,False,2
500,25,,,True,4
500,26,,,False,3
500,27,,,True,4
500,28,,,False,3
500,29,,,True,3
500,30,,,False,3
500,31,,,True,3
500,32,,,False,3
500,33,,,True,2
500,34,,,False,5
500,35,,,True,4
500,36,,,False,2
500,37,,,True,4
500,38,,,False,4
501,2,,,True,2
501,3,,,False,3
501,4,,,True,3
501,5,,,True,3
501,6,,,False,4
501,7,,,True,2
501,8,,,False,4
501,9,,,True,3
501,10,,,False,3
501,11,,,True,2
501,12,,,False,3
501,13,,,True,2
501,14,,,True,4
501,15,,,False,2
501,16,,,False,4
501,17,,,True,3
501,18,,,True,2
501,19,,,False,5
501,20,,,False,3
501,21,,,True,2
501,22,,,False,3
501,23,,,True,2
501,24,,,False,2
501,25,,,True,4
501,26,,,False,3
501,27,,,True,4
501,28,,,False,3
501,29,,,True,3
501,30,,,False,3
501,31,,,True,3
501,32,,,False,3
501,33,,,True,2
501,34,,,False,5
501,35,,,True,4
501,36,,,False,2
501,37,,,True,4
501,38,,,False,4
502,2,,,True,2
502,3,,,False,3
502,4,,,True,3
502,5,,,True,3
502,6,,,False,4
502,7,,,True,2
502,8,,,False,4
502,9,,,True,3
502,10,,,False,3
502,11,,,True,2
502,12,,,False,3
502,13,,,True,2
502,14,,,True,4
502,15,,,False,2
502,16,,,False,4
502,17,,,True,3
502,18,,,True,2
502,19,,,False,5
502,20,,,False,3
502,21,,,True,2
502,22,,,False,3
502,23,,,True,2
502,24,,,False,2
502,25,,,True,4
502,26,,,False,3
502,27,,,True,4
502,28,,,False,3
502,29,,,True,3
502,30,,,False,3
502,31,,,True,3
502,32,,,False,3
502,33,,,True,2
502,34,,,False,5
502,35,,,True,4
502,36,,,False,2
502,37,,,True,4
502,38,,,False,4
503,2,,,True,2
503,3,,,False,3
503,4,,,True,3
503,5,,,True,3
503,6,,,False,4
503,7,,,True,2
503,8,,,False,4
503,9,,,True,3
503,10,,,False,3
503,11,,,True,2
503,12,,,False,3
503,13,,,True,2
503,14,,,True,4
503,15,,,False,2
503,16,,,False,4
503,17,,,True,3
503,18,,,True,2
503,19,,,False,5
503,20,,,False,3
503,21,,,True,2
503,22,,,False,3
503,23,,,True,2
503,24,,,False,2
503,25,,,True,4
503,26,,,False,3
503,27,,,True,4
503,28,,,False,3
503,29,,,True,3
503,30,,,False,3
503,31,,,True,3
503,32,,,False,3
503,33,,,True,2
503,34,,,False,5
503,35,,,True,4
503,36,,,False,2
503,37,,,True,4
503,38,,,False,4
505,2,,,True,2
505,3,,,False,3
505,4,,,True,3
505,5,,,True,3
505,6,,,False,4
505,7,,,True,2
505,8,,,False,4
505,9,,,True,3
505,10,,,False,3
505,11,,,True,2
505,12,,,False,3
505,13,,,True,2
505,14,,,True,4
505,15,,,False,2
505,16,,,False,4
505,17,,,True,3
505,18,,,True,2
505,19,,,False,5
505,20,,,False,3
505,21,,,True,2
505,22,,,False,3
505,23,,,True,2
505,24,,,False,2
505,25,,,True,4
505,26,,,False,3
505,27,,,True,4
505,28,,,False,3
505,29,,,True,3
505,30,,,False,3
505,31,,,True,3
505,32,,,False,3
505,33,,,True,2
505,34,,,False,5
505,35,,,True,4
505,36,,,False,2
505,37,,,True,4
505,38,,,False,4
506,2,,,True,2
506,3,,,False,3
506,4,,,True,3
506,5,,,True,3
506,6,,,False,4
506,7,,,True,2
506,8,,,False,4
506,9,,,True,3
506,10,,,False,3
506,11,,,True,2
506,12,,,False,3
506,13,,,True,2
506,14,,,True,4
506,15,,,False,2
506,16,,,False,4
506,17,,,True,3
506,18,,,True,2
506,19,,,False,5
506,20,,,False,3
506,21,,,True,2
506,22,,,False,3
506,23,,,True,2
506,24,,,False,2
506,25,,,True,4
506,26,,,False,3
506,27,,,True,4
506,28,,,False,3
506,29,,,True,3
506,30,,,False,3
506,31,,,True,3
506,32,,,False,3
506,33,,,True,2
506,34,,,False,5
506,35,,,True,4
506,36,,,False,2
506,37,,,True,4
506,38,,,False,4
507,2,,,True,2
507,3,,,False,3
507,4,,,True,3
507,5,,,True,3
507,6,,,False,4
507,7,,,True,2
507,8,,,False,4
507,9,,,True,3
507,10,,,False,3
507,11,,,True,2
507,12,,,False,3
507,13,,,True,2
507,14,,,True,4
507,15,,,False,2
507,16,,,False,4
507,17,,,True,3
507,18,,,True,2
507,19,,,False,5
507,20,,,False,3
507,21,,,True,2
507,22,,,False,3
507,23,,,True,2
507,24,,,False,2
507,25,,,True,4
507,26,,,False,3
507,27,,,True,4
507,28,,,False,3
507,29,,,True,3
507,30,,,False,3
507,31,,,True,3
507,32,,,False,3
507,33,,,True,2
507,34,,,False,5
507,35,,,True,4
507,36,,,False,2
507,37,,,True,4
507,38,,,False,4
508,2,,,True,2
508,3,,,False,3
508,4,,,True,3
508,5,,,True,3
508,6,,,False,4
508,7,,,True,2
508,8,,,False,4
508,9,,,True,3
508,10,,,False,3
508,11,,,True,2
508,12,,,False,3
508,13,,,True,2
508,14,,,True,4
508,15,,,False,2
508,16,,,False,4
508,17,,,True,3
508,18,,,True,2
508,19,,,False,5
508,20,,,False,3
508,21,,,True,2
508,22,,,False,3
508,23,,,True,2
508,24,,,False,2
508,25,,,True,4
508,26,,,False,3
508,27,,,True,4
508,28,,,False,3
508,29,,,True,3
508,30,,,False,3
508,31,,,True,3
508,32,,,False,3
508,33,,,True,2
508,34,,,False,5
508,35,,,True,4
508,36,,,False,2
508,37,,,True,4
508,38,,,False,4
509,2,,,True,2
509,3,,,False,3
509,4,,,True,3
509,5,,,True,3
509,6,,,False,4
509,7,,,True,2
509,8,,,False,4
509,9,,,True,3
509,10,,,False,3
509,11,,,True,2
509,12,,,False,3
509,13,,,True,2
509,14,,,True,4
509,15,,,False,2
509,16,,,False,4
509,17,,,True,3
509,18,,,True,2
509,19,,,False,5
509,20,,,False,3
509,21,,,True,2
509,22,,,False,3
509,23,,,True,2
509,24,,,False,2
509,25,,,True,4
509,26,,,False,3
509,27,,,True,4
509,28,,,False,3
509,29,,,True,3
509,30,,,False,3
509,31,,,True,3
509,32,,,False,3
509,33,,,True,2
509,34,,,False,5
509,35,,,True,4
509,36,,,False,2
509,37,,,True,4
509,38,,,False,4
510,2,,,True,2
510,3,,,False,3
510,4,,,True,3
510,5,,,True,3
510,6,,,False,4
510,7,,,True,2
510,8,,,False,4
510,9,,,True,3
510,10,,,False,3
510,11,,,True,2
510,12,,,False,3
510,13,,,True,2
510,14,,,True,4
510,15,,,False,2
510,16,,,False,4
510,17,,,True,3
510,18,,,True,2
510,19,,,False,5
510,20,,,False,3
510,21,,,True,2
510,22,,,False,3
510,23,,,True,2
510,24,,,False,2
510,25,,,True,4
510,26,,,False,3
510,27,,,True,4
510,28,,,False,3
510,29,,,True,3
510,30,,,False,3
510,31,,,True,3
510,32,,,False,3
510,33,,,True,2
510,34,,,False,5
510,35,,,True,4
510,36,,,False,2
510,37,,,True,4
510,38,,,False,4
511,2,,,True,2
511,3,,,False,3
511,4,,,True,3
511,5,,,True,3
511,6,,,False,4
511,7,,,True,2
511,8,,,False,4
511,9,,,True,3
511,10,,,False,3
511,11,,,True,2
511,12,,,False,3
511,13,,,True,2
511,14,,,True,4
511,15,,,False,2
511,16,,,False,4
511,17,,,True,3
511,18,,,True,2
511,19,,,False,5
511,20,,,False,3
511,21,,,True,2
511,22,,,False,3
511,23,,,True,2
511,24,,,False,2
511,25,,,True,4
511,26,,,False,3
511,27,,,True,4
511,28,,,False,3
511,29,,,True,3
511,30,,,False,3
511,31,,,True,3
511,32,,,False,3
511,33,,,True,2
511,34,,,False,5
511,35,,,True,4
511,36,,,False,2
511,37,,,True,4
511,38,,,False,4
512,2,,,True,2
512,3,,,False,3
512,4,,,True,3
512,5,,,True,3
512,6,,,False,4
512,7,,,True,2
512,8,,,False,4
512,9,,,True,3
512,10,,,False,3
512,11,,,True,2
512,12,,,False,3
512,13,,,True,2
512,14,,,True,4
512,15,,,False,2
512,16,,,False,4
512,17,,,True,3
512,18,,,True,2
512,19,,,False,5
512,20,,,False,3
512,21,,,True,2
512,22,,,False,3
512,23,,,True,2
512,24,,,False,2
512,25,,,True,4
512,26,,,False,3
512,27,,,True,4
512,28,,,False,3
512,29,,,True,3
512,30,,,False,3
512,31,,,True,3
512,32,,,False,3
512,33,,,True,2
512,34,,,False,5
512,35,,,True,4
512,36,,,False,2
512,37,,,True,4
512,38,,,False,4
513,2,,,True,2
513,3,,,False,3
513,4,,,True,3
513,5,,,True,3
513,6,,,False,4
513,7,,,True,2
513,8,,,False,4
513,9,,,True,3
513,10,,,False,3
513,11,,,True,2
513,12,,,False,3
513,13,,,True,2
513,14,,,True,4
513,15,,,False,2
513,16,,,False,4
513,17,,,True,3
513,18,,,True,2
513,19,,,False,5
513,20,,,False,3
513,21,,,True,2
513,22,,,False,3
513,23,,,True,2
513,24,,,False,2
513,25,,,True,4
513,26,,,False,3
513,27,,,True,4
513,28,,,False,3
513,29,,,True,3
513,30,,,False,3
513,31,,,True,3
513,32,,,False,3
513,33,,,True,2
513,34,,,False,5
513,35,,,True,4
513,36,,,False,2
513,37,,,True,4
513,38,,,False,4
514,2,,,True,2
514,3,,,False,3
514,4,,,True,3
514,5,,,True,3
514,6,,,False,4
514,7,,,True,2
514,8,,,False,4
514,9,,,True,3
514,10,,,False,3
514,11,,,True,2
514,12,,,False,3
514,13,,,True,2
514,14,,,True,4
514,15,,,False,2
514,16,,,False,4
514,17,,,True,3
514,18,,,True,2
514,19,,,False,5
514,20,,,False,3
514,21,,,True,2
514,22,,,False,3
514,23,,,True,2
514,24,,,False,2
514,25,,,True,4
514,26,,,False,3
514,27,,,True,4
514,28,,,False,3
514,29,,,True,3
514,30,,,False,3
514,31,,,True,3
514,32,,,False,3
514,33,,,True,2
514,34,,,False,5
514,35,,,True,4
514,36,,,False,2
514,37,,,True,4
514,38,,,False,4
515,2,,,True,2
515,3,,,False,3
515,4,,,True,3
515,5,,,True,3
515,6,,,False,4
515,7,,,True,2
515,8,,,False,4
515,9,,,True,3
515,10,,,False,3
515,11,,,True,2
515,12,,,False,3
515,13,,,True,2
515,14,,,True,4
515,15,,,False,2
515,16,,,False,4
515,17,,,True,3
515,18,,,True,2
515,19,,,False,5
515,20,,,False,3
515,21,,,True,2
515,22,,,False,3
515,23,,,True,2
515,24,,,False,2
515,25,,,True,4
515,26,,,False,3
515,27,,,True,4
515,28,,,False,3
515,29,,,True,3
515,30,,,False,3
515,31,,,True,3
515,32,,,False,3
515,33,,,True,2
515,34,,,False,5
515,35,,,True,4
515,36,,,False,2
515,37,,,True,4
515,38,,,False,4
516,2,,,True,2
516,3,,,False,3
516,4,,,True,3
516,5,,,True,3
516,6,,,False,4
516,7,,,True,2
516,8,,,False,4
516,9,,,True,3
516,10,,,False,3
516,11,,,True,2
516,12,,,False,3
516,13,,,True,2
516,14,,,True,4
516,15,,,False,2
516,16,,,False,4
516,17,,,True,3
516,18,,,True,2
516,19,,,False,5
516,20,,,False,3
516,21,,,True,2
516,22,,,False,3
516,23,,,True,2
516,24,,,False,2
516,25,,,True,4
516,26,,,False,3
516,27,,,True,4
516,28,,,False,3
516,29,,,True,3
516,30,,,False,3
516,31,,,True,3
516,32,,,False,3
516,33,,,True,2
516,34,,,False,5
516,35,,,True,4
516,36,,,False,2
516,37,,,True,4
516,38,,,False,4
517,2,,,True,2
517,3,,,False,3
517,4,,,True,3
517,5,,,True,3
517,6,,,False,4
517,7,,,True,2
517,8,,,False,4
517,9,,,True,3
517,10,,,False,3
517,11,,,True,2
517,12,,,False,3
517,13,,,True,2
517,14,,,True,4
517,15,,,False,2
517,16,,,False,4
517,17,,,True,3
517,18,,,True,2
517,19,,,False,5
517,20,,,False,3
517,21,,,True,2
517,22,,,False,3
517,23,,,True,2
517,24,,,False,2
517,25,,,True,4
517,26,,,False,3
517,27,,,True,4
517,28,,,False,3
517,29,,,True,3
517,30,,,False,3
517,31,,,True,3
517,32,,,False,3
517,33,,,True,2
517,34,,,False,5
517,35,,,True,4
517,36,,,False,2
517,37,,,True,4
517,38,,,False,4
518,2,,,True,2
518,3,,,False,3
518,4,,,True,3
518,5,,,True,3
518,6,,,False,4
518,7,,,True,2
518,8,,,False,4
518,9,,,True,3
518,10,,,False,3
518,11,,,True,2
518,12,,,False,3
518,13,,,True,2
518,14,,,True,4
518,15,,,False,2
518,16,,,False,4
518,17,,,True,3
518,18,,,True,2
518,19,,,False,5
518,20,,,False,3
518,21,,,True,2
518,22,,,False,3
518,23,,,True,2
518,24,,,False,2
518,25,,,True,4
518,26,,,False,3
518,27,,,True,4
518,28,,,False,3
518,29,,,True,3
518,30,,,False,3
518,31,,,True,3
518,32,,,False,3
518,33,,,True,2
518,34,,,False,5
518,35,,,True,4
518,36,,,False,2
518,37,,,True,4
518,38,,,False,4
519,2,,,True,2
519,3,,,False,3
519,4,,,True,3
519,5,,,True,3
519,6,,,False,4
519,7,,,True,2
519,8,,,False,4
519,9,,,True,3
519,10,,,False,3
519,11,,,True,2
519,12,,,False,3
519,13,,,True,2
519,14,,,True,4
519,15,,,False,2
519,16,,,False,4
519,17,,,True,3
519,18,,,True,2
519,19,,,False,5
519,20,,,False,3
519,21,,,True,2
519,22,,,False,3
519,23,,,True,2
519,24,,,False,2
519,25,,,True,4
519,26,,,False,3
519,27,,,True,4
519,28,,,False,3
519,29,,,True,3
519,30,,,False,3
519,31,,,True,3
519,32,,,False,3
519,33,,,True,2
519,34,,,False,5
519,35,,,True,4
519,36,,,False,2
519,37,,,True,4
519,38,,,False,4
520,2,,,True,2
520,3,,,False,3
520,4,,,True,3
520,5,,,True,3
520,6,,,False,4
520,7,,,True,2
520,8,,,False,4
520,9,,,True,3
520,10,,,False,3
520,11,,,True,2
520,12,,,False,3
520,13,,,True,2
520,14,,,True,4
520,15,,,False,2
520,16,,,False,4
520,17,,,True,3
520,18,,,True,2
520,19,,,False,5
520,20,,,False,3
520,21,,,True,2
520,22,,,False,3
520,23,,,True,2
520,24,,,False,2
520,25,,,True,4
520,26,,,False,3
520,27,,,True,4
520,28,,,False,3
520,29,,,True,3
520,30,,,False,3
520,31,,,True,3
520,32,,,False,3
520,33,,,True,2
520,34,,,False,5
520,35,,,True,4
520,36,,,False,2
520,37,,,True,4
520,38,,,False,4
521,2,,,True,2
521,3,,,False,3
521,4,,,True,3
521,5,,,True,3
521,6,,,False,4
521,7,,,True,2
521,8,,,False,4
521,9,,,True,3
521,10,,,False,3
521,11,,,True,2
521,12,,,False,3
521,13,,,True,2
521,14,,,True,4
521,15,,,False,2
521,16,,,False,4
521,17,,,True,3
521,18,,,True,2
521,19,,,False,5
521,20,,,False,3
521,21,,,True,2
521,22,,,False,3
521,23,,,True,2
521,24,,,False,2
521,25,,,True,4
521,26,,,False,3
521,27,,,True,4
521,28,,,False,3
521,29,,,True,3
521,30,,,False,3
521,31,,,True,3
521,32,,,False,3
521,33,,,True,2
521,34,,,False,5
521,35,,,True,4
521,36,,,False,2
521,37,,,True,4
521,38,,,False,4
522,2,,,True,2
522,3,,,False,3
522,4,,,True,3
522,5,,,True,3
522,6,,,False,4
522,7,,,True,2
522,8,,,False,4
522,9,,,True,3
522,10,,,False,3
522,11,,,True,2
522,12,,,False,3
522,13,,,True,2
522,14,,,True,4
522,15,,,False,2
522,16,,,False,4
522,17,,,True,3
522,18,,,True,2
522,19,,,False,5
522,20,,,False,3
522,21,,,True,2
522,22,,,False,3
522,23,,,True,2
522,24,,,False,2
522,25,,,True,4
522,26,,,False,3
522,27,,,True,4
522,28,,,False,3
522,29,,,True,3
522,30,,,False,3
522,31,,,True,3
522,32,,,False,3
522,33,,,True,2
522,34,,,False,5
522,35,,,True,4
522,36,,,False,2
522,37,,,True,4
522,38,,,False,4
523,2,,,True,2
523,3,,,False,3
523,4,,,True,3
523,5,,,True,3
523,6,,,False,4
523,7,,,True,2
523,8,,,False,4
523,9,,,True,3
523,10,,,False,3
523,11,,,True,2
523,12,,,False,3
523,13,,,True,2
523,14,,,True,4
523,15,,,False,2
523,16,,,False,4
523,17,,,True,3
523,18,,,True,2
523,19,,,False,5
523,20,,,False,3
523,21,,,True,2
523,22,,,False,3
523,23,,,True,2
523,24,,,False,2
523,25,,,True,4
523,26,,,False,3
523,27,,,True,4
523,28,,,False,3
523,29,,,True,3
523,30,,,False,3
523,31,,,True,3
523,32,,,False,3
523,33,,,True,2
523,34,,,False,5
523,35,,,True,4
523,36,,,False,2
523,37,,,True,4
523,38,,,False,4
524,2,,,True,2
524,3,,,False,3
524,4,,,True,3
524,5,,,True,3
524,6,,,False,4
524,7,,,True,2
524,8,,,False,4
524,9,,,True,3
524,10,,,False,3
524,11,,,True,2
524,12,,,False,3
524,13,,,True,2
524,14,,,True,4
524,15,,,False,2
524,16,,,False,4
524,17,,,True,3
524,18,,,True,2
524,19,,,False,5
524,20,,,False,3
524,21,,,True,2
524,22,,,False,3
524,23,,,True,2
524,24,,,False,2
524,25,,,True,4
524,26,,,False,3
524,27,,,True,4
524,28,,,False,3
524,29,,,True,3
524,30,,,False,3
524,31,,,True,3
524,32,,,False,3
524,33,,,True,2
524,34,,,False,5
524,35,,,True,4
524,36,,,False,2
524,37,,,True,4
524,38,,,False,4
525,2,,,True,2
525,3,,,False,3
525,4,,,True,3
525,5,,,True,3
525,6,,,False,4
525,7,,,True,2
525,8,,,False,4
525,9,,,True,3
525,10,,,False,3
525,11,,,True,2
525,12,,,False,3
525,13,,,True,2
525,14,,,True,4
525,15,,,False,2
525,16,,,False,4
525,17,,,True,3
525,18,,,True,2
525,19,,,False,5
525,20,,,False,3
525,21,,,True,2
525,22,,,False,3
525,23,,,True,2
525,24,,,False,2
525,25,,,True,4
525,26,,,False,3
525,27,,,True,4
525,28,,,False,3
525,29,,,True,3
525,30,,,False,3
525,31,,,True,3
525,32,,,False,3
525,33,,,True,2
525,34,,,False,5
525,35,,,True,4
525,36,,,False,2
525,37,,,True,4
525,38,,,False,4
526,2,,,True,2
526,3,,,False,3
526,4,,,True,3
526,5,,,True,3
526,6,,,False,4
526,7,,,True,2
526,8,,,False,4
526,9,,,True,3
526,10,,,False,3
526,11,,,True,2
526,12,,,False,3
526,13,,,True,2
526,14,,,True,4
526,15,,,False,2
526,16,,,False,4
526,17,,,True,3
526,18,,,True,2
526,19,,,False,5
526,20,,,False,3
526,21,,,True,2
526,22,,,False,3
526,23,,,True,2
526,24,,,False,2
526,25,,,True,4
526,26,,,False,3
526,27,,,True,4
526,28,,,False,3
526,29,,,True,3
526,30,,,False,3
526,31,,,True,3
526,32,,,False,3
526,33,,,True,2
526,34,,,False,5
526,35,,,True,4
526,36,,,False,2
526,37,,,True,4
526,38,,,False,4
527,2,,,True,2
527,3,,,False,3
527,4,,,True,3
527,5,,,True,3
527,6,,,False,4
527,7,,,True,2
527,8,,,False,4
527,9,,,True,3
527,10,,,False,3
527,11,,,True,2
527,12,,,False,3
527,13,,,True,2
527,14,,,True,4
527,15,,,False,2
527,16,,,False,4
527,17,,,True,3
527,18,,,True,2
527,19,,,False,5
527,20,,,False,3
527,21,,,True,2
527,22,,,False,3
527,23,,,True,2
527,24,,,False,2
527,25,,,True,4
527,26,,,False,3
527,27,,,True,4
527,28,,,False,3
527,29,,,True,3
527,30,,,False,3
527,31,,,True,3
527,32,,,False,3
527,33,,,True,2
527,34,,,False,5
527,35,,,True,4
527,36,,,False,2
527,37,,,True,4
527,38,,,False,4
528,2,,,True,2
528,3,,,False,3
528,4,,,True,3
528,5,,,True,3
528,6,,,False,4
528,7,,,True,2
528,8,,,False,4
528,9,,,True,3
528,10,,,False,3
528,11,,,True,2
528,12,,,False,3
528,13,,,True,2
528,14,,,True,4
528,15,,,False,2
528,16,,,False,4
528,17,,,True,3
528,18,,,True,2
528,19,,,False,5
528,20,,,False,3
528,21,,,True,2
528,22,,,False,3
528,23,,,True,2
528,24,,,False,2
528,25,,,True,4
528,26,,,False,3
528,27,,,True,4
528,28,,,False,3
528,29,,,True,3
528,30,,,False,3
528,31,,,True,3
528,32,,,False,3
528,33,,,True,2
528,34,,,False,5
528,35,,,True,4
528,36,,,False,2
528,37,,,True,4
528,38,,,False,4
601,2,,,True,2
601,3,,,False,3
601,4,,,True,3
601,5,,,True,3
601,6,,,False,4
601,7,,,True,2
601,8,,,False,4
601,9,,,True,3
601,10,,,False,3
601,11,,,True,2
601,12,,,False,3
601,13,,,True,2
601,14,,,True,4
601,15,,,False,2
601,16,,,False,4
601,17,,,True,3
601,18,,,True,2
601,19,,,False,5
601,20,,,False,3
601,21,,,True,2
601,22,,,False,3
601,23,,,True,2
601,24,,,False,2
601,25,,,True,4
601,26,,,False,3
601,27,,,True,4
601,28,,,False,3
601,29,,,True,3
601,30,,,False,3
601,31,,,True,3
601,32,,,False,3
601,33,,,True,2
601,34,,,False,5
601,35,,,True,4
601,36,,,False,2
601,37,,,True,4
601,38,,,False,4
529,2,,,True,2
529,3,,,False,3
529,4,,,True,4
529,5,,,False,5
529,6,,,True,2
529,7,,,False,3
529,8,,,True,2
529,9,,,False,2
529,10,,,True,4
529,11,,,False,4
529,12,,,True,3
529,13,,,False,4
529,14,,,False,3
529,15,,,True,3
529,16,,,True,3
529,17,,,False,3
529,18,,,False,4
529,19,,,True,2
529,20,,,True,4
529,21,,,False,4
529,22,,,True,2
529,23,,,False,3
529,24,,,True,3
529,25,,,False,2
529,26,,,True,3
529,27,,,False,3
529,28,,,True,4
529,29,,,True,3
529,30,,,False,5
529,31,,,True,2
529,32,,,False,3
529,33,,,False,3
529,34,,,True,2
529,35,,,False,3
529,36,,,True,3
529,37,,,False,3
529,38,,,True,4
530,2,,,True,2
530,3,,,False,3
530,4,,,True,4
530,5,,,False,5
530,6,,,True,2
530,7,,,False,3
530,8,,,True,2
530,9,,,False,2
530,10,,,True,4
530,11,,,False,4
530,12,,,True,3
530,13,,,False,4
530,14,,,False,3
530,15,,,True,3
530,16,,,True,3
530,17,,,False,3
530,18,,,False,4
530,19,,,True,2
530,20,,,True,4
530,21,,,False,4
530,22,,,True,2
530,23,,,False,3
530,24,,,True,3
530,25,,,False,2
530,26,,,True,3
530,27,,,False,3
530,28,,,True,4
530,29,,,True,3
530,30,,,False,5
530,31,,,True,2
530,32,,,False,3
530,33,,,False,3
530,34,,,True,2
530,35,,,False,3
530,36,,,True,3
530,37,,,False,3
530,38,,,True,4
531,2,,,True,2
531,3,,,False,3
531,4,,,True,4
531,5,,,False,5
531,6,,,True,2
531,7,,,False,3
531,8,,,True,2
531,9,,,False,2
531,10,,,True,4
531,11,,,False,4
531,12,,,True,3
531,13,,,False,4
531,14,,,False,3
531,15,,,True,3
531,16,,,True,3
531,17,,,False,3
531,18,,,False,4
531,19,,,True,2
531,20,,,True,4
531,21,,,False,4
531,22,,,True,2
531,23,,,False,3
531,24,,,True,3
531,25,,,False,2
531,26,,,True,3
531,27,,,False,3
531,28,,,True,4
531,29,,,True,3
531,30,,,False,5
531,31,,,True,2
531,32,,,False,3
531,33,,,False,3
531,34,,,True,2
531,35,,,False,3
531,36,,,True,3
531,37,,,False,3
531,38,,,True,4
532,2,,,True,2
532,3,,,False,3
532,4,,,True,4
532,5,,,False,5
532,6,,,True,2
532,7,,,False,3
532,8,,,True,2
532,9,,,False,2
532,10,,,True,4
532,11,,,False,4
532,12,,,True,3
532,13,,,False,4
532,14,,,False,3
532,15,,,True,3
532,16,,,True,3
532,17,,,False,3
532,18,,,False,4
532,19,,,True,2
532,20,,,True,4
532,21,,,False,4
532,22,,,True,2
532,23,,,False,3
532,24,,,True,3
532,25,,,False,2
532,26,,,True,3
532,27,,,False,3
532,28,,,True,4
532,29,,,True,3
532,30,,,False,5
532,31,,,True,2
532,32,,,False,3
532,33,,,False,3
532,34,,,True,2
532,35,,,False,3
532,36,,,True,3
532,37,,,False,3
532,38,,,True,4
533,2,,,True,2
533,3,,,False,3
533,4,,,True,4
533,5,,,False,5
533,6,,,True,2
533,7,,,False,3
533,8,,,True,2
533,9,,,False,2
533,10,,,True,4
533,11,,,False,4
533,12,,,True,3
533,13,,,False,4
533,14,,,False,3
533,15,,,True,3
533,16,,,True,3
533,17,,,False,3
533,18,,,False,4
533,19,,,True,2
533,20,,,True,4
533,21,,,False,4
533,22,,,True,2
533,23,,,False,3
533,24,,,True,3
533,25,,,False,2
533,26,,,True,3
533,27,,,False,3
533,28,,,True,4
533,29,,,True,3
533,30,,,False,5
533,31,,,True,2
533,32,,,False,3
533,33,,,False,3
533,34,,,True,2
533,35,,,False,3
533,36,,,True,3
533,37,,,False,3
533,38,,,True,4
534,2,,,True,2
534,3,,,False,3
534,4,,,True,4
534,5,,,False,5
534,6,,,True,2
534,7,,,False,3
534,8,,,True,2
534,9,,,False,2
534,10,,,True,4
534,11,,,False,4
534,12,,,True,3
534,13,,,False,4
534,14,,,False,3
534,15,,,True,3
534,16,,,True,3
534,17,,,False,3
534,18,,,False,4
534,19,,,True,2
534,20,,,True,4
534,21,,,False,4
534,22,,,True,2
534,23,,,False,3
534,24,,,True,3
534,25,,,False,2
534,26,,,True,3
534,27,,,False,3
534,28,,,True,4
534,29,,,True,3
534,30,,,False,5
534,31,,,True,2
534,32,,,False,3
534,33,,,False,3
534,34,,,True,2
534,35,,,False,3
534,36,,,True,3
534,37,,,False,3
534,38,,,True,4
535,2,,,True,2
535,3,,,False,3
535,4,,,True,4
535,5,,,False,5
535,6,,,True,2
535,7,,,False,3
535,8,,,True,2
535,9,,,False,2
535,10,,,True,4
535,11,,,False,4
535,12,,,True,3
535,13,,,False,4
535,14,,,False,3
535,15,,,True,3
535,16,,,True,3
535,17,,,False,3
535,18,,,False,4
535,19,,,True,2
535,20,,,True,4
535,21,,,False,4
535,22,,,True,2
535,23,,,False,3
535,24,,,True,3
535,25,,,False,2
535,26,,,True,3
535,27,,,False,3
535,28,,,True,4
535,29,,,True,3
535,30,,,False,5
535,31,,,True,2
535,32,,,False,3
535,33,,,False,3
535,34,,,True,2
535,35,,,False,3
535,36,,,True,3
535,37,,,False,3
535,38,,,True,4
536,2,,,True,2
536,3,,,False,3
536,4,,,True,4
536,5,,,False,5
536,6,,,True,2
536,7,,,False,3
536,8,,,True,2
536,9,,,False,2
536,10,,,True,4
536,11,,,False,4
536,12,,,True,3
536,13,,,False,4
536,14,,,False,3
536,15,,,True,3
536,16,,,True,3
536,17,,,False,3
536,18,,,False,4
536,19,,,True,2
536,20,,,True,4
536,21,,,False,4
536,22,,,True,2
536,23,,,False,3
536,24,,,True,3
536,25,,,False,2
536,26,,,True,3
536,27,,,False,3
536,28,,,True,4
536,29,,,True,3
536,30,,,False,5
536,31,,,True,2
536,32,,,False,3
536,33,,,False,3
536,34,,,True,2
536,35,,,False,3
536,36,,,True,3
536,37,,,False,3
536,38,,,True,4
537,2,,,True,2
537,3,,,False,3
537,4,,,True,4
537,5,,,False,5
537,6,,,True,2
537,7,,,False,3
537,8,,,True,2
537,9,,,False,2
537,10,,,True,4
537,11,,,False,4
537,12,,,True,3
537,13,,,False,4
537,14,,,False,3
537,15,,,True,3
537,16,,,True,3
537,17,,,False,3
537,18,,,False,4
537,19,,,True,2
537,20,,,True,4
537,21,,,False,4
537,22,,,True,2
537,23,,,False,3
537,24,,,True,3
537,25,,,False,2
537,26,,,True,3
537,27,,,False,3
537,28,,,True,4
537,29,,,True,3
537,30,,,False,5
537,31,,,True,2
537,32,,,False,3
537,33,,,False,3
537,34,,,True,2
537,35,,,False,3
537,36,,,True,3
537,37,,,False,3
537,38,,,True,4
538,2,,,True,2
538,3,,,False,3
538,4,,,True,4
538,5,,,False,5
538,6,,,True,2
538,7,,,False,3
538,8,,,True,2
538,9,,,False,2
538,10,,,True,4
538,11,,,False,4
538,12,,,True,3
538,13,,,False,4
538,14,,,False,3
538,15,,,True,3
538,16,,,True,3
538,17,,,False,3
538,18,,,False,4
538,19,,,True,2
538,20,,,True,4
538,21,,,False,4
538,22,,,True,2
538,23,,,False,3
538,24,,,True,3
538,25,,,False,2
538,26,,,True,3
538,27,,,False,3
538,28,,,True,4
538,29,,,True,3
538,30,,,False,5
538,31,,,True,2
538,32,,,False,3
538,33,,,False,3
538,34,,,True,2
538,35,,,False,3
538,36,,,True,3
538,37,,,False,3
538,38,,,True,4
539,2,,,True,2
539,3,,,False,3
539,4,,,True,4
539,5,,,False,5
539,6,,,True,2
539,7,,,False,3
539,8,,,True,2
539,9,,,False,2
539,10,,,True,4
539,11,,,False,4
539,12,,,True,3
539,13,,,False,4
539,14,,,False,3
539,15,,,True,3
539,16,,,True,3
539,17,,,False,3
539,18,,,False,4
539,19,,,True,2
539,20,,,True,4
539,21,,,False,4
539,22,,,True,2
539,23,,,False,3
539,24,,,True,3
539,25,,,False,2
539,26,,,True,3
539,27,,,False,3
539,28,,,True,4
539,29,,,True,3
539,30,,,False,5
539,31,,,True,2
539,32,,,False,3
539,33,,,False,3
539,34,,,True,2
539,35,,,False,3
539,36,,,True,3
539,37,,,False,3
539,38,,,True,4
540,2,,,True,2
540,3,,,False,3
540,4,,,True,4
540,5,,,False,5
540,6,,,True,2
540,7,,,False,3
540,8,,,True,2
540,9,,,False,2
540,10,,,True,4
540,11,,,False,4
540,12,,,True,3
540,13,,,False,4
540,14,,,False,3
540,15,,,True,3
540,16,,,True,3
540,17,,,False,3
540,18,,,False,4
540,19,,,True,2
540,20,,,True,4
540,21,,,False,4
540,22,,,True,2
540,23,,,False,3
540,24,,,True,3
540,25,,,False,2
540,26,,,True,3
540,27,,,False,3
540,28,,,True,4
540,29,,,True,3
540,30,,,False,5
540,31,,,True,2
540,32,,,False,3
540,33,,,False,3
540,34,,,True,2
540,35,,,False,3
540,36,,,True,3
540,37,,,False,3
540,38,,,True,4
541,2,,,True,2
541,3,,,False,3
541,4,,,True,4
541,5,,,False,5
541,6,,,True,2
541,7,,,False,3
541,8,,,True,2
541,9,,,False,2
541,10,,,True,4
541,11,,,False,4
541,12,,,True,3
541,13,,,False,4
541,14,,,False,3
541,15,,,True,3
541,16,,,True,3
541,17,,,False,3
541,18,,,False,4
541,19,,,True,2
541,20,,,True,4
541,21,,,False,4
541,22,,,True,2
541,23,,,False,3
541,24,,,True,3
541,25,,,False,2
541,26,,,True,3
541,27,,,False,3
541,28,,,True,4
541,29,,,True,3
541,30,,,False,5
541,31,,,True,2
541,32,,,False,3
541,33,,,False,3
541,34,,,True,2
541,35,,,False,3
541,36,,,True,3
541,37,,,False,3
541,38,,,True,4
542,2,,,True,2
542,3,,,False,3
542,4,,,True,4
542,5,,,False,5
542,6,,,True,2
542,7,,,False,3
542,8,,,True,2
542,9,,,False,2
542,10,,,True,4
542,11,,,False,4
542,12,,,True,3
542,13,,,False,4
542,14,,,False,3
542,15,,,True,3
542,16,,,True,3
542,17,,,False,3
542,18,,,False,4
542,19,,,True,2
542,20,,,True,4
542,21,,,False,4
542,22,,,True,2
542,23,,,False,3
542,24,,,True,3
542,25,,,False,2
542,26,,,True,3
542,27,,,False,3
542,28,,,True,4
542,29,,,True,3
542,30,,,False,5
542,31,,,True,2
542,32,,,False,3
542,33,,,False,3
542,34,,,True,2
542,35,,,False,3
542,36,,,True,3
542,37,,,False,3
542,38,,,True,4
543,2,,,True,2
543,3,,,False,3
543,4,,,True,4
543,5,,,False,5
543,6,,,True,2
543,7,,,False,3
543,8,,,True,2
543,9,,,False,2
543,10,,,True,4
543,11,,,False,4
543,12,,,True,3
543,13,,,False,4
543,14,,,False,3
543,15,,,True,3
543,16,,,True,3
543,17,,,False,3
543,18,,,False,4
543,19,,,True,2
543,20,,,True,4
543,21,,,False,4
543,22,,,True,2
543,23,,,False,3
543,24,,,True,3
543,25,,,False,2
543,26,,,True,3
543,27,,,False,3
543,28,,,True,4
543,29,,,True,3
543,30,,,False,5
543,31,,,True,2
543,32,,,False,3
543,33,,,False,3
543,34,,,True,2
543,35,,,False,3
543,36,,,True,3
543,37,,,False,3
543,38,,,True,4
544,2,,,True,2
544,3,,,False,3
544,4,,,True,4
544,5,,,False,5
544,6,,,True,2
544,7,,,False,3
544,8,,,True,2
544,9,,,False,2
544,10,,,True,4
544,11,,,False,4
544,12,,,True,3
544,13,,,False,4
544,14,,,False,3
544,15,,,True,3
544,16,,,True,3
544,17,,,False,3
544,18,,,False,4
544,19,,,True,2
544,20,,,True,4
544,21,,,False,4
544,22,,,True,2
544,23,,,False,3
544,24,,,True,3
544,25,,,False,2
544,26,,,True,3
544,27,,,False,3
544,28,,,True,4
544,29,,,True,3
544,30,,,False,5
544,31,,,True,2
544,32,,,False,3
544,33,,,False,3
544,34,,,True,2
544,35,,,False,3
544,36,,,True,3
544,37,,,False,3
544,38,,,True,4
545,2,,,True,2
545,3,,,False,3
545,4,,,True,4
545,5,,,False,5
545,6,,,True,2
545,7,,,False,3
545,8,,,True,2
545,9,,,False,2
545,10,,,True,4
545,11,,,False,4
545,12,,,True,3
545,13,,,False,4
545,14,,,False,3
545,15,,,True,3
545,16,,,True,3
545,17,,,False,3
545,18,,,False,4
545,19,,,True,2
545,20,,,True,4
545,21,,,False,4
545,22,,,True,2
545,23,,,False,3
545,24,,,True,3
545,25,,,False,2
545,26,,,True,3
545,27,,,False,3
545,28,,,True,4
545,29,,,True,3
545,30,,,False,5
545,31,,,True,2
545,32,,,False,3
545,33,,,False,3
545,34,,,True,2
545,35,,,False,3
545,36,,,True,3
545,37,,,False,3
545,38,,,True,4
546,2,,,True,2
546,3,,,False,3
546,4,,,True,4
546,5,,,False,5
546,6,,,True,2
546,7,,,False,3
546,8,,,True,2
546,9,,,False,2
546,10,,,True,4
546,11,,,False,4
546,12,,,True,3
546,13,,,False,4
546,14,,,False,3
546,15,,,True,3
546,16,,,True,3
546,17,,,False,3
546,18,,,False,4
546,19,,,True,2
546,20,,,True,4
546,21,,,False,4
546,22,,,True,2
546,23,,,False,3
546,24,,,True,3
546,25,,,False,2
546,26,,,True,3
546,27,,,False,3
546,28,,,True,4
546,29,,,True,3
546,30,,,False,5
546,31,,,True,2
546,32,,,False,3
546,33,,,False,3
546,34,,,True,2
546,35,,,False,3
546,36,,,True,3
546,37,,,False,3
546,38,,,True,4
547,2,,,True,2
547,3,,,False,3
547,4,,,True,4
547,5,,,False,5
547,6,,,True,2
547,7,,,False,3
547,8,,,True,2
547,9,,,False,2
547,10,,,True,4
547,11,,,False,4
547,12,,,True,3
547,13,,,False,4
547,14,,,False,3
547,15,,,True,3
547,16,,,True,3
547,17,,,False,3
547,18,,,False,4
547,19,,,True,2
547,20,,,True,4
547,21,,,False,4
547,22,,,True,2
547,23,,,False,3
547,24,,,True,3
547,25,,,False,2
547,26,,,True,3
547,27,,,False,3
547,28,,,True,4
547,29,,,True,3
547,30,,,False,5
547,31,,,True,2
547,32,,,False,3
547,33,,,False,3
547,34,,,True,2
547,35,,,False,3
547,36,,,True,3
547,37,,,False,3
547,38,,,True,4
548,2,,,True,2
548,3,,,False,3
548,4,,,True,4
548,5,,,False,5
548,6,,,True,2
548,7,,,False,3
548,8,,,True,2
548,9,,,False,2
548,10,,,True,4
548,11,,,False,4
548,12,,,True,3
548,13,,,False,4
548,14,,,False,3
548,15,,,True,3
548,16,,,True,3
548,17,,,False,3
548,18,,,False,4
548,19,,,True,2
548,20,,,True,4
548,21,,,False,4
548,22,,,True,2
548,23,,,False,3
548,24,,,True,3
548,25,,,False,2
548,26,,,True,3
548,27,,,False,3
548,28,,,True,4
548,29,,,True,3
548,30,,,False,5
548,31,,,True,2
548,32,,,False,3
548,33,,,False,3
548,34,,,True,2
548,35,,,False,3
548,36,,,True,3
548,37,,,False,3
548,38,,,True,4
549,2,,,True,2
549,3,,,False,3
549,4,,,True,4
549,5,,,False,5
549,6,,,True,2
549,7,,,False,3
549,8,,,True,2
549,9,,,False,2
549,10,,,True,4
549,11,,,False,4
549,12,,,True,3
549,13,,,False,4
549,14,,,False,3
549,15,,,True,3
549,16,,,True,3
549,17,,,False,3
549,18,,,False,4
549,19,,,True,2
549,20,,,True,4
549,21,,,False,4
549,22,,,True,2
549,23,,,False,3
549,24,,,True,3
549,25,,,False,2
549,26,,,True,3
549,27,,,False,3
549,28,,,True,4
549,29,,,True,3
549,30,,,False,5
549,31,,,True,2
549,32,,,False,3
549,33,,,False,3
549,34,,,True,2
549,35,,,False,3
549,36,,,True,3
549,37,,,False,3
549,38,,,True,4
550,2,,,True,2
550,3,,,False,3
550,4,,,True,4
550,5,,,False,5
550,6,,,True,2
550,7,,,False,3
550,8,,,True,2
550,9,,,False,2
550,10,,,True,4
550,11,,,False,4
550,12,,,True,3
550,13,,,False,4
550,14,,,False,3
550,15,,,True,3
550,16,,,True,3
550,17,,,False,3
550,18,,,False,4
550,19,,,True,2
550,20,,,True,4
550,21,,,False,4
550,22,,,True,2
550,23,,,False,3
550,24,,,True,3
550,25,,,False,2
550,26,,,True,3
550,27,,,False,3
550,28,,,True,4
550,29,,,True,3
550,30,,,False,5
550,31,,,True,2
550,32,,,False,3
550,33,,,False,3
550,34,,,True,2
550,35,,,False,3
550,36,,,True,3
550,37,,,False,3
550,38,,,True,4
551,2,,,True,2
551,3,,,False,3
551,4,,,True,4
551,5,,,False,5
551,6,,,True,2
551,7,,,False,3
551,8,,,True,2
551,9,,,False,2
551,10,,,True,4
551,11,,,False,4
551,12,,,True,3
551,13,,,False,4
551,14,,,False,3
551,15,,,True,3
551,16,,,True,3
551,17,,,False,3
551,18,,,False,4
551,19,,,True,2
551,20,,,True,4
551,21,,,False,4
551,22,,,True,2
551,23,,,False,3
551,24,,,True,3
551,25,,,False,2
551,26,,,True,3
551,27,,,False,3
551,28,,,True,4
551,29,,,True,3
551,30,,,False,5
551,31,,,True,2
551,32,,,False,3
551,33,,,False,3
551,34,,,True,2
551,35,,,False,3
551,36,,,True,3
551,37,,,False,3
551,38,,,True,4
552,2,,,True,2
552,3,,,False,3
552,4,,,True,4
552,5,,,False,5
552,6,,,True,2
552,7,,,False,3
552,8,,,True,2
552,9,,,False,2
552,10,,,True,4
552,11,,,False,4
552,12,,,True,3
552,13,,,False,4
552,14,,,False,3
552,15,,,True,3
552,16,,,True,3
552,17,,,False,3
552,18,,,False,4
552,19,,,True,2
552,20,,,True,4
552,21,,,False,4
552,22,,,True,2
552,23,,,False,3
552,24,,,True,3
552,25,,,False,2
552,26,,,True,3
552,27,,,False,3
552,28,,,True,4
552,29,,,True,3
552,30,,,False,5
552,31,,,True,2
552,32,,,False,3
552,33,,,False,3
552,34,,,True,2
552,35,,,False,3
552,36,,,True,3
552,37,,,False,3
552,38,,,True,4
553,2,,,True,2
553,3,,,False,3
553,4,,,True,4
553,5,,,False,5
553,6,,,True,2
553,7,,,False,3
553,8,,,True,2
553,9,,,False,2
553,10,,,True,4
553,11,,,False,4
553,12,,,True,3
553,13,,,False,4
553,14,,,False,3
553,15,,,True,3
553,16,,,True,3
553,17,,,False,3
553,18,,,False,4
553,19,,,True,2
553,20,,,True,4
553,21,,,False,4
553,22,,,True,2
553,23,,,False,3
553,24,,,True,3
553,25,,,False,2
553,26,,,True,3
553,27,,,False,3
553,28,,,True,4
553,29,,,True,3
553,30,,,False,5
553,31,,,True,2
553,32,,,False,3
553,33,,,False,3
553,34,,,True,2
553,35,,,False,3
553,36,,,True,3
553,37,,,False,3
553,38,,,True,4
612,2,,,True,2
612,3,,,False,3
612,4,,,True,4
612,5,,,False,5
612,6,,,True,2
612,7,,,False,3
612,8,,,True,2
612,9,,,False,2
612,10,,,True,4
612,11,,,False,4
612,12,,,True,3
612,13,,,False,4
612,14,,,False,3
612,15,,,True,3
612,16,,,True,3
612,17,,,False,3
612,18,,,False,4
612,19,,,True,2
612,20,,,True,4
612,21,,,False,4
612,22,,,True,2
612,23,,,False,3
612,24,,,True,3
612,25,,,False,2
612,26,,,True,3
612,27,,,False,3
612,28,,,True,4
612,29,,,True,3
612,30,,,False,5
612,31,,,True,2
612,32,,,False,3
612,33,,,False,3
612,34,,,True,2
612,35,,,False,3
612,36,,,True,3
612,37,,,False,3
612,38,,,True,4
613,2,,,True,2
613,3,,,False,3
613,4,,,True,4
613,5,,,False,5
613,6,,,True,2
613,7,,,False,3
613,8,,,True,2
613,9,,,False,2
613,10,,,True,4
613,11,,,False,4
613,12,,,True,3
613,13,,,False,4
613,14,,,False,3
613,15,,,True,3
613,16,,,True,3
613,17,,,False,3
613,18,,,False,4
613,19,,,True,2
613,20,,,True,4
613,21,,,False,4
613,22,,,True,2
613,23,,,False,3
613,24,,,True,3
613,25,,,False,2
613,26,,,True,3
613,27,,,False,3
613,28,,,True,4
613,29,,,True,3
613,30,,,False,5
613,31,,,True,2
613,32,,,False,3
613,33,,,False,3
613,34,,,True,2
613,35,,,False,3
613,36,,,True,3
613,37,,,False,3
613,38,,,True,4
